ISO-10303-21;
HEADER;
/* Generated by software containing ST-Developer
 * from STEP Tools, Inc. (www.steptools.com) 
 */

FILE_DESCRIPTION(
/* description */ (''),
/* implementation_level */ '2;1');

FILE_NAME(
/* name */ '80x10 wheel v4.step',
/* time_stamp */ '2026-04-30T11:04:42+01:00',
/* author */ (''),
/* organization */ (''),
/* preprocessor_version */ 'ST-DEVELOPER v20.1',
/* originating_system */ 'Autodesk Translation Framework v14.24.0.0',
/* authorisation */ '');

FILE_SCHEMA (('AUTOMOTIVE_DESIGN { 1 0 10303 214 3 1 1 }'));
ENDSEC;

DATA;
#10=MECHANICAL_DESIGN_GEOMETRIC_PRESENTATION_REPRESENTATION('',(#13),#2223);
#11=SHAPE_REPRESENTATION_RELATIONSHIP('SRR','None',#2230,#12);
#12=ADVANCED_BREP_SHAPE_REPRESENTATION('',(#14),#2222);
#13=STYLED_ITEM('',(#2239),#14);
#14=MANIFOLD_SOLID_BREP('Body1',#1263);
#15=B_SPLINE_CURVE_WITH_KNOTS('',3,(#1902,#1903,#1904,#1905),
 .UNSPECIFIED.,.F.,.F.,(4,4),(-0.171989036163489,0.),.UNSPECIFIED.);
#16=B_SPLINE_CURVE_WITH_KNOTS('',3,(#1911,#1912,#1913,#1914),
 .UNSPECIFIED.,.F.,.F.,(4,4),(-0.172302474368621,0.),.UNSPECIFIED.);
#17=B_SPLINE_CURVE_WITH_KNOTS('',3,(#1924,#1925,#1926,#1927),
 .UNSPECIFIED.,.F.,.F.,(4,4),(-0.172302474368288,0.),.UNSPECIFIED.);
#18=B_SPLINE_CURVE_WITH_KNOTS('',3,(#1933,#1934,#1935,#1936),
 .UNSPECIFIED.,.F.,.F.,(4,4),(-0.171989036163573,0.),.UNSPECIFIED.);
#19=B_SPLINE_CURVE_WITH_KNOTS('',3,(#1973,#1974,#1975,#1976),
 .UNSPECIFIED.,.F.,.F.,(4,4),(-0.171989177549231,0.),.UNSPECIFIED.);
#20=B_SPLINE_CURVE_WITH_KNOTS('',3,(#1981,#1982,#1983,#1984),
 .UNSPECIFIED.,.F.,.F.,(4,4),(-0.172302616799484,0.),.UNSPECIFIED.);
#21=B_SPLINE_CURVE_WITH_KNOTS('',3,(#2032,#2033,#2034,#2035),
 .UNSPECIFIED.,.F.,.F.,(4,4),(-0.171989036163647,0.),.UNSPECIFIED.);
#22=B_SPLINE_CURVE_WITH_KNOTS('',3,(#2040,#2041,#2042,#2043),
 .UNSPECIFIED.,.F.,.F.,(4,4),(-0.172302474368615,0.),.UNSPECIFIED.);
#23=B_SPLINE_CURVE_WITH_KNOTS('',3,(#2049,#2050,#2051,#2052),
 .UNSPECIFIED.,.F.,.F.,(4,4),(-0.17198917754917,0.),.UNSPECIFIED.);
#24=B_SPLINE_CURVE_WITH_KNOTS('',3,(#2055,#2056,#2057,#2058),
 .UNSPECIFIED.,.F.,.F.,(4,4),(-0.172302616799645,0.),.UNSPECIFIED.);
#25=B_SPLINE_CURVE_WITH_KNOTS('',3,(#2071,#2072,#2073,#2074),
 .UNSPECIFIED.,.F.,.F.,(4,4),(-0.171989036163268,0.),.UNSPECIFIED.);
#26=B_SPLINE_CURVE_WITH_KNOTS('',3,(#2079,#2080,#2081,#2082),
 .UNSPECIFIED.,.F.,.F.,(4,4),(-0.172302474368661,0.),.UNSPECIFIED.);
#27=B_SPLINE_CURVE_WITH_KNOTS('',3,(#2088,#2089,#2090,#2091),
 .UNSPECIFIED.,.F.,.F.,(4,4),(-0.171989177549168,0.),.UNSPECIFIED.);
#28=B_SPLINE_CURVE_WITH_KNOTS('',3,(#2094,#2095,#2096,#2097),
 .UNSPECIFIED.,.F.,.F.,(4,4),(-0.17230261679949,0.),.UNSPECIFIED.);
#29=B_SPLINE_CURVE_WITH_KNOTS('',3,(#2110,#2111,#2112,#2113),
 .UNSPECIFIED.,.F.,.F.,(4,4),(-0.17198903616312,0.),.UNSPECIFIED.);
#30=B_SPLINE_CURVE_WITH_KNOTS('',3,(#2118,#2119,#2120,#2121),
 .UNSPECIFIED.,.F.,.F.,(4,4),(-0.172302474368249,0.),.UNSPECIFIED.);
#31=B_SPLINE_CURVE_WITH_KNOTS('',3,(#2127,#2128,#2129,#2130),
 .UNSPECIFIED.,.F.,.F.,(4,4),(-0.171989177549392,0.),.UNSPECIFIED.);
#32=B_SPLINE_CURVE_WITH_KNOTS('',3,(#2133,#2134,#2135,#2136),
 .UNSPECIFIED.,.F.,.F.,(4,4),(-0.17230261679947,0.),.UNSPECIFIED.);
#33=B_SPLINE_CURVE_WITH_KNOTS('',3,(#2149,#2150,#2151,#2152),
 .UNSPECIFIED.,.F.,.F.,(4,4),(-0.171989036163391,0.),.UNSPECIFIED.);
#34=B_SPLINE_CURVE_WITH_KNOTS('',3,(#2157,#2158,#2159,#2160),
 .UNSPECIFIED.,.F.,.F.,(4,4),(-0.172302474368619,0.),.UNSPECIFIED.);
#35=B_SPLINE_CURVE_WITH_KNOTS('',3,(#2166,#2167,#2168,#2169),
 .UNSPECIFIED.,.F.,.F.,(4,4),(-0.17198917754927,0.),.UNSPECIFIED.);
#36=B_SPLINE_CURVE_WITH_KNOTS('',3,(#2172,#2173,#2174,#2175),
 .UNSPECIFIED.,.F.,.F.,(4,4),(-0.172302616799648,0.),.UNSPECIFIED.);
#37=B_SPLINE_CURVE_WITH_KNOTS('',3,(#2191,#2192,#2193,#2194),
 .UNSPECIFIED.,.F.,.F.,(4,4),(-0.171989177549188,0.),.UNSPECIFIED.);
#38=B_SPLINE_CURVE_WITH_KNOTS('',3,(#2198,#2199,#2200,#2201),
 .UNSPECIFIED.,.F.,.F.,(4,4),(-0.172302616799485,0.),.UNSPECIFIED.);
#39=(
BOUNDED_CURVE()
B_SPLINE_CURVE(2,(#1755,#1756,#1757),.UNSPECIFIED.,.F.,.F.)
B_SPLINE_CURVE_WITH_KNOTS((3,3),(0.29897211409917,0.440788732717592),
 .UNSPECIFIED.)
CURVE()
GEOMETRIC_REPRESENTATION_ITEM()
RATIONAL_B_SPLINE_CURVE((1.,1.,1.))
REPRESENTATION_ITEM('')
);
#40=(
BOUNDED_CURVE()
B_SPLINE_CURVE(2,(#1764,#1765,#1766),.UNSPECIFIED.,.F.,.F.)
B_SPLINE_CURVE_WITH_KNOTS((3,3),(0.463391740332004,0.606056828136601),
 .UNSPECIFIED.)
CURVE()
GEOMETRIC_REPRESENTATION_ITEM()
RATIONAL_B_SPLINE_CURVE((1.,1.,1.))
REPRESENTATION_ITEM('')
);
#41=(
BOUNDED_CURVE()
B_SPLINE_CURVE(2,(#1768,#1769,#1770),.UNSPECIFIED.,.F.,.F.)
B_SPLINE_CURVE_WITH_KNOTS((3,3),(0.298972114099171,0.440788732717593),
 .UNSPECIFIED.)
CURVE()
GEOMETRIC_REPRESENTATION_ITEM()
RATIONAL_B_SPLINE_CURVE((1.,1.,1.))
REPRESENTATION_ITEM('')
);
#42=(
BOUNDED_CURVE()
B_SPLINE_CURVE(2,(#1774,#1775,#1776),.UNSPECIFIED.,.F.,.F.)
B_SPLINE_CURVE_WITH_KNOTS((3,3),(0.463391740332004,0.606056828136601),
 .UNSPECIFIED.)
CURVE()
GEOMETRIC_REPRESENTATION_ITEM()
RATIONAL_B_SPLINE_CURVE((1.,1.,1.))
REPRESENTATION_ITEM('')
);
#43=(
BOUNDED_CURVE()
B_SPLINE_CURVE(2,(#1778,#1779,#1780),.UNSPECIFIED.,.F.,.F.)
B_SPLINE_CURVE_WITH_KNOTS((3,3),(0.29897211409917,0.440788732717593),
 .UNSPECIFIED.)
CURVE()
GEOMETRIC_REPRESENTATION_ITEM()
RATIONAL_B_SPLINE_CURVE((1.,1.,1.))
REPRESENTATION_ITEM('')
);
#44=(
BOUNDED_CURVE()
B_SPLINE_CURVE(2,(#1784,#1785,#1786),.UNSPECIFIED.,.F.,.F.)
B_SPLINE_CURVE_WITH_KNOTS((3,3),(0.463391740332004,0.606056828136601),
 .UNSPECIFIED.)
CURVE()
GEOMETRIC_REPRESENTATION_ITEM()
RATIONAL_B_SPLINE_CURVE((1.,1.,1.))
REPRESENTATION_ITEM('')
);
#45=(
BOUNDED_CURVE()
B_SPLINE_CURVE(2,(#1788,#1789,#1790),.UNSPECIFIED.,.F.,.F.)
B_SPLINE_CURVE_WITH_KNOTS((3,3),(0.298972114099171,0.440788732717594),
 .UNSPECIFIED.)
CURVE()
GEOMETRIC_REPRESENTATION_ITEM()
RATIONAL_B_SPLINE_CURVE((1.,1.,1.))
REPRESENTATION_ITEM('')
);
#46=(
BOUNDED_CURVE()
B_SPLINE_CURVE(2,(#1794,#1795,#1796),.UNSPECIFIED.,.F.,.F.)
B_SPLINE_CURVE_WITH_KNOTS((3,3),(0.463391740332004,0.6060568281366),
 .UNSPECIFIED.)
CURVE()
GEOMETRIC_REPRESENTATION_ITEM()
RATIONAL_B_SPLINE_CURVE((1.,1.,1.))
REPRESENTATION_ITEM('')
);
#47=(
BOUNDED_CURVE()
B_SPLINE_CURVE(2,(#1798,#1799,#1800),.UNSPECIFIED.,.F.,.F.)
B_SPLINE_CURVE_WITH_KNOTS((3,3),(0.29897211409917,0.440788732717593),
 .UNSPECIFIED.)
CURVE()
GEOMETRIC_REPRESENTATION_ITEM()
RATIONAL_B_SPLINE_CURVE((1.,1.,1.))
REPRESENTATION_ITEM('')
);
#48=(
BOUNDED_CURVE()
B_SPLINE_CURVE(2,(#1804,#1805,#1806),.UNSPECIFIED.,.F.,.F.)
B_SPLINE_CURVE_WITH_KNOTS((3,3),(0.463391740332002,0.6060568281366),
 .UNSPECIFIED.)
CURVE()
GEOMETRIC_REPRESENTATION_ITEM()
RATIONAL_B_SPLINE_CURVE((1.,1.,1.))
REPRESENTATION_ITEM('')
);
#49=(
BOUNDED_CURVE()
B_SPLINE_CURVE(2,(#1808,#1809,#1810),.UNSPECIFIED.,.F.,.F.)
B_SPLINE_CURVE_WITH_KNOTS((3,3),(0.298972114099169,0.440788732717592),
 .UNSPECIFIED.)
CURVE()
GEOMETRIC_REPRESENTATION_ITEM()
RATIONAL_B_SPLINE_CURVE((1.,1.,1.))
REPRESENTATION_ITEM('')
);
#50=(
BOUNDED_CURVE()
B_SPLINE_CURVE(2,(#1813,#1814,#1815),.UNSPECIFIED.,.F.,.F.)
B_SPLINE_CURVE_WITH_KNOTS((3,3),(0.463391740332005,0.606056828136601),
 .UNSPECIFIED.)
CURVE()
GEOMETRIC_REPRESENTATION_ITEM()
RATIONAL_B_SPLINE_CURVE((1.,1.,1.))
REPRESENTATION_ITEM('')
);
#51=(
BOUNDED_CURVE()
B_SPLINE_CURVE(2,(#1851,#1852,#1853),.UNSPECIFIED.,.F.,.F.)
B_SPLINE_CURVE_WITH_KNOTS((3,3),(0.457943078301981,0.599759696920403),
 .UNSPECIFIED.)
CURVE()
GEOMETRIC_REPRESENTATION_ITEM()
RATIONAL_B_SPLINE_CURVE((1.,1.,1.))
REPRESENTATION_ITEM('')
);
#52=(
BOUNDED_CURVE()
B_SPLINE_CURVE(2,(#1854,#1855,#1856),.UNSPECIFIED.,.F.,.F.)
B_SPLINE_CURVE_WITH_KNOTS((3,3),(0.300076624863175,0.442741712667771),
 .UNSPECIFIED.)
CURVE()
GEOMETRIC_REPRESENTATION_ITEM()
RATIONAL_B_SPLINE_CURVE((1.,1.,1.))
REPRESENTATION_ITEM('')
);
#53=(
BOUNDED_CURVE()
B_SPLINE_CURVE(2,(#1858,#1859,#1860),.UNSPECIFIED.,.F.,.F.)
B_SPLINE_CURVE_WITH_KNOTS((3,3),(0.457943078301979,0.599759696920402),
 .UNSPECIFIED.)
CURVE()
GEOMETRIC_REPRESENTATION_ITEM()
RATIONAL_B_SPLINE_CURVE((1.,1.,1.))
REPRESENTATION_ITEM('')
);
#54=(
BOUNDED_CURVE()
B_SPLINE_CURVE(2,(#1862,#1863,#1864),.UNSPECIFIED.,.F.,.F.)
B_SPLINE_CURVE_WITH_KNOTS((3,3),(0.300076624863175,0.442741712667773),
 .UNSPECIFIED.)
CURVE()
GEOMETRIC_REPRESENTATION_ITEM()
RATIONAL_B_SPLINE_CURVE((1.,1.,1.))
REPRESENTATION_ITEM('')
);
#55=(
BOUNDED_CURVE()
B_SPLINE_CURVE(2,(#1868,#1869,#1870),.UNSPECIFIED.,.F.,.F.)
B_SPLINE_CURVE_WITH_KNOTS((3,3),(0.45794307830198,0.599759696920402),
 .UNSPECIFIED.)
CURVE()
GEOMETRIC_REPRESENTATION_ITEM()
RATIONAL_B_SPLINE_CURVE((1.,1.,1.))
REPRESENTATION_ITEM('')
);
#56=(
BOUNDED_CURVE()
B_SPLINE_CURVE(2,(#1871,#1872,#1873),.UNSPECIFIED.,.F.,.F.)
B_SPLINE_CURVE_WITH_KNOTS((3,3),(0.300076624863174,0.442741712667771),
 .UNSPECIFIED.)
CURVE()
GEOMETRIC_REPRESENTATION_ITEM()
RATIONAL_B_SPLINE_CURVE((1.,1.,1.))
REPRESENTATION_ITEM('')
);
#57=(
BOUNDED_CURVE()
B_SPLINE_CURVE(2,(#1875,#1876,#1877),.UNSPECIFIED.,.F.,.F.)
B_SPLINE_CURVE_WITH_KNOTS((3,3),(0.45794307830198,0.599759696920402),
 .UNSPECIFIED.)
CURVE()
GEOMETRIC_REPRESENTATION_ITEM()
RATIONAL_B_SPLINE_CURVE((1.,1.,1.))
REPRESENTATION_ITEM('')
);
#58=(
BOUNDED_CURVE()
B_SPLINE_CURVE(2,(#1878,#1879,#1880),.UNSPECIFIED.,.F.,.F.)
B_SPLINE_CURVE_WITH_KNOTS((3,3),(0.300076624863175,0.442741712667771),
 .UNSPECIFIED.)
CURVE()
GEOMETRIC_REPRESENTATION_ITEM()
RATIONAL_B_SPLINE_CURVE((1.,1.,1.))
REPRESENTATION_ITEM('')
);
#59=(
BOUNDED_CURVE()
B_SPLINE_CURVE(2,(#1882,#1883,#1884),.UNSPECIFIED.,.F.,.F.)
B_SPLINE_CURVE_WITH_KNOTS((3,3),(0.45794307830198,0.599759696920402),
 .UNSPECIFIED.)
CURVE()
GEOMETRIC_REPRESENTATION_ITEM()
RATIONAL_B_SPLINE_CURVE((1.,1.,1.))
REPRESENTATION_ITEM('')
);
#60=(
BOUNDED_CURVE()
B_SPLINE_CURVE(2,(#1885,#1886,#1887),.UNSPECIFIED.,.F.,.F.)
B_SPLINE_CURVE_WITH_KNOTS((3,3),(0.300076624863175,0.442741712667771),
 .UNSPECIFIED.)
CURVE()
GEOMETRIC_REPRESENTATION_ITEM()
RATIONAL_B_SPLINE_CURVE((1.,1.,1.))
REPRESENTATION_ITEM('')
);
#61=(
BOUNDED_CURVE()
B_SPLINE_CURVE(2,(#1889,#1890,#1891),.UNSPECIFIED.,.F.,.F.)
B_SPLINE_CURVE_WITH_KNOTS((3,3),(0.457943078301981,0.599759696920403),
 .UNSPECIFIED.)
CURVE()
GEOMETRIC_REPRESENTATION_ITEM()
RATIONAL_B_SPLINE_CURVE((1.,1.,1.))
REPRESENTATION_ITEM('')
);
#62=(
BOUNDED_CURVE()
B_SPLINE_CURVE(2,(#1892,#1893,#1894),.UNSPECIFIED.,.F.,.F.)
B_SPLINE_CURVE_WITH_KNOTS((3,3),(0.300076624863176,0.442741712667772),
 .UNSPECIFIED.)
CURVE()
GEOMETRIC_REPRESENTATION_ITEM()
RATIONAL_B_SPLINE_CURVE((1.,1.,1.))
REPRESENTATION_ITEM('')
);
#63=FACE_BOUND('',#196,.T.);
#64=FACE_BOUND('',#199,.T.);
#65=FACE_BOUND('',#213,.T.);
#66=FACE_BOUND('',#221,.T.);
#67=PLANE('',#1282);
#68=PLANE('',#1286);
#69=PLANE('',#1309);
#70=PLANE('',#1313);
#71=PLANE('',#1314);
#72=PLANE('',#1315);
#73=PLANE('',#1316);
#74=PLANE('',#1323);
#75=PLANE('',#1327);
#76=PLANE('',#1328);
#77=PLANE('',#1330);
#78=PLANE('',#1331);
#79=PLANE('',#1338);
#80=PLANE('',#1341);
#81=PLANE('',#1342);
#82=PLANE('',#1345);
#83=PLANE('',#1346);
#84=PLANE('',#1348);
#85=PLANE('',#1349);
#86=PLANE('',#1352);
#87=PLANE('',#1353);
#88=PLANE('',#1356);
#89=PLANE('',#1357);
#90=PLANE('',#1359);
#91=PLANE('',#1360);
#92=PLANE('',#1363);
#93=PLANE('',#1364);
#94=PLANE('',#1367);
#95=PLANE('',#1368);
#96=PLANE('',#1370);
#97=PLANE('',#1371);
#98=PLANE('',#1374);
#99=PLANE('',#1375);
#100=PLANE('',#1378);
#101=PLANE('',#1379);
#102=PLANE('',#1381);
#103=PLANE('',#1385);
#104=PLANE('',#1388);
#105=PLANE('',#1389);
#106=PLANE('',#1391);
#107=CYLINDRICAL_SURFACE('',#1280,2.);
#108=CYLINDRICAL_SURFACE('',#1296,10.);
#109=CYLINDRICAL_SURFACE('',#1298,10.);
#110=CYLINDRICAL_SURFACE('',#1300,10.);
#111=CYLINDRICAL_SURFACE('',#1303,10.);
#112=CYLINDRICAL_SURFACE('',#1305,10.);
#113=CYLINDRICAL_SURFACE('',#1329,31.5);
#114=CYLINDRICAL_SURFACE('',#1347,31.5);
#115=CYLINDRICAL_SURFACE('',#1358,31.5);
#116=CYLINDRICAL_SURFACE('',#1369,31.5);
#117=CYLINDRICAL_SURFACE('',#1380,31.5);
#118=CYLINDRICAL_SURFACE('',#1382,10.);
#119=CYLINDRICAL_SURFACE('',#1390,31.5);
#120=CYLINDRICAL_SURFACE('',#1394,40.);
#121=FACE_OUTER_BOUND('',#193,.T.);
#122=FACE_OUTER_BOUND('',#194,.T.);
#123=FACE_OUTER_BOUND('',#195,.T.);
#124=FACE_OUTER_BOUND('',#197,.T.);
#125=FACE_OUTER_BOUND('',#198,.T.);
#126=FACE_OUTER_BOUND('',#200,.T.);
#127=FACE_OUTER_BOUND('',#201,.T.);
#128=FACE_OUTER_BOUND('',#202,.T.);
#129=FACE_OUTER_BOUND('',#203,.T.);
#130=FACE_OUTER_BOUND('',#204,.T.);
#131=FACE_OUTER_BOUND('',#205,.T.);
#132=FACE_OUTER_BOUND('',#206,.T.);
#133=FACE_OUTER_BOUND('',#207,.T.);
#134=FACE_OUTER_BOUND('',#208,.T.);
#135=FACE_OUTER_BOUND('',#209,.T.);
#136=FACE_OUTER_BOUND('',#210,.T.);
#137=FACE_OUTER_BOUND('',#211,.T.);
#138=FACE_OUTER_BOUND('',#212,.T.);
#139=FACE_OUTER_BOUND('',#214,.T.);
#140=FACE_OUTER_BOUND('',#215,.T.);
#141=FACE_OUTER_BOUND('',#216,.T.);
#142=FACE_OUTER_BOUND('',#217,.T.);
#143=FACE_OUTER_BOUND('',#218,.T.);
#144=FACE_OUTER_BOUND('',#219,.T.);
#145=FACE_OUTER_BOUND('',#220,.T.);
#146=FACE_OUTER_BOUND('',#222,.T.);
#147=FACE_OUTER_BOUND('',#223,.T.);
#148=FACE_OUTER_BOUND('',#224,.T.);
#149=FACE_OUTER_BOUND('',#225,.T.);
#150=FACE_OUTER_BOUND('',#226,.T.);
#151=FACE_OUTER_BOUND('',#227,.T.);
#152=FACE_OUTER_BOUND('',#228,.T.);
#153=FACE_OUTER_BOUND('',#229,.T.);
#154=FACE_OUTER_BOUND('',#230,.T.);
#155=FACE_OUTER_BOUND('',#231,.T.);
#156=FACE_OUTER_BOUND('',#232,.T.);
#157=FACE_OUTER_BOUND('',#233,.T.);
#158=FACE_OUTER_BOUND('',#234,.T.);
#159=FACE_OUTER_BOUND('',#235,.T.);
#160=FACE_OUTER_BOUND('',#236,.T.);
#161=FACE_OUTER_BOUND('',#237,.T.);
#162=FACE_OUTER_BOUND('',#238,.T.);
#163=FACE_OUTER_BOUND('',#239,.T.);
#164=FACE_OUTER_BOUND('',#240,.T.);
#165=FACE_OUTER_BOUND('',#241,.T.);
#166=FACE_OUTER_BOUND('',#242,.T.);
#167=FACE_OUTER_BOUND('',#243,.T.);
#168=FACE_OUTER_BOUND('',#244,.T.);
#169=FACE_OUTER_BOUND('',#245,.T.);
#170=FACE_OUTER_BOUND('',#246,.T.);
#171=FACE_OUTER_BOUND('',#247,.T.);
#172=FACE_OUTER_BOUND('',#248,.T.);
#173=FACE_OUTER_BOUND('',#249,.T.);
#174=FACE_OUTER_BOUND('',#250,.T.);
#175=FACE_OUTER_BOUND('',#251,.T.);
#176=FACE_OUTER_BOUND('',#252,.T.);
#177=FACE_OUTER_BOUND('',#253,.T.);
#178=FACE_OUTER_BOUND('',#254,.T.);
#179=FACE_OUTER_BOUND('',#255,.T.);
#180=FACE_OUTER_BOUND('',#256,.T.);
#181=FACE_OUTER_BOUND('',#257,.T.);
#182=FACE_OUTER_BOUND('',#258,.T.);
#183=FACE_OUTER_BOUND('',#259,.T.);
#184=FACE_OUTER_BOUND('',#260,.T.);
#185=FACE_OUTER_BOUND('',#261,.T.);
#186=FACE_OUTER_BOUND('',#262,.T.);
#187=FACE_OUTER_BOUND('',#263,.T.);
#188=FACE_OUTER_BOUND('',#264,.T.);
#189=FACE_OUTER_BOUND('',#265,.T.);
#190=FACE_OUTER_BOUND('',#266,.T.);
#191=FACE_OUTER_BOUND('',#267,.T.);
#192=FACE_OUTER_BOUND('',#268,.T.);
#193=EDGE_LOOP('',(#797,#798,#799,#800));
#194=EDGE_LOOP('',(#801,#802,#803,#804));
#195=EDGE_LOOP('',(#805));
#196=EDGE_LOOP('',(#806));
#197=EDGE_LOOP('',(#807,#808,#809,#810));
#198=EDGE_LOOP('',(#811));
#199=EDGE_LOOP('',(#812));
#200=EDGE_LOOP('',(#813,#814,#815,#816,#817,#818,#819,#820,#821,#822,#823,
#824,#825,#826,#827,#828,#829,#830,#831,#832,#833,#834));
#201=EDGE_LOOP('',(#835,#836,#837,#838));
#202=EDGE_LOOP('',(#839,#840,#841,#842));
#203=EDGE_LOOP('',(#843,#844,#845,#846,#847,#848));
#204=EDGE_LOOP('',(#849,#850,#851,#852));
#205=EDGE_LOOP('',(#853,#854,#855,#856));
#206=EDGE_LOOP('',(#857,#858,#859,#860,#861,#862,#863,#864,#865,#866,#867,
#868,#869,#870,#871,#872,#873,#874,#875,#876,#877,#878));
#207=EDGE_LOOP('',(#879,#880,#881,#882,#883));
#208=EDGE_LOOP('',(#884,#885,#886,#887));
#209=EDGE_LOOP('',(#888,#889,#890,#891,#892));
#210=EDGE_LOOP('',(#893,#894,#895,#896,#897));
#211=EDGE_LOOP('',(#898,#899,#900,#901,#902));
#212=EDGE_LOOP('',(#903));
#213=EDGE_LOOP('',(#904,#905,#906,#907,#908,#909,#910,#911,#912,#913,#914,
#915,#916,#917,#918,#919,#920,#921));
#214=EDGE_LOOP('',(#922,#923,#924,#925,#926));
#215=EDGE_LOOP('',(#927,#928,#929,#930));
#216=EDGE_LOOP('',(#931,#932,#933,#934,#935));
#217=EDGE_LOOP('',(#936,#937,#938,#939));
#218=EDGE_LOOP('',(#940,#941,#942,#943));
#219=EDGE_LOOP('',(#944,#945,#946,#947));
#220=EDGE_LOOP('',(#948));
#221=EDGE_LOOP('',(#949,#950,#951,#952,#953,#954,#955,#956,#957,#958,#959,
#960,#961,#962,#963,#964,#965,#966));
#222=EDGE_LOOP('',(#967,#968,#969,#970,#971));
#223=EDGE_LOOP('',(#972,#973,#974,#975));
#224=EDGE_LOOP('',(#976,#977,#978,#979,#980));
#225=EDGE_LOOP('',(#981,#982,#983,#984,#985));
#226=EDGE_LOOP('',(#986,#987,#988,#989));
#227=EDGE_LOOP('',(#990,#991,#992,#993,#994));
#228=EDGE_LOOP('',(#995,#996,#997,#998));
#229=EDGE_LOOP('',(#999,#1000,#1001,#1002));
#230=EDGE_LOOP('',(#1003,#1004,#1005,#1006));
#231=EDGE_LOOP('',(#1007,#1008,#1009,#1010,#1011));
#232=EDGE_LOOP('',(#1012,#1013,#1014,#1015));
#233=EDGE_LOOP('',(#1016,#1017,#1018,#1019,#1020));
#234=EDGE_LOOP('',(#1021,#1022,#1023,#1024,#1025));
#235=EDGE_LOOP('',(#1026,#1027,#1028,#1029));
#236=EDGE_LOOP('',(#1030,#1031,#1032,#1033,#1034));
#237=EDGE_LOOP('',(#1035,#1036,#1037,#1038));
#238=EDGE_LOOP('',(#1039,#1040,#1041,#1042));
#239=EDGE_LOOP('',(#1043,#1044,#1045,#1046));
#240=EDGE_LOOP('',(#1047,#1048,#1049,#1050,#1051));
#241=EDGE_LOOP('',(#1052,#1053,#1054,#1055));
#242=EDGE_LOOP('',(#1056,#1057,#1058,#1059,#1060));
#243=EDGE_LOOP('',(#1061,#1062,#1063,#1064,#1065));
#244=EDGE_LOOP('',(#1066,#1067,#1068,#1069));
#245=EDGE_LOOP('',(#1070,#1071,#1072,#1073,#1074));
#246=EDGE_LOOP('',(#1075,#1076,#1077,#1078));
#247=EDGE_LOOP('',(#1079,#1080,#1081,#1082));
#248=EDGE_LOOP('',(#1083,#1084,#1085,#1086));
#249=EDGE_LOOP('',(#1087,#1088,#1089,#1090,#1091));
#250=EDGE_LOOP('',(#1092,#1093,#1094,#1095));
#251=EDGE_LOOP('',(#1096,#1097,#1098,#1099,#1100));
#252=EDGE_LOOP('',(#1101,#1102,#1103,#1104,#1105));
#253=EDGE_LOOP('',(#1106,#1107,#1108,#1109));
#254=EDGE_LOOP('',(#1110,#1111,#1112,#1113,#1114));
#255=EDGE_LOOP('',(#1115,#1116,#1117,#1118));
#256=EDGE_LOOP('',(#1119,#1120,#1121,#1122));
#257=EDGE_LOOP('',(#1123,#1124,#1125,#1126));
#258=EDGE_LOOP('',(#1127,#1128,#1129,#1130));
#259=EDGE_LOOP('',(#1131,#1132,#1133,#1134));
#260=EDGE_LOOP('',(#1135,#1136,#1137,#1138,#1139));
#261=EDGE_LOOP('',(#1140,#1141,#1142,#1143));
#262=EDGE_LOOP('',(#1144,#1145,#1146,#1147,#1148));
#263=EDGE_LOOP('',(#1149,#1150,#1151,#1152));
#264=EDGE_LOOP('',(#1153,#1154,#1155,#1156));
#265=EDGE_LOOP('',(#1157,#1158,#1159,#1160));
#266=EDGE_LOOP('',(#1161,#1162,#1163,#1164));
#267=EDGE_LOOP('',(#1165,#1166,#1167,#1168));
#268=EDGE_LOOP('',(#1169,#1170,#1171,#1172));
#269=LINE('',#1736,#361);
#270=LINE('',#1740,#362);
#271=LINE('',#1748,#363);
#272=LINE('',#1760,#364);
#273=LINE('',#1818,#365);
#274=LINE('',#1821,#366);
#275=LINE('',#1824,#367);
#276=LINE('',#1827,#368);
#277=LINE('',#1830,#369);
#278=LINE('',#1835,#370);
#279=LINE('',#1838,#371);
#280=LINE('',#1841,#372);
#281=LINE('',#1844,#373);
#282=LINE('',#1847,#374);
#283=LINE('',#1849,#375);
#284=LINE('',#1898,#376);
#285=LINE('',#1899,#377);
#286=LINE('',#1901,#378);
#287=LINE('',#1916,#379);
#288=LINE('',#1918,#380);
#289=LINE('',#1919,#381);
#290=LINE('',#1922,#382);
#291=LINE('',#1928,#383);
#292=LINE('',#1931,#384);
#293=LINE('',#1937,#385);
#294=LINE('',#1944,#386);
#295=LINE('',#1946,#387);
#296=LINE('',#1950,#388);
#297=LINE('',#1952,#389);
#298=LINE('',#1956,#390);
#299=LINE('',#1958,#391);
#300=LINE('',#1962,#392);
#301=LINE('',#1964,#393);
#302=LINE('',#1968,#394);
#303=LINE('',#1970,#395);
#304=LINE('',#1972,#396);
#305=LINE('',#1988,#397);
#306=LINE('',#1989,#398);
#307=LINE('',#1990,#399);
#308=LINE('',#1992,#400);
#309=LINE('',#1994,#401);
#310=LINE('',#2000,#402);
#311=LINE('',#2004,#403);
#312=LINE('',#2006,#404);
#313=LINE('',#2010,#405);
#314=LINE('',#2012,#406);
#315=LINE('',#2016,#407);
#316=LINE('',#2018,#408);
#317=LINE('',#2022,#409);
#318=LINE('',#2024,#410);
#319=LINE('',#2027,#411);
#320=LINE('',#2029,#412);
#321=LINE('',#2031,#413);
#322=LINE('',#2044,#414);
#323=LINE('',#2047,#415);
#324=LINE('',#2048,#416);
#325=LINE('',#2061,#417);
#326=LINE('',#2063,#418);
#327=LINE('',#2065,#419);
#328=LINE('',#2068,#420);
#329=LINE('',#2070,#421);
#330=LINE('',#2083,#422);
#331=LINE('',#2086,#423);
#332=LINE('',#2087,#424);
#333=LINE('',#2100,#425);
#334=LINE('',#2102,#426);
#335=LINE('',#2104,#427);
#336=LINE('',#2107,#428);
#337=LINE('',#2109,#429);
#338=LINE('',#2122,#430);
#339=LINE('',#2125,#431);
#340=LINE('',#2126,#432);
#341=LINE('',#2139,#433);
#342=LINE('',#2141,#434);
#343=LINE('',#2143,#435);
#344=LINE('',#2146,#436);
#345=LINE('',#2148,#437);
#346=LINE('',#2161,#438);
#347=LINE('',#2164,#439);
#348=LINE('',#2165,#440);
#349=LINE('',#2178,#441);
#350=LINE('',#2180,#442);
#351=LINE('',#2182,#443);
#352=LINE('',#2185,#444);
#353=LINE('',#2186,#445);
#354=LINE('',#2195,#446);
#355=LINE('',#2204,#447);
#356=LINE('',#2206,#448);
#357=LINE('',#2208,#449);
#358=LINE('',#2213,#450);
#359=LINE('',#2217,#451);
#360=LINE('',#2219,#452);
#361=VECTOR('',#1403,2.2);
#362=VECTOR('',#1408,1.5);
#363=VECTOR('',#1419,2.2);
#364=VECTOR('',#1428,9.5);
#365=VECTOR('',#1443,10.);
#366=VECTOR('',#1446,10.);
#367=VECTOR('',#1449,10.);
#368=VECTOR('',#1452,10.);
#369=VECTOR('',#1455,10.);
#370=VECTOR('',#1460,10.);
#371=VECTOR('',#1463,10.);
#372=VECTOR('',#1466,10.);
#373=VECTOR('',#1469,10.);
#374=VECTOR('',#1472,10.);
#375=VECTOR('',#1475,9.5);
#376=VECTOR('',#1480,10.);
#377=VECTOR('',#1481,10.);
#378=VECTOR('',#1482,10.);
#379=VECTOR('',#1491,10.);
#380=VECTOR('',#1492,10.);
#381=VECTOR('',#1493,10.);
#382=VECTOR('',#1496,10.);
#383=VECTOR('',#1497,10.);
#384=VECTOR('',#1500,10.);
#385=VECTOR('',#1501,10.);
#386=VECTOR('',#1508,10.);
#387=VECTOR('',#1509,10.);
#388=VECTOR('',#1512,10.);
#389=VECTOR('',#1513,10.);
#390=VECTOR('',#1516,10.);
#391=VECTOR('',#1517,10.);
#392=VECTOR('',#1520,10.);
#393=VECTOR('',#1521,10.);
#394=VECTOR('',#1526,10.);
#395=VECTOR('',#1527,10.);
#396=VECTOR('',#1528,10.);
#397=VECTOR('',#1537,10.);
#398=VECTOR('',#1538,10.);
#399=VECTOR('',#1539,10.);
#400=VECTOR('',#1542,10.);
#401=VECTOR('',#1545,10.);
#402=VECTOR('',#1552,10.);
#403=VECTOR('',#1555,10.);
#404=VECTOR('',#1556,10.);
#405=VECTOR('',#1559,10.);
#406=VECTOR('',#1560,10.);
#407=VECTOR('',#1563,10.);
#408=VECTOR('',#1564,10.);
#409=VECTOR('',#1567,10.);
#410=VECTOR('',#1568,10.);
#411=VECTOR('',#1571,10.);
#412=VECTOR('',#1574,10.);
#413=VECTOR('',#1575,10.);
#414=VECTOR('',#1582,10.);
#415=VECTOR('',#1585,10.);
#416=VECTOR('',#1586,10.);
#417=VECTOR('',#1593,10.);
#418=VECTOR('',#1596,10.);
#419=VECTOR('',#1599,10.);
#420=VECTOR('',#1604,10.);
#421=VECTOR('',#1605,10.);
#422=VECTOR('',#1612,10.);
#423=VECTOR('',#1615,10.);
#424=VECTOR('',#1616,10.);
#425=VECTOR('',#1623,10.);
#426=VECTOR('',#1626,10.);
#427=VECTOR('',#1629,10.);
#428=VECTOR('',#1634,10.);
#429=VECTOR('',#1635,10.);
#430=VECTOR('',#1642,10.);
#431=VECTOR('',#1645,10.);
#432=VECTOR('',#1646,10.);
#433=VECTOR('',#1653,10.);
#434=VECTOR('',#1656,10.);
#435=VECTOR('',#1659,10.);
#436=VECTOR('',#1664,10.);
#437=VECTOR('',#1665,10.);
#438=VECTOR('',#1672,10.);
#439=VECTOR('',#1675,10.);
#440=VECTOR('',#1676,10.);
#441=VECTOR('',#1683,10.);
#442=VECTOR('',#1686,10.);
#443=VECTOR('',#1689,10.);
#444=VECTOR('',#1694,10.);
#445=VECTOR('',#1695,10.);
#446=VECTOR('',#1702,10.);
#447=VECTOR('',#1709,10.);
#448=VECTOR('',#1712,10.);
#449=VECTOR('',#1715,10.);
#450=VECTOR('',#1722,39.4);
#451=VECTOR('',#1727,40.);
#452=VECTOR('',#1730,39.4);
#453=CIRCLE('',#1278,2.4);
#454=CIRCLE('',#1279,2.);
#455=CIRCLE('',#1281,2.);
#456=CIRCLE('',#1283,9.);
#457=CIRCLE('',#1285,2.4);
#458=CIRCLE('',#1287,9.);
#459=CIRCLE('',#1289,10.);
#460=CIRCLE('',#1290,10.);
#461=CIRCLE('',#1291,10.);
#462=CIRCLE('',#1292,10.);
#463=CIRCLE('',#1293,10.);
#464=CIRCLE('',#1294,10.);
#465=CIRCLE('',#1295,10.);
#466=CIRCLE('',#1297,10.);
#467=CIRCLE('',#1299,10.);
#468=CIRCLE('',#1301,10.);
#469=CIRCLE('',#1302,10.);
#470=CIRCLE('',#1304,10.);
#471=CIRCLE('',#1306,10.);
#472=CIRCLE('',#1308,10.);
#473=CIRCLE('',#1311,32.5);
#474=CIRCLE('',#1312,31.5);
#475=CIRCLE('',#1317,38.8);
#476=CIRCLE('',#1318,32.5);
#477=CIRCLE('',#1319,32.5);
#478=CIRCLE('',#1320,32.5);
#479=CIRCLE('',#1321,32.5);
#480=CIRCLE('',#1322,32.5);
#481=CIRCLE('',#1325,32.5);
#482=CIRCLE('',#1326,31.5);
#483=CIRCLE('',#1332,38.8);
#484=CIRCLE('',#1333,32.5);
#485=CIRCLE('',#1334,32.5);
#486=CIRCLE('',#1335,32.5);
#487=CIRCLE('',#1336,32.5);
#488=CIRCLE('',#1337,32.5);
#489=CIRCLE('',#1340,31.5);
#490=CIRCLE('',#1344,31.5);
#491=CIRCLE('',#1351,31.5);
#492=CIRCLE('',#1355,31.5);
#493=CIRCLE('',#1362,31.5);
#494=CIRCLE('',#1366,31.5);
#495=CIRCLE('',#1373,31.5);
#496=CIRCLE('',#1377,31.5);
#497=CIRCLE('',#1384,31.5);
#498=CIRCLE('',#1387,31.5);
#499=CIRCLE('',#1393,40.);
#500=CIRCLE('',#1395,40.);
#501=VERTEX_POINT('',#1733);
#502=VERTEX_POINT('',#1735);
#503=VERTEX_POINT('',#1739);
#504=VERTEX_POINT('',#1743);
#505=VERTEX_POINT('',#1746);
#506=VERTEX_POINT('',#1750);
#507=VERTEX_POINT('',#1753);
#508=VERTEX_POINT('',#1754);
#509=VERTEX_POINT('',#1758);
#510=VERTEX_POINT('',#1761);
#511=VERTEX_POINT('',#1763);
#512=VERTEX_POINT('',#1767);
#513=VERTEX_POINT('',#1771);
#514=VERTEX_POINT('',#1773);
#515=VERTEX_POINT('',#1777);
#516=VERTEX_POINT('',#1781);
#517=VERTEX_POINT('',#1783);
#518=VERTEX_POINT('',#1787);
#519=VERTEX_POINT('',#1791);
#520=VERTEX_POINT('',#1793);
#521=VERTEX_POINT('',#1797);
#522=VERTEX_POINT('',#1801);
#523=VERTEX_POINT('',#1803);
#524=VERTEX_POINT('',#1807);
#525=VERTEX_POINT('',#1811);
#526=VERTEX_POINT('',#1817);
#527=VERTEX_POINT('',#1819);
#528=VERTEX_POINT('',#1823);
#529=VERTEX_POINT('',#1825);
#530=VERTEX_POINT('',#1829);
#531=VERTEX_POINT('',#1831);
#532=VERTEX_POINT('',#1833);
#533=VERTEX_POINT('',#1837);
#534=VERTEX_POINT('',#1839);
#535=VERTEX_POINT('',#1843);
#536=VERTEX_POINT('',#1845);
#537=VERTEX_POINT('',#1850);
#538=VERTEX_POINT('',#1857);
#539=VERTEX_POINT('',#1861);
#540=VERTEX_POINT('',#1865);
#541=VERTEX_POINT('',#1867);
#542=VERTEX_POINT('',#1874);
#543=VERTEX_POINT('',#1881);
#544=VERTEX_POINT('',#1888);
#545=VERTEX_POINT('',#1896);
#546=VERTEX_POINT('',#1897);
#547=VERTEX_POINT('',#1900);
#548=VERTEX_POINT('',#1907);
#549=VERTEX_POINT('',#1909);
#550=VERTEX_POINT('',#1917);
#551=VERTEX_POINT('',#1921);
#552=VERTEX_POINT('',#1923);
#553=VERTEX_POINT('',#1930);
#554=VERTEX_POINT('',#1932);
#555=VERTEX_POINT('',#1939);
#556=VERTEX_POINT('',#1941);
#557=VERTEX_POINT('',#1943);
#558=VERTEX_POINT('',#1945);
#559=VERTEX_POINT('',#1947);
#560=VERTEX_POINT('',#1949);
#561=VERTEX_POINT('',#1951);
#562=VERTEX_POINT('',#1953);
#563=VERTEX_POINT('',#1955);
#564=VERTEX_POINT('',#1957);
#565=VERTEX_POINT('',#1959);
#566=VERTEX_POINT('',#1961);
#567=VERTEX_POINT('',#1963);
#568=VERTEX_POINT('',#1967);
#569=VERTEX_POINT('',#1969);
#570=VERTEX_POINT('',#1971);
#571=VERTEX_POINT('',#1978);
#572=VERTEX_POINT('',#1980);
#573=VERTEX_POINT('',#1987);
#574=VERTEX_POINT('',#1997);
#575=VERTEX_POINT('',#1999);
#576=VERTEX_POINT('',#2001);
#577=VERTEX_POINT('',#2003);
#578=VERTEX_POINT('',#2005);
#579=VERTEX_POINT('',#2007);
#580=VERTEX_POINT('',#2009);
#581=VERTEX_POINT('',#2011);
#582=VERTEX_POINT('',#2013);
#583=VERTEX_POINT('',#2015);
#584=VERTEX_POINT('',#2017);
#585=VERTEX_POINT('',#2019);
#586=VERTEX_POINT('',#2021);
#587=VERTEX_POINT('',#2023);
#588=VERTEX_POINT('',#2025);
#589=VERTEX_POINT('',#2030);
#590=VERTEX_POINT('',#2039);
#591=VERTEX_POINT('',#2046);
#592=VERTEX_POINT('',#2054);
#593=VERTEX_POINT('',#2069);
#594=VERTEX_POINT('',#2078);
#595=VERTEX_POINT('',#2085);
#596=VERTEX_POINT('',#2093);
#597=VERTEX_POINT('',#2108);
#598=VERTEX_POINT('',#2117);
#599=VERTEX_POINT('',#2124);
#600=VERTEX_POINT('',#2132);
#601=VERTEX_POINT('',#2147);
#602=VERTEX_POINT('',#2156);
#603=VERTEX_POINT('',#2163);
#604=VERTEX_POINT('',#2171);
#605=VERTEX_POINT('',#2190);
#606=VERTEX_POINT('',#2197);
#607=VERTEX_POINT('',#2211);
#608=VERTEX_POINT('',#2215);
#609=EDGE_CURVE('',#501,#501,#453,.T.);
#610=EDGE_CURVE('',#501,#502,#269,.T.);
#611=EDGE_CURVE('',#502,#502,#454,.T.);
#612=EDGE_CURVE('',#502,#503,#270,.T.);
#613=EDGE_CURVE('',#503,#503,#455,.T.);
#614=EDGE_CURVE('',#504,#504,#456,.T.);
#615=EDGE_CURVE('',#505,#505,#457,.T.);
#616=EDGE_CURVE('',#505,#503,#271,.T.);
#617=EDGE_CURVE('',#506,#506,#458,.T.);
#618=EDGE_CURVE('',#507,#508,#39,.T.);
#619=EDGE_CURVE('',#507,#509,#459,.T.);
#620=EDGE_CURVE('',#509,#506,#272,.T.);
#621=EDGE_CURVE('',#509,#510,#460,.T.);
#622=EDGE_CURVE('',#511,#510,#40,.T.);
#623=EDGE_CURVE('',#512,#511,#41,.T.);
#624=EDGE_CURVE('',#512,#513,#461,.T.);
#625=EDGE_CURVE('',#514,#513,#42,.T.);
#626=EDGE_CURVE('',#515,#514,#43,.T.);
#627=EDGE_CURVE('',#515,#516,#462,.T.);
#628=EDGE_CURVE('',#517,#516,#44,.T.);
#629=EDGE_CURVE('',#518,#517,#45,.T.);
#630=EDGE_CURVE('',#518,#519,#463,.T.);
#631=EDGE_CURVE('',#520,#519,#46,.T.);
#632=EDGE_CURVE('',#521,#520,#47,.T.);
#633=EDGE_CURVE('',#521,#522,#464,.T.);
#634=EDGE_CURVE('',#523,#522,#48,.T.);
#635=EDGE_CURVE('',#524,#523,#49,.T.);
#636=EDGE_CURVE('',#524,#525,#465,.T.);
#637=EDGE_CURVE('',#508,#525,#50,.T.);
#638=EDGE_CURVE('',#526,#515,#273,.T.);
#639=EDGE_CURVE('',#527,#526,#466,.T.);
#640=EDGE_CURVE('',#527,#516,#274,.T.);
#641=EDGE_CURVE('',#528,#512,#275,.T.);
#642=EDGE_CURVE('',#529,#528,#467,.T.);
#643=EDGE_CURVE('',#529,#513,#276,.T.);
#644=EDGE_CURVE('',#530,#507,#277,.T.);
#645=EDGE_CURVE('',#531,#530,#468,.T.);
#646=EDGE_CURVE('',#532,#531,#469,.T.);
#647=EDGE_CURVE('',#532,#510,#278,.T.);
#648=EDGE_CURVE('',#533,#518,#279,.T.);
#649=EDGE_CURVE('',#534,#533,#470,.T.);
#650=EDGE_CURVE('',#534,#519,#280,.T.);
#651=EDGE_CURVE('',#535,#524,#281,.T.);
#652=EDGE_CURVE('',#536,#535,#471,.T.);
#653=EDGE_CURVE('',#536,#525,#282,.T.);
#654=EDGE_CURVE('',#504,#531,#283,.T.);
#655=EDGE_CURVE('',#537,#530,#51,.T.);
#656=EDGE_CURVE('',#536,#537,#52,.T.);
#657=EDGE_CURVE('',#538,#535,#53,.T.);
#658=EDGE_CURVE('',#539,#538,#54,.T.);
#659=EDGE_CURVE('',#539,#540,#472,.T.);
#660=EDGE_CURVE('',#541,#540,#55,.T.);
#661=EDGE_CURVE('',#534,#541,#56,.T.);
#662=EDGE_CURVE('',#542,#533,#57,.T.);
#663=EDGE_CURVE('',#527,#542,#58,.T.);
#664=EDGE_CURVE('',#543,#526,#59,.T.);
#665=EDGE_CURVE('',#529,#543,#60,.T.);
#666=EDGE_CURVE('',#544,#528,#61,.T.);
#667=EDGE_CURVE('',#532,#544,#62,.T.);
#668=EDGE_CURVE('',#545,#546,#284,.T.);
#669=EDGE_CURVE('',#546,#508,#285,.T.);
#670=EDGE_CURVE('',#525,#547,#286,.T.);
#671=EDGE_CURVE('',#547,#545,#15,.T.);
#672=EDGE_CURVE('',#548,#545,#473,.T.);
#673=EDGE_CURVE('',#547,#549,#474,.T.);
#674=EDGE_CURVE('',#549,#548,#16,.T.);
#675=EDGE_CURVE('',#549,#524,#287,.T.);
#676=EDGE_CURVE('',#523,#550,#288,.F.);
#677=EDGE_CURVE('',#550,#548,#289,.T.);
#678=EDGE_CURVE('',#546,#551,#290,.T.);
#679=EDGE_CURVE('',#552,#551,#17,.T.);
#680=EDGE_CURVE('',#552,#507,#291,.T.);
#681=EDGE_CURVE('',#522,#553,#292,.T.);
#682=EDGE_CURVE('',#553,#554,#18,.T.);
#683=EDGE_CURVE('',#554,#550,#293,.T.);
#684=EDGE_CURVE('',#555,#555,#475,.T.);
#685=EDGE_CURVE('',#556,#554,#476,.T.);
#686=EDGE_CURVE('',#557,#556,#294,.T.);
#687=EDGE_CURVE('',#558,#557,#295,.T.);
#688=EDGE_CURVE('',#559,#558,#477,.T.);
#689=EDGE_CURVE('',#560,#559,#296,.T.);
#690=EDGE_CURVE('',#561,#560,#297,.T.);
#691=EDGE_CURVE('',#562,#561,#478,.T.);
#692=EDGE_CURVE('',#563,#562,#298,.T.);
#693=EDGE_CURVE('',#564,#563,#299,.T.);
#694=EDGE_CURVE('',#565,#564,#479,.T.);
#695=EDGE_CURVE('',#566,#565,#300,.T.);
#696=EDGE_CURVE('',#567,#566,#301,.T.);
#697=EDGE_CURVE('',#551,#567,#480,.T.);
#698=EDGE_CURVE('',#568,#536,#302,.T.);
#699=EDGE_CURVE('',#537,#569,#303,.F.);
#700=EDGE_CURVE('',#569,#570,#304,.T.);
#701=EDGE_CURVE('',#570,#568,#19,.T.);
#702=EDGE_CURVE('',#570,#571,#481,.T.);
#703=EDGE_CURVE('',#571,#572,#20,.T.);
#704=EDGE_CURVE('',#572,#568,#482,.T.);
#705=EDGE_CURVE('',#571,#573,#305,.T.);
#706=EDGE_CURVE('',#573,#538,#306,.T.);
#707=EDGE_CURVE('',#535,#572,#307,.T.);
#708=EDGE_CURVE('',#568,#547,#308,.T.);
#709=EDGE_CURVE('',#572,#549,#309,.T.);
#710=EDGE_CURVE('',#574,#574,#483,.T.);
#711=EDGE_CURVE('',#575,#569,#310,.T.);
#712=EDGE_CURVE('',#576,#575,#484,.T.);
#713=EDGE_CURVE('',#577,#576,#311,.T.);
#714=EDGE_CURVE('',#578,#577,#312,.T.);
#715=EDGE_CURVE('',#579,#578,#485,.T.);
#716=EDGE_CURVE('',#580,#579,#313,.T.);
#717=EDGE_CURVE('',#581,#580,#314,.T.);
#718=EDGE_CURVE('',#582,#581,#486,.T.);
#719=EDGE_CURVE('',#583,#582,#315,.T.);
#720=EDGE_CURVE('',#584,#583,#316,.T.);
#721=EDGE_CURVE('',#585,#584,#487,.T.);
#722=EDGE_CURVE('',#586,#585,#317,.T.);
#723=EDGE_CURVE('',#587,#586,#318,.T.);
#724=EDGE_CURVE('',#588,#587,#488,.T.);
#725=EDGE_CURVE('',#573,#588,#319,.T.);
#726=EDGE_CURVE('',#566,#511,#320,.T.);
#727=EDGE_CURVE('',#510,#589,#321,.T.);
#728=EDGE_CURVE('',#589,#567,#21,.T.);
#729=EDGE_CURVE('',#589,#552,#489,.T.);
#730=EDGE_CURVE('',#590,#565,#22,.T.);
#731=EDGE_CURVE('',#590,#512,#322,.T.);
#732=EDGE_CURVE('',#591,#532,#323,.T.);
#733=EDGE_CURVE('',#544,#577,#324,.F.);
#734=EDGE_CURVE('',#576,#591,#23,.T.);
#735=EDGE_CURVE('',#575,#592,#24,.T.);
#736=EDGE_CURVE('',#592,#591,#490,.T.);
#737=EDGE_CURVE('',#530,#592,#325,.T.);
#738=EDGE_CURVE('',#591,#589,#326,.T.);
#739=EDGE_CURVE('',#592,#552,#327,.T.);
#740=EDGE_CURVE('',#563,#514,#328,.T.);
#741=EDGE_CURVE('',#513,#593,#329,.T.);
#742=EDGE_CURVE('',#593,#564,#25,.T.);
#743=EDGE_CURVE('',#593,#590,#491,.T.);
#744=EDGE_CURVE('',#594,#562,#26,.T.);
#745=EDGE_CURVE('',#594,#515,#330,.T.);
#746=EDGE_CURVE('',#595,#529,#331,.T.);
#747=EDGE_CURVE('',#543,#580,#332,.F.);
#748=EDGE_CURVE('',#579,#595,#27,.T.);
#749=EDGE_CURVE('',#578,#596,#28,.T.);
#750=EDGE_CURVE('',#596,#595,#492,.T.);
#751=EDGE_CURVE('',#528,#596,#333,.T.);
#752=EDGE_CURVE('',#595,#593,#334,.T.);
#753=EDGE_CURVE('',#596,#590,#335,.T.);
#754=EDGE_CURVE('',#560,#517,#336,.T.);
#755=EDGE_CURVE('',#516,#597,#337,.T.);
#756=EDGE_CURVE('',#597,#561,#29,.T.);
#757=EDGE_CURVE('',#597,#594,#493,.T.);
#758=EDGE_CURVE('',#598,#559,#30,.T.);
#759=EDGE_CURVE('',#598,#518,#338,.T.);
#760=EDGE_CURVE('',#599,#527,#339,.T.);
#761=EDGE_CURVE('',#542,#583,#340,.F.);
#762=EDGE_CURVE('',#582,#599,#31,.T.);
#763=EDGE_CURVE('',#581,#600,#32,.T.);
#764=EDGE_CURVE('',#600,#599,#494,.T.);
#765=EDGE_CURVE('',#526,#600,#341,.T.);
#766=EDGE_CURVE('',#599,#597,#342,.T.);
#767=EDGE_CURVE('',#600,#594,#343,.T.);
#768=EDGE_CURVE('',#557,#520,#344,.T.);
#769=EDGE_CURVE('',#519,#601,#345,.T.);
#770=EDGE_CURVE('',#601,#558,#33,.T.);
#771=EDGE_CURVE('',#601,#598,#495,.T.);
#772=EDGE_CURVE('',#602,#556,#34,.T.);
#773=EDGE_CURVE('',#602,#521,#346,.T.);
#774=EDGE_CURVE('',#603,#534,#347,.T.);
#775=EDGE_CURVE('',#541,#586,#348,.F.);
#776=EDGE_CURVE('',#585,#603,#35,.T.);
#777=EDGE_CURVE('',#584,#604,#36,.T.);
#778=EDGE_CURVE('',#604,#603,#496,.T.);
#779=EDGE_CURVE('',#533,#604,#349,.T.);
#780=EDGE_CURVE('',#603,#601,#350,.T.);
#781=EDGE_CURVE('',#604,#598,#351,.T.);
#782=EDGE_CURVE('',#540,#521,#352,.T.);
#783=EDGE_CURVE('',#539,#522,#353,.T.);
#784=EDGE_CURVE('',#553,#602,#497,.T.);
#785=EDGE_CURVE('',#588,#605,#37,.T.);
#786=EDGE_CURVE('',#605,#539,#354,.T.);
#787=EDGE_CURVE('',#587,#606,#38,.T.);
#788=EDGE_CURVE('',#606,#605,#498,.T.);
#789=EDGE_CURVE('',#540,#606,#355,.T.);
#790=EDGE_CURVE('',#605,#553,#356,.T.);
#791=EDGE_CURVE('',#606,#602,#357,.T.);
#792=EDGE_CURVE('',#607,#607,#499,.T.);
#793=EDGE_CURVE('',#607,#555,#358,.T.);
#794=EDGE_CURVE('',#608,#608,#500,.T.);
#795=EDGE_CURVE('',#608,#607,#359,.T.);
#796=EDGE_CURVE('',#574,#608,#360,.T.);
#797=ORIENTED_EDGE('',*,*,#609,.T.);
#798=ORIENTED_EDGE('',*,*,#610,.T.);
#799=ORIENTED_EDGE('',*,*,#611,.T.);
#800=ORIENTED_EDGE('',*,*,#610,.F.);
#801=ORIENTED_EDGE('',*,*,#611,.F.);
#802=ORIENTED_EDGE('',*,*,#612,.T.);
#803=ORIENTED_EDGE('',*,*,#613,.F.);
#804=ORIENTED_EDGE('',*,*,#612,.F.);
#805=ORIENTED_EDGE('',*,*,#614,.F.);
#806=ORIENTED_EDGE('',*,*,#609,.F.);
#807=ORIENTED_EDGE('',*,*,#615,.T.);
#808=ORIENTED_EDGE('',*,*,#616,.T.);
#809=ORIENTED_EDGE('',*,*,#613,.T.);
#810=ORIENTED_EDGE('',*,*,#616,.F.);
#811=ORIENTED_EDGE('',*,*,#617,.F.);
#812=ORIENTED_EDGE('',*,*,#615,.F.);
#813=ORIENTED_EDGE('',*,*,#618,.F.);
#814=ORIENTED_EDGE('',*,*,#619,.T.);
#815=ORIENTED_EDGE('',*,*,#620,.T.);
#816=ORIENTED_EDGE('',*,*,#617,.T.);
#817=ORIENTED_EDGE('',*,*,#620,.F.);
#818=ORIENTED_EDGE('',*,*,#621,.T.);
#819=ORIENTED_EDGE('',*,*,#622,.F.);
#820=ORIENTED_EDGE('',*,*,#623,.F.);
#821=ORIENTED_EDGE('',*,*,#624,.T.);
#822=ORIENTED_EDGE('',*,*,#625,.F.);
#823=ORIENTED_EDGE('',*,*,#626,.F.);
#824=ORIENTED_EDGE('',*,*,#627,.T.);
#825=ORIENTED_EDGE('',*,*,#628,.F.);
#826=ORIENTED_EDGE('',*,*,#629,.F.);
#827=ORIENTED_EDGE('',*,*,#630,.T.);
#828=ORIENTED_EDGE('',*,*,#631,.F.);
#829=ORIENTED_EDGE('',*,*,#632,.F.);
#830=ORIENTED_EDGE('',*,*,#633,.T.);
#831=ORIENTED_EDGE('',*,*,#634,.F.);
#832=ORIENTED_EDGE('',*,*,#635,.F.);
#833=ORIENTED_EDGE('',*,*,#636,.T.);
#834=ORIENTED_EDGE('',*,*,#637,.F.);
#835=ORIENTED_EDGE('',*,*,#627,.F.);
#836=ORIENTED_EDGE('',*,*,#638,.F.);
#837=ORIENTED_EDGE('',*,*,#639,.F.);
#838=ORIENTED_EDGE('',*,*,#640,.T.);
#839=ORIENTED_EDGE('',*,*,#624,.F.);
#840=ORIENTED_EDGE('',*,*,#641,.F.);
#841=ORIENTED_EDGE('',*,*,#642,.F.);
#842=ORIENTED_EDGE('',*,*,#643,.T.);
#843=ORIENTED_EDGE('',*,*,#619,.F.);
#844=ORIENTED_EDGE('',*,*,#644,.F.);
#845=ORIENTED_EDGE('',*,*,#645,.F.);
#846=ORIENTED_EDGE('',*,*,#646,.F.);
#847=ORIENTED_EDGE('',*,*,#647,.T.);
#848=ORIENTED_EDGE('',*,*,#621,.F.);
#849=ORIENTED_EDGE('',*,*,#630,.F.);
#850=ORIENTED_EDGE('',*,*,#648,.F.);
#851=ORIENTED_EDGE('',*,*,#649,.F.);
#852=ORIENTED_EDGE('',*,*,#650,.T.);
#853=ORIENTED_EDGE('',*,*,#636,.F.);
#854=ORIENTED_EDGE('',*,*,#651,.F.);
#855=ORIENTED_EDGE('',*,*,#652,.F.);
#856=ORIENTED_EDGE('',*,*,#653,.T.);
#857=ORIENTED_EDGE('',*,*,#614,.T.);
#858=ORIENTED_EDGE('',*,*,#654,.T.);
#859=ORIENTED_EDGE('',*,*,#645,.T.);
#860=ORIENTED_EDGE('',*,*,#655,.F.);
#861=ORIENTED_EDGE('',*,*,#656,.F.);
#862=ORIENTED_EDGE('',*,*,#652,.T.);
#863=ORIENTED_EDGE('',*,*,#657,.F.);
#864=ORIENTED_EDGE('',*,*,#658,.F.);
#865=ORIENTED_EDGE('',*,*,#659,.T.);
#866=ORIENTED_EDGE('',*,*,#660,.F.);
#867=ORIENTED_EDGE('',*,*,#661,.F.);
#868=ORIENTED_EDGE('',*,*,#649,.T.);
#869=ORIENTED_EDGE('',*,*,#662,.F.);
#870=ORIENTED_EDGE('',*,*,#663,.F.);
#871=ORIENTED_EDGE('',*,*,#639,.T.);
#872=ORIENTED_EDGE('',*,*,#664,.F.);
#873=ORIENTED_EDGE('',*,*,#665,.F.);
#874=ORIENTED_EDGE('',*,*,#642,.T.);
#875=ORIENTED_EDGE('',*,*,#666,.F.);
#876=ORIENTED_EDGE('',*,*,#667,.F.);
#877=ORIENTED_EDGE('',*,*,#646,.T.);
#878=ORIENTED_EDGE('',*,*,#654,.F.);
#879=ORIENTED_EDGE('',*,*,#668,.T.);
#880=ORIENTED_EDGE('',*,*,#669,.T.);
#881=ORIENTED_EDGE('',*,*,#637,.T.);
#882=ORIENTED_EDGE('',*,*,#670,.T.);
#883=ORIENTED_EDGE('',*,*,#671,.T.);
#884=ORIENTED_EDGE('',*,*,#672,.T.);
#885=ORIENTED_EDGE('',*,*,#671,.F.);
#886=ORIENTED_EDGE('',*,*,#673,.T.);
#887=ORIENTED_EDGE('',*,*,#674,.T.);
#888=ORIENTED_EDGE('',*,*,#675,.T.);
#889=ORIENTED_EDGE('',*,*,#635,.T.);
#890=ORIENTED_EDGE('',*,*,#676,.T.);
#891=ORIENTED_EDGE('',*,*,#677,.T.);
#892=ORIENTED_EDGE('',*,*,#674,.F.);
#893=ORIENTED_EDGE('',*,*,#669,.F.);
#894=ORIENTED_EDGE('',*,*,#678,.T.);
#895=ORIENTED_EDGE('',*,*,#679,.F.);
#896=ORIENTED_EDGE('',*,*,#680,.T.);
#897=ORIENTED_EDGE('',*,*,#618,.T.);
#898=ORIENTED_EDGE('',*,*,#676,.F.);
#899=ORIENTED_EDGE('',*,*,#634,.T.);
#900=ORIENTED_EDGE('',*,*,#681,.T.);
#901=ORIENTED_EDGE('',*,*,#682,.T.);
#902=ORIENTED_EDGE('',*,*,#683,.T.);
#903=ORIENTED_EDGE('',*,*,#684,.F.);
#904=ORIENTED_EDGE('',*,*,#668,.F.);
#905=ORIENTED_EDGE('',*,*,#672,.F.);
#906=ORIENTED_EDGE('',*,*,#677,.F.);
#907=ORIENTED_EDGE('',*,*,#683,.F.);
#908=ORIENTED_EDGE('',*,*,#685,.F.);
#909=ORIENTED_EDGE('',*,*,#686,.F.);
#910=ORIENTED_EDGE('',*,*,#687,.F.);
#911=ORIENTED_EDGE('',*,*,#688,.F.);
#912=ORIENTED_EDGE('',*,*,#689,.F.);
#913=ORIENTED_EDGE('',*,*,#690,.F.);
#914=ORIENTED_EDGE('',*,*,#691,.F.);
#915=ORIENTED_EDGE('',*,*,#692,.F.);
#916=ORIENTED_EDGE('',*,*,#693,.F.);
#917=ORIENTED_EDGE('',*,*,#694,.F.);
#918=ORIENTED_EDGE('',*,*,#695,.F.);
#919=ORIENTED_EDGE('',*,*,#696,.F.);
#920=ORIENTED_EDGE('',*,*,#697,.F.);
#921=ORIENTED_EDGE('',*,*,#678,.F.);
#922=ORIENTED_EDGE('',*,*,#698,.T.);
#923=ORIENTED_EDGE('',*,*,#656,.T.);
#924=ORIENTED_EDGE('',*,*,#699,.T.);
#925=ORIENTED_EDGE('',*,*,#700,.T.);
#926=ORIENTED_EDGE('',*,*,#701,.T.);
#927=ORIENTED_EDGE('',*,*,#702,.T.);
#928=ORIENTED_EDGE('',*,*,#703,.T.);
#929=ORIENTED_EDGE('',*,*,#704,.T.);
#930=ORIENTED_EDGE('',*,*,#701,.F.);
#931=ORIENTED_EDGE('',*,*,#705,.T.);
#932=ORIENTED_EDGE('',*,*,#706,.T.);
#933=ORIENTED_EDGE('',*,*,#657,.T.);
#934=ORIENTED_EDGE('',*,*,#707,.T.);
#935=ORIENTED_EDGE('',*,*,#703,.F.);
#936=ORIENTED_EDGE('',*,*,#670,.F.);
#937=ORIENTED_EDGE('',*,*,#653,.F.);
#938=ORIENTED_EDGE('',*,*,#698,.F.);
#939=ORIENTED_EDGE('',*,*,#708,.T.);
#940=ORIENTED_EDGE('',*,*,#673,.F.);
#941=ORIENTED_EDGE('',*,*,#708,.F.);
#942=ORIENTED_EDGE('',*,*,#704,.F.);
#943=ORIENTED_EDGE('',*,*,#709,.T.);
#944=ORIENTED_EDGE('',*,*,#675,.F.);
#945=ORIENTED_EDGE('',*,*,#709,.F.);
#946=ORIENTED_EDGE('',*,*,#707,.F.);
#947=ORIENTED_EDGE('',*,*,#651,.T.);
#948=ORIENTED_EDGE('',*,*,#710,.F.);
#949=ORIENTED_EDGE('',*,*,#700,.F.);
#950=ORIENTED_EDGE('',*,*,#711,.F.);
#951=ORIENTED_EDGE('',*,*,#712,.F.);
#952=ORIENTED_EDGE('',*,*,#713,.F.);
#953=ORIENTED_EDGE('',*,*,#714,.F.);
#954=ORIENTED_EDGE('',*,*,#715,.F.);
#955=ORIENTED_EDGE('',*,*,#716,.F.);
#956=ORIENTED_EDGE('',*,*,#717,.F.);
#957=ORIENTED_EDGE('',*,*,#718,.F.);
#958=ORIENTED_EDGE('',*,*,#719,.F.);
#959=ORIENTED_EDGE('',*,*,#720,.F.);
#960=ORIENTED_EDGE('',*,*,#721,.F.);
#961=ORIENTED_EDGE('',*,*,#722,.F.);
#962=ORIENTED_EDGE('',*,*,#723,.F.);
#963=ORIENTED_EDGE('',*,*,#724,.F.);
#964=ORIENTED_EDGE('',*,*,#725,.F.);
#965=ORIENTED_EDGE('',*,*,#705,.F.);
#966=ORIENTED_EDGE('',*,*,#702,.F.);
#967=ORIENTED_EDGE('',*,*,#696,.T.);
#968=ORIENTED_EDGE('',*,*,#726,.T.);
#969=ORIENTED_EDGE('',*,*,#622,.T.);
#970=ORIENTED_EDGE('',*,*,#727,.T.);
#971=ORIENTED_EDGE('',*,*,#728,.T.);
#972=ORIENTED_EDGE('',*,*,#697,.T.);
#973=ORIENTED_EDGE('',*,*,#728,.F.);
#974=ORIENTED_EDGE('',*,*,#729,.T.);
#975=ORIENTED_EDGE('',*,*,#679,.T.);
#976=ORIENTED_EDGE('',*,*,#726,.F.);
#977=ORIENTED_EDGE('',*,*,#695,.T.);
#978=ORIENTED_EDGE('',*,*,#730,.F.);
#979=ORIENTED_EDGE('',*,*,#731,.T.);
#980=ORIENTED_EDGE('',*,*,#623,.T.);
#981=ORIENTED_EDGE('',*,*,#732,.T.);
#982=ORIENTED_EDGE('',*,*,#667,.T.);
#983=ORIENTED_EDGE('',*,*,#733,.T.);
#984=ORIENTED_EDGE('',*,*,#713,.T.);
#985=ORIENTED_EDGE('',*,*,#734,.T.);
#986=ORIENTED_EDGE('',*,*,#712,.T.);
#987=ORIENTED_EDGE('',*,*,#735,.T.);
#988=ORIENTED_EDGE('',*,*,#736,.T.);
#989=ORIENTED_EDGE('',*,*,#734,.F.);
#990=ORIENTED_EDGE('',*,*,#699,.F.);
#991=ORIENTED_EDGE('',*,*,#655,.T.);
#992=ORIENTED_EDGE('',*,*,#737,.T.);
#993=ORIENTED_EDGE('',*,*,#735,.F.);
#994=ORIENTED_EDGE('',*,*,#711,.T.);
#995=ORIENTED_EDGE('',*,*,#727,.F.);
#996=ORIENTED_EDGE('',*,*,#647,.F.);
#997=ORIENTED_EDGE('',*,*,#732,.F.);
#998=ORIENTED_EDGE('',*,*,#738,.T.);
#999=ORIENTED_EDGE('',*,*,#729,.F.);
#1000=ORIENTED_EDGE('',*,*,#738,.F.);
#1001=ORIENTED_EDGE('',*,*,#736,.F.);
#1002=ORIENTED_EDGE('',*,*,#739,.T.);
#1003=ORIENTED_EDGE('',*,*,#680,.F.);
#1004=ORIENTED_EDGE('',*,*,#739,.F.);
#1005=ORIENTED_EDGE('',*,*,#737,.F.);
#1006=ORIENTED_EDGE('',*,*,#644,.T.);
#1007=ORIENTED_EDGE('',*,*,#693,.T.);
#1008=ORIENTED_EDGE('',*,*,#740,.T.);
#1009=ORIENTED_EDGE('',*,*,#625,.T.);
#1010=ORIENTED_EDGE('',*,*,#741,.T.);
#1011=ORIENTED_EDGE('',*,*,#742,.T.);
#1012=ORIENTED_EDGE('',*,*,#694,.T.);
#1013=ORIENTED_EDGE('',*,*,#742,.F.);
#1014=ORIENTED_EDGE('',*,*,#743,.T.);
#1015=ORIENTED_EDGE('',*,*,#730,.T.);
#1016=ORIENTED_EDGE('',*,*,#740,.F.);
#1017=ORIENTED_EDGE('',*,*,#692,.T.);
#1018=ORIENTED_EDGE('',*,*,#744,.F.);
#1019=ORIENTED_EDGE('',*,*,#745,.T.);
#1020=ORIENTED_EDGE('',*,*,#626,.T.);
#1021=ORIENTED_EDGE('',*,*,#746,.T.);
#1022=ORIENTED_EDGE('',*,*,#665,.T.);
#1023=ORIENTED_EDGE('',*,*,#747,.T.);
#1024=ORIENTED_EDGE('',*,*,#716,.T.);
#1025=ORIENTED_EDGE('',*,*,#748,.T.);
#1026=ORIENTED_EDGE('',*,*,#715,.T.);
#1027=ORIENTED_EDGE('',*,*,#749,.T.);
#1028=ORIENTED_EDGE('',*,*,#750,.T.);
#1029=ORIENTED_EDGE('',*,*,#748,.F.);
#1030=ORIENTED_EDGE('',*,*,#733,.F.);
#1031=ORIENTED_EDGE('',*,*,#666,.T.);
#1032=ORIENTED_EDGE('',*,*,#751,.T.);
#1033=ORIENTED_EDGE('',*,*,#749,.F.);
#1034=ORIENTED_EDGE('',*,*,#714,.T.);
#1035=ORIENTED_EDGE('',*,*,#741,.F.);
#1036=ORIENTED_EDGE('',*,*,#643,.F.);
#1037=ORIENTED_EDGE('',*,*,#746,.F.);
#1038=ORIENTED_EDGE('',*,*,#752,.T.);
#1039=ORIENTED_EDGE('',*,*,#743,.F.);
#1040=ORIENTED_EDGE('',*,*,#752,.F.);
#1041=ORIENTED_EDGE('',*,*,#750,.F.);
#1042=ORIENTED_EDGE('',*,*,#753,.T.);
#1043=ORIENTED_EDGE('',*,*,#731,.F.);
#1044=ORIENTED_EDGE('',*,*,#753,.F.);
#1045=ORIENTED_EDGE('',*,*,#751,.F.);
#1046=ORIENTED_EDGE('',*,*,#641,.T.);
#1047=ORIENTED_EDGE('',*,*,#690,.T.);
#1048=ORIENTED_EDGE('',*,*,#754,.T.);
#1049=ORIENTED_EDGE('',*,*,#628,.T.);
#1050=ORIENTED_EDGE('',*,*,#755,.T.);
#1051=ORIENTED_EDGE('',*,*,#756,.T.);
#1052=ORIENTED_EDGE('',*,*,#691,.T.);
#1053=ORIENTED_EDGE('',*,*,#756,.F.);
#1054=ORIENTED_EDGE('',*,*,#757,.T.);
#1055=ORIENTED_EDGE('',*,*,#744,.T.);
#1056=ORIENTED_EDGE('',*,*,#754,.F.);
#1057=ORIENTED_EDGE('',*,*,#689,.T.);
#1058=ORIENTED_EDGE('',*,*,#758,.F.);
#1059=ORIENTED_EDGE('',*,*,#759,.T.);
#1060=ORIENTED_EDGE('',*,*,#629,.T.);
#1061=ORIENTED_EDGE('',*,*,#760,.T.);
#1062=ORIENTED_EDGE('',*,*,#663,.T.);
#1063=ORIENTED_EDGE('',*,*,#761,.T.);
#1064=ORIENTED_EDGE('',*,*,#719,.T.);
#1065=ORIENTED_EDGE('',*,*,#762,.T.);
#1066=ORIENTED_EDGE('',*,*,#718,.T.);
#1067=ORIENTED_EDGE('',*,*,#763,.T.);
#1068=ORIENTED_EDGE('',*,*,#764,.T.);
#1069=ORIENTED_EDGE('',*,*,#762,.F.);
#1070=ORIENTED_EDGE('',*,*,#747,.F.);
#1071=ORIENTED_EDGE('',*,*,#664,.T.);
#1072=ORIENTED_EDGE('',*,*,#765,.T.);
#1073=ORIENTED_EDGE('',*,*,#763,.F.);
#1074=ORIENTED_EDGE('',*,*,#717,.T.);
#1075=ORIENTED_EDGE('',*,*,#755,.F.);
#1076=ORIENTED_EDGE('',*,*,#640,.F.);
#1077=ORIENTED_EDGE('',*,*,#760,.F.);
#1078=ORIENTED_EDGE('',*,*,#766,.T.);
#1079=ORIENTED_EDGE('',*,*,#757,.F.);
#1080=ORIENTED_EDGE('',*,*,#766,.F.);
#1081=ORIENTED_EDGE('',*,*,#764,.F.);
#1082=ORIENTED_EDGE('',*,*,#767,.T.);
#1083=ORIENTED_EDGE('',*,*,#745,.F.);
#1084=ORIENTED_EDGE('',*,*,#767,.F.);
#1085=ORIENTED_EDGE('',*,*,#765,.F.);
#1086=ORIENTED_EDGE('',*,*,#638,.T.);
#1087=ORIENTED_EDGE('',*,*,#687,.T.);
#1088=ORIENTED_EDGE('',*,*,#768,.T.);
#1089=ORIENTED_EDGE('',*,*,#631,.T.);
#1090=ORIENTED_EDGE('',*,*,#769,.T.);
#1091=ORIENTED_EDGE('',*,*,#770,.T.);
#1092=ORIENTED_EDGE('',*,*,#688,.T.);
#1093=ORIENTED_EDGE('',*,*,#770,.F.);
#1094=ORIENTED_EDGE('',*,*,#771,.T.);
#1095=ORIENTED_EDGE('',*,*,#758,.T.);
#1096=ORIENTED_EDGE('',*,*,#768,.F.);
#1097=ORIENTED_EDGE('',*,*,#686,.T.);
#1098=ORIENTED_EDGE('',*,*,#772,.F.);
#1099=ORIENTED_EDGE('',*,*,#773,.T.);
#1100=ORIENTED_EDGE('',*,*,#632,.T.);
#1101=ORIENTED_EDGE('',*,*,#774,.T.);
#1102=ORIENTED_EDGE('',*,*,#661,.T.);
#1103=ORIENTED_EDGE('',*,*,#775,.T.);
#1104=ORIENTED_EDGE('',*,*,#722,.T.);
#1105=ORIENTED_EDGE('',*,*,#776,.T.);
#1106=ORIENTED_EDGE('',*,*,#721,.T.);
#1107=ORIENTED_EDGE('',*,*,#777,.T.);
#1108=ORIENTED_EDGE('',*,*,#778,.T.);
#1109=ORIENTED_EDGE('',*,*,#776,.F.);
#1110=ORIENTED_EDGE('',*,*,#761,.F.);
#1111=ORIENTED_EDGE('',*,*,#662,.T.);
#1112=ORIENTED_EDGE('',*,*,#779,.T.);
#1113=ORIENTED_EDGE('',*,*,#777,.F.);
#1114=ORIENTED_EDGE('',*,*,#720,.T.);
#1115=ORIENTED_EDGE('',*,*,#769,.F.);
#1116=ORIENTED_EDGE('',*,*,#650,.F.);
#1117=ORIENTED_EDGE('',*,*,#774,.F.);
#1118=ORIENTED_EDGE('',*,*,#780,.T.);
#1119=ORIENTED_EDGE('',*,*,#771,.F.);
#1120=ORIENTED_EDGE('',*,*,#780,.F.);
#1121=ORIENTED_EDGE('',*,*,#778,.F.);
#1122=ORIENTED_EDGE('',*,*,#781,.T.);
#1123=ORIENTED_EDGE('',*,*,#759,.F.);
#1124=ORIENTED_EDGE('',*,*,#781,.F.);
#1125=ORIENTED_EDGE('',*,*,#779,.F.);
#1126=ORIENTED_EDGE('',*,*,#648,.T.);
#1127=ORIENTED_EDGE('',*,*,#633,.F.);
#1128=ORIENTED_EDGE('',*,*,#782,.F.);
#1129=ORIENTED_EDGE('',*,*,#659,.F.);
#1130=ORIENTED_EDGE('',*,*,#783,.T.);
#1131=ORIENTED_EDGE('',*,*,#685,.T.);
#1132=ORIENTED_EDGE('',*,*,#682,.F.);
#1133=ORIENTED_EDGE('',*,*,#784,.T.);
#1134=ORIENTED_EDGE('',*,*,#772,.T.);
#1135=ORIENTED_EDGE('',*,*,#706,.F.);
#1136=ORIENTED_EDGE('',*,*,#725,.T.);
#1137=ORIENTED_EDGE('',*,*,#785,.T.);
#1138=ORIENTED_EDGE('',*,*,#786,.T.);
#1139=ORIENTED_EDGE('',*,*,#658,.T.);
#1140=ORIENTED_EDGE('',*,*,#724,.T.);
#1141=ORIENTED_EDGE('',*,*,#787,.T.);
#1142=ORIENTED_EDGE('',*,*,#788,.T.);
#1143=ORIENTED_EDGE('',*,*,#785,.F.);
#1144=ORIENTED_EDGE('',*,*,#775,.F.);
#1145=ORIENTED_EDGE('',*,*,#660,.T.);
#1146=ORIENTED_EDGE('',*,*,#789,.T.);
#1147=ORIENTED_EDGE('',*,*,#787,.F.);
#1148=ORIENTED_EDGE('',*,*,#723,.T.);
#1149=ORIENTED_EDGE('',*,*,#681,.F.);
#1150=ORIENTED_EDGE('',*,*,#783,.F.);
#1151=ORIENTED_EDGE('',*,*,#786,.F.);
#1152=ORIENTED_EDGE('',*,*,#790,.T.);
#1153=ORIENTED_EDGE('',*,*,#784,.F.);
#1154=ORIENTED_EDGE('',*,*,#790,.F.);
#1155=ORIENTED_EDGE('',*,*,#788,.F.);
#1156=ORIENTED_EDGE('',*,*,#791,.T.);
#1157=ORIENTED_EDGE('',*,*,#773,.F.);
#1158=ORIENTED_EDGE('',*,*,#791,.F.);
#1159=ORIENTED_EDGE('',*,*,#789,.F.);
#1160=ORIENTED_EDGE('',*,*,#782,.T.);
#1161=ORIENTED_EDGE('',*,*,#792,.T.);
#1162=ORIENTED_EDGE('',*,*,#793,.T.);
#1163=ORIENTED_EDGE('',*,*,#684,.T.);
#1164=ORIENTED_EDGE('',*,*,#793,.F.);
#1165=ORIENTED_EDGE('',*,*,#794,.F.);
#1166=ORIENTED_EDGE('',*,*,#795,.T.);
#1167=ORIENTED_EDGE('',*,*,#792,.F.);
#1168=ORIENTED_EDGE('',*,*,#795,.F.);
#1169=ORIENTED_EDGE('',*,*,#710,.T.);
#1170=ORIENTED_EDGE('',*,*,#796,.T.);
#1171=ORIENTED_EDGE('',*,*,#794,.T.);
#1172=ORIENTED_EDGE('',*,*,#796,.F.);
#1173=CONICAL_SURFACE('',#1277,2.2,0.785398163397448);
#1174=CONICAL_SURFACE('',#1284,2.2,0.785398163397448);
#1175=CONICAL_SURFACE('',#1288,9.5,0.785398163397448);
#1176=CONICAL_SURFACE('',#1307,9.5,0.785398163397448);
#1177=CONICAL_SURFACE('',#1310,32.,0.785398163397448);
#1178=CONICAL_SURFACE('',#1324,32.,0.785398163397448);
#1179=CONICAL_SURFACE('',#1339,32.,0.785398163397449);
#1180=CONICAL_SURFACE('',#1343,32.,0.785398163397449);
#1181=CONICAL_SURFACE('',#1350,32.,0.785398163397447);
#1182=CONICAL_SURFACE('',#1354,32.,0.785398163397447);
#1183=CONICAL_SURFACE('',#1361,32.,0.785398163397451);
#1184=CONICAL_SURFACE('',#1365,32.,0.785398163397451);
#1185=CONICAL_SURFACE('',#1372,32.,0.785398163397448);
#1186=CONICAL_SURFACE('',#1376,32.,0.785398163397448);
#1187=CONICAL_SURFACE('',#1383,32.,0.785398163397447);
#1188=CONICAL_SURFACE('',#1386,32.,0.785398163397447);
#1189=CONICAL_SURFACE('',#1392,39.4,0.785398163397449);
#1190=CONICAL_SURFACE('',#1396,39.4,0.785398163397449);
#1191=ADVANCED_FACE('',(#121),#1173,.F.);
#1192=ADVANCED_FACE('',(#122),#107,.F.);
#1193=ADVANCED_FACE('',(#123,#63),#67,.T.);
#1194=ADVANCED_FACE('',(#124),#1174,.F.);
#1195=ADVANCED_FACE('',(#125,#64),#68,.F.);
#1196=ADVANCED_FACE('',(#126),#1175,.T.);
#1197=ADVANCED_FACE('',(#127),#108,.T.);
#1198=ADVANCED_FACE('',(#128),#109,.T.);
#1199=ADVANCED_FACE('',(#129),#110,.T.);
#1200=ADVANCED_FACE('',(#130),#111,.T.);
#1201=ADVANCED_FACE('',(#131),#112,.T.);
#1202=ADVANCED_FACE('',(#132),#1176,.T.);
#1203=ADVANCED_FACE('',(#133),#69,.T.);
#1204=ADVANCED_FACE('',(#134),#1177,.F.);
#1205=ADVANCED_FACE('',(#135),#70,.T.);
#1206=ADVANCED_FACE('',(#136),#71,.T.);
#1207=ADVANCED_FACE('',(#137),#72,.T.);
#1208=ADVANCED_FACE('',(#138,#65),#73,.F.);
#1209=ADVANCED_FACE('',(#139),#74,.T.);
#1210=ADVANCED_FACE('',(#140),#1178,.F.);
#1211=ADVANCED_FACE('',(#141),#75,.T.);
#1212=ADVANCED_FACE('',(#142),#76,.F.);
#1213=ADVANCED_FACE('',(#143),#113,.F.);
#1214=ADVANCED_FACE('',(#144),#77,.F.);
#1215=ADVANCED_FACE('',(#145,#66),#78,.T.);
#1216=ADVANCED_FACE('',(#146),#79,.T.);
#1217=ADVANCED_FACE('',(#147),#1179,.F.);
#1218=ADVANCED_FACE('',(#148),#80,.T.);
#1219=ADVANCED_FACE('',(#149),#81,.T.);
#1220=ADVANCED_FACE('',(#150),#1180,.F.);
#1221=ADVANCED_FACE('',(#151),#82,.T.);
#1222=ADVANCED_FACE('',(#152),#83,.F.);
#1223=ADVANCED_FACE('',(#153),#114,.F.);
#1224=ADVANCED_FACE('',(#154),#84,.F.);
#1225=ADVANCED_FACE('',(#155),#85,.T.);
#1226=ADVANCED_FACE('',(#156),#1181,.F.);
#1227=ADVANCED_FACE('',(#157),#86,.T.);
#1228=ADVANCED_FACE('',(#158),#87,.T.);
#1229=ADVANCED_FACE('',(#159),#1182,.F.);
#1230=ADVANCED_FACE('',(#160),#88,.T.);
#1231=ADVANCED_FACE('',(#161),#89,.F.);
#1232=ADVANCED_FACE('',(#162),#115,.F.);
#1233=ADVANCED_FACE('',(#163),#90,.F.);
#1234=ADVANCED_FACE('',(#164),#91,.T.);
#1235=ADVANCED_FACE('',(#165),#1183,.F.);
#1236=ADVANCED_FACE('',(#166),#92,.T.);
#1237=ADVANCED_FACE('',(#167),#93,.T.);
#1238=ADVANCED_FACE('',(#168),#1184,.F.);
#1239=ADVANCED_FACE('',(#169),#94,.T.);
#1240=ADVANCED_FACE('',(#170),#95,.F.);
#1241=ADVANCED_FACE('',(#171),#116,.F.);
#1242=ADVANCED_FACE('',(#172),#96,.F.);
#1243=ADVANCED_FACE('',(#173),#97,.T.);
#1244=ADVANCED_FACE('',(#174),#1185,.F.);
#1245=ADVANCED_FACE('',(#175),#98,.T.);
#1246=ADVANCED_FACE('',(#176),#99,.T.);
#1247=ADVANCED_FACE('',(#177),#1186,.F.);
#1248=ADVANCED_FACE('',(#178),#100,.T.);
#1249=ADVANCED_FACE('',(#179),#101,.F.);
#1250=ADVANCED_FACE('',(#180),#117,.F.);
#1251=ADVANCED_FACE('',(#181),#102,.F.);
#1252=ADVANCED_FACE('',(#182),#118,.T.);
#1253=ADVANCED_FACE('',(#183),#1187,.F.);
#1254=ADVANCED_FACE('',(#184),#103,.T.);
#1255=ADVANCED_FACE('',(#185),#1188,.F.);
#1256=ADVANCED_FACE('',(#186),#104,.T.);
#1257=ADVANCED_FACE('',(#187),#105,.F.);
#1258=ADVANCED_FACE('',(#188),#119,.F.);
#1259=ADVANCED_FACE('',(#189),#106,.F.);
#1260=ADVANCED_FACE('',(#190),#1189,.T.);
#1261=ADVANCED_FACE('',(#191),#120,.T.);
#1262=ADVANCED_FACE('',(#192),#1190,.T.);
#1263=CLOSED_SHELL('',(#1191,#1192,#1193,#1194,#1195,#1196,#1197,#1198,
#1199,#1200,#1201,#1202,#1203,#1204,#1205,#1206,#1207,#1208,#1209,#1210,
#1211,#1212,#1213,#1214,#1215,#1216,#1217,#1218,#1219,#1220,#1221,#1222,
#1223,#1224,#1225,#1226,#1227,#1228,#1229,#1230,#1231,#1232,#1233,#1234,
#1235,#1236,#1237,#1238,#1239,#1240,#1241,#1242,#1243,#1244,#1245,#1246,
#1247,#1248,#1249,#1250,#1251,#1252,#1253,#1254,#1255,#1256,#1257,#1258,
#1259,#1260,#1261,#1262));
#1264=DERIVED_UNIT_ELEMENT(#1266,1.);
#1265=DERIVED_UNIT_ELEMENT(#2225,-3.);
#1266=(
MASS_UNIT()
NAMED_UNIT(*)
SI_UNIT(.KILO.,.GRAM.)
);
#1267=DERIVED_UNIT((#1264,#1265));
#1268=MEASURE_REPRESENTATION_ITEM('density measure',
POSITIVE_RATIO_MEASURE(7850.),#1267);
#1269=PROPERTY_DEFINITION_REPRESENTATION(#1274,#1271);
#1270=PROPERTY_DEFINITION_REPRESENTATION(#1275,#1272);
#1271=REPRESENTATION('material name',(#1273),#2222);
#1272=REPRESENTATION('density',(#1268),#2222);
#1273=DESCRIPTIVE_REPRESENTATION_ITEM('Steel','Steel');
#1274=PROPERTY_DEFINITION('material property','material name',#2232);
#1275=PROPERTY_DEFINITION('material property','density of part',#2232);
#1276=AXIS2_PLACEMENT_3D('',#1731,#1397,#1398);
#1277=AXIS2_PLACEMENT_3D('',#1732,#1399,#1400);
#1278=AXIS2_PLACEMENT_3D('',#1734,#1401,#1402);
#1279=AXIS2_PLACEMENT_3D('',#1737,#1404,#1405);
#1280=AXIS2_PLACEMENT_3D('',#1738,#1406,#1407);
#1281=AXIS2_PLACEMENT_3D('',#1741,#1409,#1410);
#1282=AXIS2_PLACEMENT_3D('',#1742,#1411,#1412);
#1283=AXIS2_PLACEMENT_3D('',#1744,#1413,#1414);
#1284=AXIS2_PLACEMENT_3D('',#1745,#1415,#1416);
#1285=AXIS2_PLACEMENT_3D('',#1747,#1417,#1418);
#1286=AXIS2_PLACEMENT_3D('',#1749,#1420,#1421);
#1287=AXIS2_PLACEMENT_3D('',#1751,#1422,#1423);
#1288=AXIS2_PLACEMENT_3D('',#1752,#1424,#1425);
#1289=AXIS2_PLACEMENT_3D('',#1759,#1426,#1427);
#1290=AXIS2_PLACEMENT_3D('',#1762,#1429,#1430);
#1291=AXIS2_PLACEMENT_3D('',#1772,#1431,#1432);
#1292=AXIS2_PLACEMENT_3D('',#1782,#1433,#1434);
#1293=AXIS2_PLACEMENT_3D('',#1792,#1435,#1436);
#1294=AXIS2_PLACEMENT_3D('',#1802,#1437,#1438);
#1295=AXIS2_PLACEMENT_3D('',#1812,#1439,#1440);
#1296=AXIS2_PLACEMENT_3D('',#1816,#1441,#1442);
#1297=AXIS2_PLACEMENT_3D('',#1820,#1444,#1445);
#1298=AXIS2_PLACEMENT_3D('',#1822,#1447,#1448);
#1299=AXIS2_PLACEMENT_3D('',#1826,#1450,#1451);
#1300=AXIS2_PLACEMENT_3D('',#1828,#1453,#1454);
#1301=AXIS2_PLACEMENT_3D('',#1832,#1456,#1457);
#1302=AXIS2_PLACEMENT_3D('',#1834,#1458,#1459);
#1303=AXIS2_PLACEMENT_3D('',#1836,#1461,#1462);
#1304=AXIS2_PLACEMENT_3D('',#1840,#1464,#1465);
#1305=AXIS2_PLACEMENT_3D('',#1842,#1467,#1468);
#1306=AXIS2_PLACEMENT_3D('',#1846,#1470,#1471);
#1307=AXIS2_PLACEMENT_3D('',#1848,#1473,#1474);
#1308=AXIS2_PLACEMENT_3D('',#1866,#1476,#1477);
#1309=AXIS2_PLACEMENT_3D('',#1895,#1478,#1479);
#1310=AXIS2_PLACEMENT_3D('',#1906,#1483,#1484);
#1311=AXIS2_PLACEMENT_3D('',#1908,#1485,#1486);
#1312=AXIS2_PLACEMENT_3D('',#1910,#1487,#1488);
#1313=AXIS2_PLACEMENT_3D('',#1915,#1489,#1490);
#1314=AXIS2_PLACEMENT_3D('',#1920,#1494,#1495);
#1315=AXIS2_PLACEMENT_3D('',#1929,#1498,#1499);
#1316=AXIS2_PLACEMENT_3D('',#1938,#1502,#1503);
#1317=AXIS2_PLACEMENT_3D('',#1940,#1504,#1505);
#1318=AXIS2_PLACEMENT_3D('',#1942,#1506,#1507);
#1319=AXIS2_PLACEMENT_3D('',#1948,#1510,#1511);
#1320=AXIS2_PLACEMENT_3D('',#1954,#1514,#1515);
#1321=AXIS2_PLACEMENT_3D('',#1960,#1518,#1519);
#1322=AXIS2_PLACEMENT_3D('',#1965,#1522,#1523);
#1323=AXIS2_PLACEMENT_3D('',#1966,#1524,#1525);
#1324=AXIS2_PLACEMENT_3D('',#1977,#1529,#1530);
#1325=AXIS2_PLACEMENT_3D('',#1979,#1531,#1532);
#1326=AXIS2_PLACEMENT_3D('',#1985,#1533,#1534);
#1327=AXIS2_PLACEMENT_3D('',#1986,#1535,#1536);
#1328=AXIS2_PLACEMENT_3D('',#1991,#1540,#1541);
#1329=AXIS2_PLACEMENT_3D('',#1993,#1543,#1544);
#1330=AXIS2_PLACEMENT_3D('',#1995,#1546,#1547);
#1331=AXIS2_PLACEMENT_3D('',#1996,#1548,#1549);
#1332=AXIS2_PLACEMENT_3D('',#1998,#1550,#1551);
#1333=AXIS2_PLACEMENT_3D('',#2002,#1553,#1554);
#1334=AXIS2_PLACEMENT_3D('',#2008,#1557,#1558);
#1335=AXIS2_PLACEMENT_3D('',#2014,#1561,#1562);
#1336=AXIS2_PLACEMENT_3D('',#2020,#1565,#1566);
#1337=AXIS2_PLACEMENT_3D('',#2026,#1569,#1570);
#1338=AXIS2_PLACEMENT_3D('',#2028,#1572,#1573);
#1339=AXIS2_PLACEMENT_3D('',#2036,#1576,#1577);
#1340=AXIS2_PLACEMENT_3D('',#2037,#1578,#1579);
#1341=AXIS2_PLACEMENT_3D('',#2038,#1580,#1581);
#1342=AXIS2_PLACEMENT_3D('',#2045,#1583,#1584);
#1343=AXIS2_PLACEMENT_3D('',#2053,#1587,#1588);
#1344=AXIS2_PLACEMENT_3D('',#2059,#1589,#1590);
#1345=AXIS2_PLACEMENT_3D('',#2060,#1591,#1592);
#1346=AXIS2_PLACEMENT_3D('',#2062,#1594,#1595);
#1347=AXIS2_PLACEMENT_3D('',#2064,#1597,#1598);
#1348=AXIS2_PLACEMENT_3D('',#2066,#1600,#1601);
#1349=AXIS2_PLACEMENT_3D('',#2067,#1602,#1603);
#1350=AXIS2_PLACEMENT_3D('',#2075,#1606,#1607);
#1351=AXIS2_PLACEMENT_3D('',#2076,#1608,#1609);
#1352=AXIS2_PLACEMENT_3D('',#2077,#1610,#1611);
#1353=AXIS2_PLACEMENT_3D('',#2084,#1613,#1614);
#1354=AXIS2_PLACEMENT_3D('',#2092,#1617,#1618);
#1355=AXIS2_PLACEMENT_3D('',#2098,#1619,#1620);
#1356=AXIS2_PLACEMENT_3D('',#2099,#1621,#1622);
#1357=AXIS2_PLACEMENT_3D('',#2101,#1624,#1625);
#1358=AXIS2_PLACEMENT_3D('',#2103,#1627,#1628);
#1359=AXIS2_PLACEMENT_3D('',#2105,#1630,#1631);
#1360=AXIS2_PLACEMENT_3D('',#2106,#1632,#1633);
#1361=AXIS2_PLACEMENT_3D('',#2114,#1636,#1637);
#1362=AXIS2_PLACEMENT_3D('',#2115,#1638,#1639);
#1363=AXIS2_PLACEMENT_3D('',#2116,#1640,#1641);
#1364=AXIS2_PLACEMENT_3D('',#2123,#1643,#1644);
#1365=AXIS2_PLACEMENT_3D('',#2131,#1647,#1648);
#1366=AXIS2_PLACEMENT_3D('',#2137,#1649,#1650);
#1367=AXIS2_PLACEMENT_3D('',#2138,#1651,#1652);
#1368=AXIS2_PLACEMENT_3D('',#2140,#1654,#1655);
#1369=AXIS2_PLACEMENT_3D('',#2142,#1657,#1658);
#1370=AXIS2_PLACEMENT_3D('',#2144,#1660,#1661);
#1371=AXIS2_PLACEMENT_3D('',#2145,#1662,#1663);
#1372=AXIS2_PLACEMENT_3D('',#2153,#1666,#1667);
#1373=AXIS2_PLACEMENT_3D('',#2154,#1668,#1669);
#1374=AXIS2_PLACEMENT_3D('',#2155,#1670,#1671);
#1375=AXIS2_PLACEMENT_3D('',#2162,#1673,#1674);
#1376=AXIS2_PLACEMENT_3D('',#2170,#1677,#1678);
#1377=AXIS2_PLACEMENT_3D('',#2176,#1679,#1680);
#1378=AXIS2_PLACEMENT_3D('',#2177,#1681,#1682);
#1379=AXIS2_PLACEMENT_3D('',#2179,#1684,#1685);
#1380=AXIS2_PLACEMENT_3D('',#2181,#1687,#1688);
#1381=AXIS2_PLACEMENT_3D('',#2183,#1690,#1691);
#1382=AXIS2_PLACEMENT_3D('',#2184,#1692,#1693);
#1383=AXIS2_PLACEMENT_3D('',#2187,#1696,#1697);
#1384=AXIS2_PLACEMENT_3D('',#2188,#1698,#1699);
#1385=AXIS2_PLACEMENT_3D('',#2189,#1700,#1701);
#1386=AXIS2_PLACEMENT_3D('',#2196,#1703,#1704);
#1387=AXIS2_PLACEMENT_3D('',#2202,#1705,#1706);
#1388=AXIS2_PLACEMENT_3D('',#2203,#1707,#1708);
#1389=AXIS2_PLACEMENT_3D('',#2205,#1710,#1711);
#1390=AXIS2_PLACEMENT_3D('',#2207,#1713,#1714);
#1391=AXIS2_PLACEMENT_3D('',#2209,#1716,#1717);
#1392=AXIS2_PLACEMENT_3D('',#2210,#1718,#1719);
#1393=AXIS2_PLACEMENT_3D('',#2212,#1720,#1721);
#1394=AXIS2_PLACEMENT_3D('',#2214,#1723,#1724);
#1395=AXIS2_PLACEMENT_3D('',#2216,#1725,#1726);
#1396=AXIS2_PLACEMENT_3D('',#2218,#1728,#1729);
#1397=DIRECTION('axis',(0.,0.,1.));
#1398=DIRECTION('refdir',(1.,0.,0.));
#1399=DIRECTION('center_axis',(0.,0.,1.));
#1400=DIRECTION('ref_axis',(-1.,0.,0.));
#1401=DIRECTION('center_axis',(0.,0.,1.));
#1402=DIRECTION('ref_axis',(-1.,0.,0.));
#1403=DIRECTION('',(-0.707106781186547,-8.65956056235493E-17,-0.707106781186548));
#1404=DIRECTION('center_axis',(0.,0.,-1.));
#1405=DIRECTION('ref_axis',(-1.,0.,0.));
#1406=DIRECTION('center_axis',(0.,0.,-1.));
#1407=DIRECTION('ref_axis',(-1.,0.,0.));
#1408=DIRECTION('',(0.,0.,-1.));
#1409=DIRECTION('center_axis',(0.,0.,1.));
#1410=DIRECTION('ref_axis',(-1.,0.,0.));
#1411=DIRECTION('center_axis',(0.,0.,1.));
#1412=DIRECTION('ref_axis',(1.,0.,0.));
#1413=DIRECTION('center_axis',(0.,0.,-1.));
#1414=DIRECTION('ref_axis',(-0.499999999999999,0.866025403784439,0.));
#1415=DIRECTION('center_axis',(0.,0.,-1.));
#1416=DIRECTION('ref_axis',(-1.,0.,0.));
#1417=DIRECTION('center_axis',(0.,0.,-1.));
#1418=DIRECTION('ref_axis',(-1.,0.,0.));
#1419=DIRECTION('',(-0.707106781186547,8.65956056235493E-17,0.707106781186548));
#1420=DIRECTION('center_axis',(0.,0.,1.));
#1421=DIRECTION('ref_axis',(1.,0.,0.));
#1422=DIRECTION('center_axis',(0.,0.,1.));
#1423=DIRECTION('ref_axis',(-0.499999999999999,0.866025403784439,0.));
#1424=DIRECTION('center_axis',(0.,0.,1.));
#1425=DIRECTION('ref_axis',(-0.499999999999999,0.866025403784439,0.));
#1426=DIRECTION('center_axis',(0.,0.,-1.));
#1427=DIRECTION('ref_axis',(-0.499999999999999,0.866025403784439,0.));
#1428=DIRECTION('',(-0.353553390593273,0.612372435695795,-0.707106781186548));
#1429=DIRECTION('center_axis',(0.,0.,-1.));
#1430=DIRECTION('ref_axis',(-0.499999999999999,0.866025403784439,0.));
#1431=DIRECTION('center_axis',(0.,0.,-1.));
#1432=DIRECTION('ref_axis',(-0.499999999999999,0.866025403784439,0.));
#1433=DIRECTION('center_axis',(0.,0.,-1.));
#1434=DIRECTION('ref_axis',(-0.499999999999999,0.866025403784439,0.));
#1435=DIRECTION('center_axis',(0.,0.,-1.));
#1436=DIRECTION('ref_axis',(-0.499999999999999,0.866025403784439,0.));
#1437=DIRECTION('center_axis',(0.,0.,-1.));
#1438=DIRECTION('ref_axis',(-0.499999999999999,0.866025403784439,0.));
#1439=DIRECTION('center_axis',(0.,0.,-1.));
#1440=DIRECTION('ref_axis',(-0.499999999999999,0.866025403784439,0.));
#1441=DIRECTION('center_axis',(0.,0.,-1.));
#1442=DIRECTION('ref_axis',(-0.499999999999999,0.866025403784439,0.));
#1443=DIRECTION('',(0.,0.,-1.));
#1444=DIRECTION('center_axis',(0.,0.,1.));
#1445=DIRECTION('ref_axis',(-0.499999999999999,0.866025403784439,0.));
#1446=DIRECTION('',(0.,0.,-1.));
#1447=DIRECTION('center_axis',(0.,0.,-1.));
#1448=DIRECTION('ref_axis',(-0.499999999999999,0.866025403784439,0.));
#1449=DIRECTION('',(0.,0.,-1.));
#1450=DIRECTION('center_axis',(0.,0.,1.));
#1451=DIRECTION('ref_axis',(-0.499999999999999,0.866025403784439,0.));
#1452=DIRECTION('',(0.,0.,-1.));
#1453=DIRECTION('center_axis',(0.,0.,-1.));
#1454=DIRECTION('ref_axis',(0.577165488996558,-0.816627208897281,0.));
#1455=DIRECTION('',(0.,0.,-1.));
#1456=DIRECTION('center_axis',(0.,0.,1.));
#1457=DIRECTION('ref_axis',(-0.499999999999999,0.866025403784439,0.));
#1458=DIRECTION('center_axis',(0.,0.,1.));
#1459=DIRECTION('ref_axis',(-0.499999999999999,0.866025403784439,0.));
#1460=DIRECTION('',(0.,0.,-1.));
#1461=DIRECTION('center_axis',(0.,0.,-1.));
#1462=DIRECTION('ref_axis',(-0.499999999999999,0.866025403784439,0.));
#1463=DIRECTION('',(0.,0.,-1.));
#1464=DIRECTION('center_axis',(0.,0.,1.));
#1465=DIRECTION('ref_axis',(-0.499999999999999,0.866025403784439,0.));
#1466=DIRECTION('',(0.,0.,-1.));
#1467=DIRECTION('center_axis',(0.,0.,-1.));
#1468=DIRECTION('ref_axis',(-0.499999999999999,0.866025403784439,0.));
#1469=DIRECTION('',(0.,0.,-1.));
#1470=DIRECTION('center_axis',(0.,0.,1.));
#1471=DIRECTION('ref_axis',(-0.499999999999999,0.866025403784439,0.));
#1472=DIRECTION('',(0.,0.,-1.));
#1473=DIRECTION('center_axis',(0.,0.,-1.));
#1474=DIRECTION('ref_axis',(-0.499999999999999,0.866025403784439,0.));
#1475=DIRECTION('',(0.353553390593273,-0.612372435695795,-0.707106781186548));
#1476=DIRECTION('center_axis',(0.,0.,1.));
#1477=DIRECTION('ref_axis',(-0.499999999999999,0.866025403784439,0.));
#1478=DIRECTION('center_axis',(0.22403148250542,0.670678682266272,-0.707106781186548));
#1479=DIRECTION('ref_axis',(-0.953297851811812,0.,-0.302031795894048));
#1480=DIRECTION('',(-0.948482888455478,0.316828360957716,0.));
#1481=DIRECTION('',(-0.907300312156328,0.408434962818615,0.0999351024834915));
#1482=DIRECTION('',(0.948482888455478,-0.316828360957716,0.));
#1483=DIRECTION('center_axis',(0.,0.,-1.));
#1484=DIRECTION('ref_axis',(0.499999999999999,-0.866025403784439,0.));
#1485=DIRECTION('center_axis',(0.,0.,-1.));
#1486=DIRECTION('ref_axis',(0.499999999999999,-0.866025403784439,0.));
#1487=DIRECTION('center_axis',(0.,0.,1.));
#1488=DIRECTION('ref_axis',(0.499999999999999,-0.866025403784439,0.));
#1489=DIRECTION('center_axis',(0.353553390593274,-0.612372435695796,-0.707106781186547));
#1490=DIRECTION('ref_axis',(-0.894427190999916,0.,-0.447213595499958));
#1491=DIRECTION('',(-0.866025403784439,-0.499999999999999,0.));
#1492=DIRECTION('',(-0.807365209672837,-0.581527637779624,0.0999351024834923));
#1493=DIRECTION('',(0.866025403784439,0.499999999999999,0.));
#1494=DIRECTION('center_axis',(-0.353553390593274,-0.612372435695794,-0.707106781186547));
#1495=DIRECTION('ref_axis',(-0.894427190999916,0.,0.447213595499958));
#1496=DIRECTION('',(0.866025403784438,-0.5,0.));
#1497=DIRECTION('',(-0.866025403784438,0.5,0.));
#1498=DIRECTION('center_axis',(-0.468809035366554,0.52935629623032,-0.707106781186547));
#1499=DIRECTION('ref_axis',(-0.833459570552948,0.,0.552580441432463));
#1500=DIRECTION('',(0.748622853456507,0.662996095978428,0.));
#1501=DIRECTION('',(-0.748622853456507,-0.662996095978428,0.));
#1502=DIRECTION('center_axis',(0.,0.,1.));
#1503=DIRECTION('ref_axis',(1.,0.,0.));
#1504=DIRECTION('center_axis',(0.,0.,1.));
#1505=DIRECTION('ref_axis',(1.,0.,0.));
#1506=DIRECTION('center_axis',(0.,0.,-1.));
#1507=DIRECTION('ref_axis',(1.,0.,0.));
#1508=DIRECTION('',(0.,1.,0.));
#1509=DIRECTION('',(0.199860034998971,-0.979824456936144,0.));
#1510=DIRECTION('center_axis',(0.,0.,-1.));
#1511=DIRECTION('ref_axis',(0.5,0.866025403784439,0.));
#1512=DIRECTION('',(-0.866025403784439,0.5,0.));
#1513=DIRECTION('',(0.948482888455478,-0.316828360957716,0.));
#1514=DIRECTION('center_axis',(0.,0.,-1.));
#1515=DIRECTION('ref_axis',(-0.5,0.866025403784439,0.));
#1516=DIRECTION('',(-0.866025403784439,-0.5,0.));
#1517=DIRECTION('',(0.748622853456507,0.662996095978428,0.));
#1518=DIRECTION('center_axis',(0.,0.,-1.));
#1519=DIRECTION('ref_axis',(-1.,1.40980701539702E-16,0.));
#1520=DIRECTION('',(-1.66533453693773E-16,-1.,0.));
#1521=DIRECTION('',(-0.199860034998971,0.979824456936144,0.));
#1522=DIRECTION('center_axis',(0.,0.,-1.));
#1523=DIRECTION('ref_axis',(-0.500000000000001,-0.866025403784438,0.));
#1524=DIRECTION('center_axis',(0.22403148250542,0.670678682266272,0.707106781186548));
#1525=DIRECTION('ref_axis',(0.953297851811812,0.,-0.302031795894048));
#1526=DIRECTION('',(-0.948482888455478,0.316828360957716,0.));
#1527=DIRECTION('',(-0.907300312156328,0.408434962818615,-0.0999351024834916));
#1528=DIRECTION('',(0.948482888455478,-0.316828360957716,0.));
#1529=DIRECTION('center_axis',(0.,0.,1.));
#1530=DIRECTION('ref_axis',(0.499999999999999,-0.866025403784439,0.));
#1531=DIRECTION('center_axis',(0.,0.,1.));
#1532=DIRECTION('ref_axis',(0.499999999999999,-0.866025403784439,0.));
#1533=DIRECTION('center_axis',(0.,0.,-1.));
#1534=DIRECTION('ref_axis',(0.499999999999999,-0.866025403784439,0.));
#1535=DIRECTION('center_axis',(0.353553390593274,-0.612372435695796,0.707106781186546));
#1536=DIRECTION('ref_axis',(0.894427190999916,0.,-0.447213595499958));
#1537=DIRECTION('',(-0.866025403784439,-0.499999999999999,0.));
#1538=DIRECTION('',(-0.807365209672837,-0.581527637779624,-0.0999351024834924));
#1539=DIRECTION('',(0.866025403784439,0.499999999999999,0.));
#1540=DIRECTION('center_axis',(-0.316828360957716,-0.948482888455478,0.));
#1541=DIRECTION('ref_axis',(-0.948482888455478,0.316828360957716,0.));
#1542=DIRECTION('',(0.,0.,-1.));
#1543=DIRECTION('center_axis',(0.,0.,-1.));
#1544=DIRECTION('ref_axis',(-0.499999999999999,0.866025403784439,0.));
#1545=DIRECTION('',(0.,0.,-1.));
#1546=DIRECTION('center_axis',(-0.499999999999999,0.866025403784439,0.));
#1547=DIRECTION('ref_axis',(0.866025403784439,0.499999999999999,0.));
#1548=DIRECTION('center_axis',(0.,0.,1.));
#1549=DIRECTION('ref_axis',(1.,0.,0.));
#1550=DIRECTION('center_axis',(0.,0.,-1.));
#1551=DIRECTION('ref_axis',(1.,0.,0.));
#1552=DIRECTION('',(-0.866025403784438,0.5,0.));
#1553=DIRECTION('center_axis',(0.,0.,1.));
#1554=DIRECTION('ref_axis',(-0.500000000000001,-0.866025403784438,0.));
#1555=DIRECTION('',(0.199860034998971,-0.979824456936144,0.));
#1556=DIRECTION('',(1.66533453693773E-16,1.,0.));
#1557=DIRECTION('center_axis',(0.,0.,1.));
#1558=DIRECTION('ref_axis',(-1.,1.40980701539702E-16,0.));
#1559=DIRECTION('',(-0.748622853456507,-0.662996095978428,0.));
#1560=DIRECTION('',(0.866025403784439,0.5,0.));
#1561=DIRECTION('center_axis',(0.,0.,1.));
#1562=DIRECTION('ref_axis',(-0.5,0.866025403784439,0.));
#1563=DIRECTION('',(-0.948482888455478,0.316828360957716,0.));
#1564=DIRECTION('',(0.866025403784439,-0.5,0.));
#1565=DIRECTION('center_axis',(0.,0.,1.));
#1566=DIRECTION('ref_axis',(0.5,0.866025403784439,0.));
#1567=DIRECTION('',(-0.199860034998971,0.979824456936144,0.));
#1568=DIRECTION('',(0.,-1.,0.));
#1569=DIRECTION('center_axis',(0.,0.,1.));
#1570=DIRECTION('ref_axis',(1.,0.,0.));
#1571=DIRECTION('',(0.748622853456507,0.662996095978428,0.));
#1572=DIRECTION('center_axis',(0.692840517871974,0.141322386035953,-0.707106781186548));
#1573=DIRECTION('ref_axis',(-0.714275516543062,0.,-0.699864620099589));
#1574=DIRECTION('',(-0.0999351024834914,0.989962600598239,0.0999351024834916));
#1575=DIRECTION('',(0.199860034998971,-0.979824456936144,0.));
#1576=DIRECTION('center_axis',(0.,0.,-1.));
#1577=DIRECTION('ref_axis',(-0.5,-0.866025403784438,0.));
#1578=DIRECTION('center_axis',(0.,0.,1.));
#1579=DIRECTION('ref_axis',(-0.5,-0.866025403784438,0.));
#1580=DIRECTION('center_axis',(-0.707106781186548,1.17756934401283E-16,
-0.707106781186547));
#1581=DIRECTION('ref_axis',(-0.707106781186547,0.,0.707106781186548));
#1582=DIRECTION('',(1.66533453693773E-16,1.,0.));
#1583=DIRECTION('center_axis',(0.692840517871974,0.141322386035953,0.707106781186547));
#1584=DIRECTION('ref_axis',(0.714275516543062,0.,-0.699864620099589));
#1585=DIRECTION('',(-0.199860034998971,0.979824456936144,0.));
#1586=DIRECTION('',(-0.0999351024834914,0.989962600598239,-0.0999351024834916));
#1587=DIRECTION('center_axis',(0.,0.,1.));
#1588=DIRECTION('ref_axis',(-0.5,-0.866025403784438,0.));
#1589=DIRECTION('center_axis',(0.,0.,-1.));
#1590=DIRECTION('ref_axis',(-0.5,-0.866025403784438,0.));
#1591=DIRECTION('center_axis',(-0.353553390593274,-0.612372435695795,0.707106781186547));
#1592=DIRECTION('ref_axis',(0.894427190999916,0.,0.447213595499958));
#1593=DIRECTION('',(0.866025403784438,-0.5,0.));
#1594=DIRECTION('center_axis',(-0.979824456936144,-0.199860034998971,0.));
#1595=DIRECTION('ref_axis',(-0.199860034998971,0.979824456936144,0.));
#1596=DIRECTION('',(0.,0.,-1.));
#1597=DIRECTION('center_axis',(0.,0.,-1.));
#1598=DIRECTION('ref_axis',(0.5,0.866025403784438,0.));
#1599=DIRECTION('',(0.,0.,-1.));
#1600=DIRECTION('center_axis',(0.5,0.866025403784438,0.));
#1601=DIRECTION('ref_axis',(0.866025403784438,-0.5,0.));
#1602=DIRECTION('center_axis',(0.468809035366554,-0.529356296230319,-0.707106781186547));
#1603=DIRECTION('ref_axis',(-0.833459570552948,0.,-0.552580441432462));
#1604=DIRECTION('',(0.807365209672837,0.581527637779624,0.0999351024834918));
#1605=DIRECTION('',(-0.748622853456507,-0.662996095978428,0.));
#1606=DIRECTION('center_axis',(0.,0.,-1.));
#1607=DIRECTION('ref_axis',(-1.,1.40980701539702E-16,0.));
#1608=DIRECTION('center_axis',(0.,0.,1.));
#1609=DIRECTION('ref_axis',(-1.,1.40980701539702E-16,0.));
#1610=DIRECTION('center_axis',(-0.353553390593274,0.612372435695795,-0.707106781186547));
#1611=DIRECTION('ref_axis',(-0.894427190999916,0.,0.447213595499958));
#1612=DIRECTION('',(0.866025403784439,0.5,0.));
#1613=DIRECTION('center_axis',(0.468809035366554,-0.529356296230319,0.707106781186547));
#1614=DIRECTION('ref_axis',(0.833459570552948,0.,-0.552580441432463));
#1615=DIRECTION('',(0.748622853456507,0.662996095978428,0.));
#1616=DIRECTION('',(0.807365209672837,0.581527637779624,-0.0999351024834919));
#1617=DIRECTION('center_axis',(0.,0.,1.));
#1618=DIRECTION('ref_axis',(-1.,1.40980701539702E-16,0.));
#1619=DIRECTION('center_axis',(0.,0.,-1.));
#1620=DIRECTION('ref_axis',(-1.,1.40980701539702E-16,0.));
#1621=DIRECTION('center_axis',(-0.707106781186548,1.17756934401283E-16,
0.707106781186547));
#1622=DIRECTION('ref_axis',(0.707106781186547,0.,0.707106781186548));
#1623=DIRECTION('',(-1.66533453693773E-16,-1.,0.));
#1624=DIRECTION('center_axis',(-0.662996095978428,0.748622853456507,0.));
#1625=DIRECTION('ref_axis',(0.748622853456507,0.662996095978428,0.));
#1626=DIRECTION('',(0.,0.,-1.));
#1627=DIRECTION('center_axis',(0.,0.,-1.));
#1628=DIRECTION('ref_axis',(1.,-1.40980701539702E-16,0.));
#1629=DIRECTION('',(0.,0.,-1.));
#1630=DIRECTION('center_axis',(1.,-1.66533453693773E-16,0.));
#1631=DIRECTION('ref_axis',(-1.66533453693773E-16,-1.,0.));
#1632=DIRECTION('center_axis',(-0.22403148250542,-0.670678682266273,-0.707106781186547));
#1633=DIRECTION('ref_axis',(-0.953297851811812,0.,0.302031795894048));
#1634=DIRECTION('',(0.907300312156329,-0.408434962818614,0.0999351024834917));
#1635=DIRECTION('',(-0.948482888455478,0.316828360957716,0.));
#1636=DIRECTION('center_axis',(0.,0.,-1.));
#1637=DIRECTION('ref_axis',(-0.5,0.866025403784439,0.));
#1638=DIRECTION('center_axis',(0.,0.,1.));
#1639=DIRECTION('ref_axis',(-0.5,0.866025403784439,0.));
#1640=DIRECTION('center_axis',(0.353553390593274,0.612372435695794,-0.707106781186548));
#1641=DIRECTION('ref_axis',(-0.894427190999916,0.,-0.447213595499958));
#1642=DIRECTION('',(0.866025403784439,-0.5,0.));
#1643=DIRECTION('center_axis',(-0.22403148250542,-0.670678682266273,0.707106781186547));
#1644=DIRECTION('ref_axis',(0.953297851811812,0.,0.302031795894048));
#1645=DIRECTION('',(0.948482888455478,-0.316828360957716,0.));
#1646=DIRECTION('',(0.907300312156329,-0.408434962818614,-0.0999351024834917));
#1647=DIRECTION('center_axis',(0.,0.,1.));
#1648=DIRECTION('ref_axis',(-0.5,0.866025403784439,0.));
#1649=DIRECTION('center_axis',(0.,0.,-1.));
#1650=DIRECTION('ref_axis',(-0.5,0.866025403784439,0.));
#1651=DIRECTION('center_axis',(-0.353553390593274,0.612372435695795,0.707106781186547));
#1652=DIRECTION('ref_axis',(0.894427190999916,0.,0.447213595499958));
#1653=DIRECTION('',(-0.866025403784439,-0.5,0.));
#1654=DIRECTION('center_axis',(0.316828360957716,0.948482888455478,0.));
#1655=DIRECTION('ref_axis',(0.948482888455478,-0.316828360957716,0.));
#1656=DIRECTION('',(0.,0.,-1.));
#1657=DIRECTION('center_axis',(0.,0.,-1.));
#1658=DIRECTION('ref_axis',(0.5,-0.866025403784439,0.));
#1659=DIRECTION('',(0.,0.,-1.));
#1660=DIRECTION('center_axis',(0.5,-0.866025403784439,0.));
#1661=DIRECTION('ref_axis',(-0.866025403784439,-0.5,0.));
#1662=DIRECTION('center_axis',(-0.692840517871974,-0.141322386035954,-0.707106781186547));
#1663=DIRECTION('ref_axis',(-0.714275516543061,0.,0.69986462009959));
#1664=DIRECTION('',(0.0999351024834917,-0.989962600598239,0.0999351024834917));
#1665=DIRECTION('',(-0.199860034998971,0.979824456936144,0.));
#1666=DIRECTION('center_axis',(0.,0.,-1.));
#1667=DIRECTION('ref_axis',(0.5,0.866025403784439,0.));
#1668=DIRECTION('center_axis',(0.,0.,1.));
#1669=DIRECTION('ref_axis',(0.5,0.866025403784439,0.));
#1670=DIRECTION('center_axis',(0.707106781186548,0.,-0.707106781186547));
#1671=DIRECTION('ref_axis',(-0.707106781186547,0.,-0.707106781186548));
#1672=DIRECTION('',(0.,-1.,0.));
#1673=DIRECTION('center_axis',(-0.692840517871974,-0.141322386035954,0.707106781186547));
#1674=DIRECTION('ref_axis',(0.714275516543061,0.,0.69986462009959));
#1675=DIRECTION('',(0.199860034998971,-0.979824456936144,0.));
#1676=DIRECTION('',(0.0999351024834917,-0.989962600598239,-0.0999351024834918));
#1677=DIRECTION('center_axis',(0.,0.,1.));
#1678=DIRECTION('ref_axis',(0.5,0.866025403784439,0.));
#1679=DIRECTION('center_axis',(0.,0.,-1.));
#1680=DIRECTION('ref_axis',(0.5,0.866025403784439,0.));
#1681=DIRECTION('center_axis',(0.353553390593274,0.612372435695795,0.707106781186547));
#1682=DIRECTION('ref_axis',(0.894427190999916,0.,-0.447213595499958));
#1683=DIRECTION('',(-0.866025403784439,0.5,0.));
#1684=DIRECTION('center_axis',(0.979824456936144,0.199860034998971,0.));
#1685=DIRECTION('ref_axis',(0.199860034998971,-0.979824456936144,0.));
#1686=DIRECTION('',(0.,0.,-1.));
#1687=DIRECTION('center_axis',(0.,0.,-1.));
#1688=DIRECTION('ref_axis',(-0.5,-0.866025403784439,0.));
#1689=DIRECTION('',(0.,0.,-1.));
#1690=DIRECTION('center_axis',(-0.5,-0.866025403784439,0.));
#1691=DIRECTION('ref_axis',(-0.866025403784439,0.5,0.));
#1692=DIRECTION('center_axis',(0.,0.,-1.));
#1693=DIRECTION('ref_axis',(-0.499999999999999,0.866025403784439,0.));
#1694=DIRECTION('',(0.,0.,-1.));
#1695=DIRECTION('',(0.,0.,-1.));
#1696=DIRECTION('center_axis',(0.,0.,-1.));
#1697=DIRECTION('ref_axis',(1.,0.,0.));
#1698=DIRECTION('center_axis',(0.,0.,1.));
#1699=DIRECTION('ref_axis',(1.,0.,0.));
#1700=DIRECTION('center_axis',(-0.468809035366554,0.52935629623032,0.707106781186547));
#1701=DIRECTION('ref_axis',(0.833459570552948,0.,0.552580441432463));
#1702=DIRECTION('',(-0.748622853456507,-0.662996095978428,0.));
#1703=DIRECTION('center_axis',(0.,0.,1.));
#1704=DIRECTION('ref_axis',(1.,0.,0.));
#1705=DIRECTION('center_axis',(0.,0.,-1.));
#1706=DIRECTION('ref_axis',(1.,0.,0.));
#1707=DIRECTION('center_axis',(0.707106781186548,0.,0.707106781186547));
#1708=DIRECTION('ref_axis',(0.707106781186547,0.,-0.707106781186548));
#1709=DIRECTION('',(0.,1.,0.));
#1710=DIRECTION('center_axis',(0.662996095978428,-0.748622853456507,0.));
#1711=DIRECTION('ref_axis',(-0.748622853456507,-0.662996095978428,0.));
#1712=DIRECTION('',(0.,0.,-1.));
#1713=DIRECTION('center_axis',(0.,0.,-1.));
#1714=DIRECTION('ref_axis',(-1.,0.,0.));
#1715=DIRECTION('',(0.,0.,-1.));
#1716=DIRECTION('center_axis',(-1.,0.,0.));
#1717=DIRECTION('ref_axis',(0.,1.,0.));
#1718=DIRECTION('center_axis',(0.,0.,1.));
#1719=DIRECTION('ref_axis',(1.,0.,0.));
#1720=DIRECTION('center_axis',(0.,0.,-1.));
#1721=DIRECTION('ref_axis',(1.,0.,0.));
#1722=DIRECTION('',(0.707106781186548,8.65956056235494E-17,-0.707106781186547));
#1723=DIRECTION('center_axis',(0.,0.,1.));
#1724=DIRECTION('ref_axis',(1.,0.,0.));
#1725=DIRECTION('center_axis',(0.,0.,1.));
#1726=DIRECTION('ref_axis',(1.,0.,0.));
#1727=DIRECTION('',(0.,0.,-1.));
#1728=DIRECTION('center_axis',(0.,0.,-1.));
#1729=DIRECTION('ref_axis',(1.,0.,0.));
#1730=DIRECTION('',(-0.707106781186548,-8.65956056235494E-17,-0.707106781186547));
#1731=CARTESIAN_POINT('',(0.,0.,0.));
#1732=CARTESIAN_POINT('Origin',(0.,0.,9.8));
#1733=CARTESIAN_POINT('',(2.4,2.93915231795365E-16,10.));
#1734=CARTESIAN_POINT('Origin',(0.,0.,10.));
#1735=CARTESIAN_POINT('',(2.,-2.44929359829471E-16,9.6));
#1736=CARTESIAN_POINT('',(2.2,2.69422295812418E-16,9.8));
#1737=CARTESIAN_POINT('Origin',(0.,0.,9.6));
#1738=CARTESIAN_POINT('Origin',(0.,0.,10.));
#1739=CARTESIAN_POINT('',(2.,2.44929359829471E-16,0.4));
#1740=CARTESIAN_POINT('',(2.,-2.44929359829471E-16,10.));
#1741=CARTESIAN_POINT('Origin',(0.,0.,0.4));
#1742=CARTESIAN_POINT('Origin',(0.,0.,10.));
#1743=CARTESIAN_POINT('',(4.49999999999999,-7.79422863405995,10.));
#1744=CARTESIAN_POINT('Origin',(0.,0.,10.));
#1745=CARTESIAN_POINT('Origin',(0.,0.,0.2));
#1746=CARTESIAN_POINT('',(2.4,-2.93915231795365E-16,0.));
#1747=CARTESIAN_POINT('Origin',(0.,0.,0.));
#1748=CARTESIAN_POINT('',(2.2,-2.69422295812418E-16,0.2));
#1749=CARTESIAN_POINT('Origin',(0.,0.,0.));
#1750=CARTESIAN_POINT('',(4.49999999999999,-7.79422863405995,0.));
#1751=CARTESIAN_POINT('Origin',(0.,0.,0.));
#1752=CARTESIAN_POINT('Origin',(0.,0.,0.5));
#1753=CARTESIAN_POINT('',(8.66025403784438,-5.,1.));
#1754=CARTESIAN_POINT('',(8.32326619310822,-3.84552013867984,0.168685034307289));
#1755=CARTESIAN_POINT('Ctrl Pts',(8.66025403784439,-5.00000000000001,1.));
#1756=CARTESIAN_POINT('Ctrl Pts',(8.50120136529516,-4.40640734496669,0.56546001751591));
#1757=CARTESIAN_POINT('Ctrl Pts',(8.32326619310821,-3.84552013867982,0.168685034307272));
#1758=CARTESIAN_POINT('',(4.99999999999999,-8.66025403784439,1.));
#1759=CARTESIAN_POINT('Origin',(0.,0.,1.));
#1760=CARTESIAN_POINT('',(4.74999999999999,-8.22724133595217,0.5));
#1761=CARTESIAN_POINT('',(1.82284406508804,-9.83245846746241,1.));
#1762=CARTESIAN_POINT('Origin',(0.,0.,1.));
#1763=CARTESIAN_POINT('',(0.83131496569271,-9.13092003503183,0.168685034307288));
#1764=CARTESIAN_POINT('Ctrl Pts',(0.831314965692686,-9.13092003503182,0.168685034307269));
#1765=CARTESIAN_POINT('Ctrl Pts',(1.30820791167415,-9.48553859319047,0.565082328675359));
#1766=CARTESIAN_POINT('Ctrl Pts',(1.82284406508804,-9.83245846746241,1.));
#1767=CARTESIAN_POINT('',(-1.66533453693773E-15,-10.,1.));
#1768=CARTESIAN_POINT('Ctrl Pts',(-1.33226762955019E-15,-10.,1.));
#1769=CARTESIAN_POINT('Ctrl Pts',(0.43453998248409,-9.56546001751591,0.565460017515909));
#1770=CARTESIAN_POINT('Ctrl Pts',(0.831314965692727,-9.13092003503182,0.168685034307272));
#1771=CARTESIAN_POINT('',(-7.60373678193384,-6.49485850123514,1.));
#1772=CARTESIAN_POINT('Origin',(0.,0.,1.));
#1773=CARTESIAN_POINT('',(-7.49195122741551,-5.28539989635199,0.168685034307286));
#1774=CARTESIAN_POINT('Ctrl Pts',(-7.4919512274155,-5.28539989635196,0.168685034307266));
#1775=CARTESIAN_POINT('Ctrl Pts',(-7.56061343444357,-5.87571058153684,0.565082328675357));
#1776=CARTESIAN_POINT('Ctrl Pts',(-7.60373678193384,-6.49485850123514,1.));
#1777=CARTESIAN_POINT('',(-8.66025403784439,-5.,1.));
#1778=CARTESIAN_POINT('Ctrl Pts',(-8.66025403784439,-5.,1.));
#1779=CARTESIAN_POINT('Ctrl Pts',(-8.06666138281107,-5.15905267254922,0.565460017515908));
#1780=CARTESIAN_POINT('Ctrl Pts',(-7.49195122741548,-5.285399896352,0.16868503430727));
#1781=CARTESIAN_POINT('',(-9.42658084702188,3.33759996622727,1.));
#1782=CARTESIAN_POINT('Origin',(0.,0.,1.));
#1783=CARTESIAN_POINT('',(-8.32326619310822,3.84552013867984,0.168685034307287));
#1784=CARTESIAN_POINT('Ctrl Pts',(-8.32326619310819,3.84552013867985,0.168685034307267));
#1785=CARTESIAN_POINT('Ctrl Pts',(-8.86882134611773,3.60982801165363,0.565082328675359));
#1786=CARTESIAN_POINT('Ctrl Pts',(-9.42658084702188,3.33759996622727,1.));
#1787=CARTESIAN_POINT('',(-8.66025403784439,5.,1.));
#1788=CARTESIAN_POINT('Ctrl Pts',(-8.66025403784439,5.,1.));
#1789=CARTESIAN_POINT('Ctrl Pts',(-8.50120136529516,4.40640734496669,0.565460017515908));
#1790=CARTESIAN_POINT('Ctrl Pts',(-8.32326619310821,3.84552013867982,0.168685034307271));
#1791=CARTESIAN_POINT('',(-1.82284406508804,9.83245846746241,1.));
#1792=CARTESIAN_POINT('Origin',(0.,0.,1.));
#1793=CARTESIAN_POINT('',(-0.831314965692713,9.13092003503183,0.168685034307287));
#1794=CARTESIAN_POINT('Ctrl Pts',(-0.83131496569269,9.13092003503182,0.168685034307268));
#1795=CARTESIAN_POINT('Ctrl Pts',(-1.30820791167415,9.48553859319047,0.565082328675358));
#1796=CARTESIAN_POINT('Ctrl Pts',(-1.82284406508804,9.83245846746241,1.));
#1797=CARTESIAN_POINT('',(0.,10.,1.));
#1798=CARTESIAN_POINT('Ctrl Pts',(3.33066907387547E-16,10.,1.));
#1799=CARTESIAN_POINT('Ctrl Pts',(-0.434539982484093,9.56546001751591,0.565460017515908));
#1800=CARTESIAN_POINT('Ctrl Pts',(-0.831314965692731,9.13092003503181,0.16868503430727));
#1801=CARTESIAN_POINT('',(7.60373678193384,6.49485850123515,1.));
#1802=CARTESIAN_POINT('Origin',(0.,0.,1.));
#1803=CARTESIAN_POINT('',(7.49195122741551,5.28539989635199,0.168685034307282));
#1804=CARTESIAN_POINT('Ctrl Pts',(7.4919512274155,5.28539989635196,0.168685034307262));
#1805=CARTESIAN_POINT('Ctrl Pts',(7.56061343444357,5.87571058153683,0.565082328675357));
#1806=CARTESIAN_POINT('Ctrl Pts',(7.60373678193383,6.49485850123514,1.));
#1807=CARTESIAN_POINT('',(8.66025403784439,4.99999999999999,1.));
#1808=CARTESIAN_POINT('Ctrl Pts',(8.66025403784439,4.99999999999999,1.));
#1809=CARTESIAN_POINT('Ctrl Pts',(8.06666138281107,5.15905267254922,0.565460017515907));
#1810=CARTESIAN_POINT('Ctrl Pts',(7.49195122741548,5.28539989635199,0.168685034307267));
#1811=CARTESIAN_POINT('',(9.42658084702188,-3.33759996622728,1.));
#1812=CARTESIAN_POINT('Origin',(0.,0.,1.));
#1813=CARTESIAN_POINT('Ctrl Pts',(8.32326619310819,-3.84552013867986,0.168685034307269));
#1814=CARTESIAN_POINT('Ctrl Pts',(8.86882134611773,-3.60982801165364,0.56508232867536));
#1815=CARTESIAN_POINT('Ctrl Pts',(9.42658084702188,-3.33759996622727,1.));
#1816=CARTESIAN_POINT('Origin',(0.,0.,10.));
#1817=CARTESIAN_POINT('',(-8.66025403784439,-5.,9.));
#1818=CARTESIAN_POINT('',(-8.66025403784439,-5.,10.));
#1819=CARTESIAN_POINT('',(-9.42658084702188,3.33759996622727,9.));
#1820=CARTESIAN_POINT('Origin',(0.,0.,9.));
#1821=CARTESIAN_POINT('',(-9.42658084702188,3.33759996622727,10.));
#1822=CARTESIAN_POINT('Origin',(0.,0.,10.));
#1823=CARTESIAN_POINT('',(-1.66533453693773E-15,-10.,9.));
#1824=CARTESIAN_POINT('',(-1.66533453693773E-15,-10.,10.));
#1825=CARTESIAN_POINT('',(-7.60373678193384,-6.49485850123514,9.));
#1826=CARTESIAN_POINT('Origin',(0.,0.,9.));
#1827=CARTESIAN_POINT('',(-7.60373678193384,-6.49485850123514,10.));
#1828=CARTESIAN_POINT('Origin',(0.,0.,10.));
#1829=CARTESIAN_POINT('',(8.66025403784438,-5.,9.));
#1830=CARTESIAN_POINT('',(8.66025403784438,-5.,10.));
#1831=CARTESIAN_POINT('',(4.99999999999999,-8.66025403784439,9.));
#1832=CARTESIAN_POINT('Origin',(0.,0.,9.));
#1833=CARTESIAN_POINT('',(1.82284406508804,-9.83245846746241,9.));
#1834=CARTESIAN_POINT('Origin',(0.,0.,9.));
#1835=CARTESIAN_POINT('',(1.82284406508804,-9.83245846746241,10.));
#1836=CARTESIAN_POINT('Origin',(0.,0.,10.));
#1837=CARTESIAN_POINT('',(-8.66025403784439,5.,9.));
#1838=CARTESIAN_POINT('',(-8.66025403784439,5.,10.));
#1839=CARTESIAN_POINT('',(-1.82284406508804,9.83245846746241,9.));
#1840=CARTESIAN_POINT('Origin',(0.,0.,9.));
#1841=CARTESIAN_POINT('',(-1.82284406508804,9.83245846746241,10.));
#1842=CARTESIAN_POINT('Origin',(0.,0.,10.));
#1843=CARTESIAN_POINT('',(8.66025403784439,4.99999999999999,9.));
#1844=CARTESIAN_POINT('',(8.66025403784439,4.99999999999999,10.));
#1845=CARTESIAN_POINT('',(9.42658084702188,-3.33759996622728,9.));
#1846=CARTESIAN_POINT('Origin',(0.,0.,9.));
#1847=CARTESIAN_POINT('',(9.42658084702188,-3.33759996622728,10.));
#1848=CARTESIAN_POINT('Origin',(0.,0.,9.5));
#1849=CARTESIAN_POINT('',(4.74999999999999,-8.22724133595217,9.5));
#1850=CARTESIAN_POINT('',(8.32326619310822,-3.84552013867985,9.83131496569271));
#1851=CARTESIAN_POINT('Ctrl Pts',(8.32326619310821,-3.84552013867983,9.83131496569273));
#1852=CARTESIAN_POINT('Ctrl Pts',(8.50120136529516,-4.40640734496669,9.43453998248409));
#1853=CARTESIAN_POINT('Ctrl Pts',(8.66025403784439,-5.00000000000001,9.));
#1854=CARTESIAN_POINT('Ctrl Pts',(9.42658084702188,-3.33759996622728,9.));
#1855=CARTESIAN_POINT('Ctrl Pts',(8.86882134611773,-3.60982801165364,9.43491767132464));
#1856=CARTESIAN_POINT('Ctrl Pts',(8.32326619310819,-3.84552013867986,9.83131496569273));
#1857=CARTESIAN_POINT('',(7.49195122741551,5.28539989635199,9.83131496569272));
#1858=CARTESIAN_POINT('Ctrl Pts',(7.49195122741548,5.28539989635199,9.83131496569273));
#1859=CARTESIAN_POINT('Ctrl Pts',(8.06666138281107,5.15905267254921,9.43453998248409));
#1860=CARTESIAN_POINT('Ctrl Pts',(8.66025403784439,4.99999999999999,9.));
#1861=CARTESIAN_POINT('',(7.60373678193384,6.49485850123515,9.));
#1862=CARTESIAN_POINT('Ctrl Pts',(7.60373678193384,6.49485850123514,9.));
#1863=CARTESIAN_POINT('Ctrl Pts',(7.56061343444357,5.87571058153683,9.43491767132464));
#1864=CARTESIAN_POINT('Ctrl Pts',(7.4919512274155,5.28539989635196,9.83131496569274));
#1865=CARTESIAN_POINT('',(0.,10.,9.));
#1866=CARTESIAN_POINT('Origin',(0.,0.,9.));
#1867=CARTESIAN_POINT('',(-0.831314965692713,9.13092003503183,9.83131496569271));
#1868=CARTESIAN_POINT('Ctrl Pts',(-0.831314965692729,9.13092003503182,9.83131496569273));
#1869=CARTESIAN_POINT('Ctrl Pts',(-0.434539982484091,9.56546001751591,9.43453998248409));
#1870=CARTESIAN_POINT('Ctrl Pts',(-2.08166817117217E-16,10.,9.));
#1871=CARTESIAN_POINT('Ctrl Pts',(-1.82284406508804,9.83245846746241,9.));
#1872=CARTESIAN_POINT('Ctrl Pts',(-1.30820791167415,9.48553859319047,9.43491767132464));
#1873=CARTESIAN_POINT('Ctrl Pts',(-0.831314965692689,9.13092003503182,9.83131496569273));
#1874=CARTESIAN_POINT('',(-8.32326619310822,3.84552013867984,9.83131496569271));
#1875=CARTESIAN_POINT('Ctrl Pts',(-8.32326619310821,3.84552013867982,9.83131496569273));
#1876=CARTESIAN_POINT('Ctrl Pts',(-8.50120136529516,4.40640734496669,9.43453998248409));
#1877=CARTESIAN_POINT('Ctrl Pts',(-8.66025403784439,5.,9.));
#1878=CARTESIAN_POINT('Ctrl Pts',(-9.42658084702188,3.33759996622727,9.));
#1879=CARTESIAN_POINT('Ctrl Pts',(-8.86882134611773,3.60982801165363,9.43491767132464));
#1880=CARTESIAN_POINT('Ctrl Pts',(-8.32326619310819,3.84552013867985,9.83131496569273));
#1881=CARTESIAN_POINT('',(-7.49195122741551,-5.28539989635199,9.83131496569271));
#1882=CARTESIAN_POINT('Ctrl Pts',(-7.49195122741549,-5.285399896352,9.83131496569273));
#1883=CARTESIAN_POINT('Ctrl Pts',(-8.06666138281107,-5.15905267254922,9.43453998248409));
#1884=CARTESIAN_POINT('Ctrl Pts',(-8.66025403784439,-5.,9.));
#1885=CARTESIAN_POINT('Ctrl Pts',(-7.60373678193384,-6.49485850123514,9.));
#1886=CARTESIAN_POINT('Ctrl Pts',(-7.56061343444358,-5.87571058153684,9.43491767132464));
#1887=CARTESIAN_POINT('Ctrl Pts',(-7.49195122741551,-5.28539989635197,9.83131496569273));
#1888=CARTESIAN_POINT('',(0.83131496569271,-9.13092003503183,9.83131496569271));
#1889=CARTESIAN_POINT('Ctrl Pts',(0.831314965692726,-9.13092003503182,9.83131496569273));
#1890=CARTESIAN_POINT('Ctrl Pts',(0.43453998248409,-9.56546001751591,9.43453998248409));
#1891=CARTESIAN_POINT('Ctrl Pts',(-1.66533453693773E-15,-10.,9.));
#1892=CARTESIAN_POINT('Ctrl Pts',(1.82284406508804,-9.83245846746241,9.));
#1893=CARTESIAN_POINT('Ctrl Pts',(1.30820791167415,-9.48553859319047,9.43491767132464));
#1894=CARTESIAN_POINT('Ctrl Pts',(0.831314965692687,-9.13092003503182,9.83131496569273));
#1895=CARTESIAN_POINT('Origin',(14.7232224088365,-5.63403176391328,0.5));
#1896=CARTESIAN_POINT('',(30.4318460545443,-11.4084506271676,0.));
#1897=CARTESIAN_POINT('',(9.85473992435682,-4.53493620974192,0.));
#1898=CARTESIAN_POINT('',(14.5648082283576,-6.10827320814102,0.));
#1899=CARTESIAN_POINT('',(9.38861215233174,-4.32510174072987,0.0513419052584887));
#1900=CARTESIAN_POINT('',(29.8200007571897,-10.1497563931951,1.));
#1901=CARTESIAN_POINT('',(14.8816365893153,-5.15979031968554,1.));
#1902=CARTESIAN_POINT('Ctrl Pts',(29.8200007571897,-10.1497563931951,1.));
#1903=CARTESIAN_POINT('Ctrl Pts',(30.0276864122224,-10.5687617230602,0.668381320129716));
#1904=CARTESIAN_POINT('Ctrl Pts',(30.231612375008,-10.988449140206,0.334924515012907));
#1905=CARTESIAN_POINT('Ctrl Pts',(30.4318460545442,-11.4084506271676,-7.63278329429795E-16));
#1906=CARTESIAN_POINT('Origin',(0.,0.,0.5));
#1907=CARTESIAN_POINT('',(27.6324990002666,17.1083312745652,0.));
#1908=CARTESIAN_POINT('Origin',(0.,0.,0.));
#1909=CARTESIAN_POINT('',(27.2798002192098,15.75,1.));
#1910=CARTESIAN_POINT('Origin',(0.,0.,1.));
#1911=CARTESIAN_POINT('Ctrl Pts',(27.2798002192098,15.75,1.));
#1912=CARTESIAN_POINT('Ctrl Pts',(27.4011729768902,16.2029692983179,0.668403459362474));
#1913=CARTESIAN_POINT('Ctrl Pts',(27.5186924231453,16.6558629109043,0.334945808778471));
#1914=CARTESIAN_POINT('Ctrl Pts',(27.6324990002666,17.1083312745652,6.93889390390723E-16));
#1915=CARTESIAN_POINT('Origin',(4.0801270189222,2.93301270189222,0.5));
#1916=CARTESIAN_POINT('',(4.3301270189222,2.5,1.));
#1917=CARTESIAN_POINT('',(8.85473992435675,6.26698701731073,0.));
#1918=CARTESIAN_POINT('',(8.43995405759023,5.96822575983365,0.0513419052584804));
#1919=CARTESIAN_POINT('',(3.8301270189222,3.36602540378443,0.));
#1920=CARTESIAN_POINT('Origin',(4.58012701892219,-2.06698729810778,0.5));
#1921=CARTESIAN_POINT('',(28.6324990002666,-15.3762804669964,0.));
#1922=CARTESIAN_POINT('',(4.83012701892219,-1.63397459621556,0.));
#1923=CARTESIAN_POINT('',(27.2798002192098,-15.75,1.));
#1924=CARTESIAN_POINT('Ctrl Pts',(27.2798002192098,-15.75,1.));
#1925=CARTESIAN_POINT('Ctrl Pts',(27.7327695175281,-15.6286272423195,0.668403459362169));
#1926=CARTESIAN_POINT('Ctrl Pts',(28.1837466143676,-15.5039552619218,0.334945808777822));
#1927=CARTESIAN_POINT('Ctrl Pts',(28.6324990002666,-15.3762804669964,-1.11022302462516E-15));
#1928=CARTESIAN_POINT('',(4.33012701892219,-2.5,1.));
#1929=CARTESIAN_POINT('Origin',(12.2408258376956,9.93366874966405,0.5));
#1930=CARTESIAN_POINT('',(23.6999472573253,20.75,1.));
#1931=CARTESIAN_POINT('',(11.9093277897064,10.3079801763923,1.));
#1932=CARTESIAN_POINT('',(25.0959310882197,20.6505264537088,0.));
#1933=CARTESIAN_POINT('Ctrl Pts',(23.6999472573253,20.75,0.999999999999999));
#1934=CARTESIAN_POINT('Ctrl Pts',(24.1666593448258,20.7203583883274,0.668381320129793));
#1935=CARTESIAN_POINT('Ctrl Pts',(24.6320822911154,20.687119744018,0.334924515013074));
#1936=CARTESIAN_POINT('Ctrl Pts',(25.0959310882197,20.6505264537088,3.60822483003176E-15));
#1937=CARTESIAN_POINT('',(12.5723238856848,9.5593573229358,0.));
#1938=CARTESIAN_POINT('Origin',(0.,0.,0.));
#1939=CARTESIAN_POINT('',(-38.8,-4.75162958069173E-15,0.));
#1940=CARTESIAN_POINT('Origin',(0.,0.,0.));
#1941=CARTESIAN_POINT('',(-0.999999999999997,32.4846117415616,0.));
#1942=CARTESIAN_POINT('Origin',(0.,0.,0.));
#1943=CARTESIAN_POINT('',(-1.,10.8019232270527,0.));
#1944=CARTESIAN_POINT('',(-1.,5.,0.));
#1945=CARTESIAN_POINT('',(-5.33591496632452,32.0589770808763,0.));
#1946=CARTESIAN_POINT('',(-1.99248434267281,15.6676305310768,0.));
#1947=CARTESIAN_POINT('',(-28.6324990002666,15.3762804669964,0.));
#1948=CARTESIAN_POINT('Origin',(0.,0.,0.));
#1949=CARTESIAN_POINT('',(-9.8547399243568,4.5349362097419,0.));
#1950=CARTESIAN_POINT('',(-4.83012701892219,1.63397459621556,0.));
#1951=CARTESIAN_POINT('',(-30.4318460545443,11.4084506271676,0.));
#1952=CARTESIAN_POINT('',(-14.5648082283576,6.10827320814101,0.));
#1953=CARTESIAN_POINT('',(-27.6324990002666,-17.1083312745652,0.));
#1954=CARTESIAN_POINT('Origin',(0.,0.,0.));
#1955=CARTESIAN_POINT('',(-8.8547399243568,-6.26698701731077,0.));
#1956=CARTESIAN_POINT('',(-3.83012701892219,-3.36602540378444,0.));
#1957=CARTESIAN_POINT('',(-25.0959310882197,-20.6505264537088,0.));
#1958=CARTESIAN_POINT('',(-12.5723238856848,-9.5593573229358,0.));
#1959=CARTESIAN_POINT('',(0.999999999999993,-32.4846117415616,0.));
#1960=CARTESIAN_POINT('Origin',(0.,0.,0.));
#1961=CARTESIAN_POINT('',(0.999999999999998,-10.8019232270527,0.));
#1962=CARTESIAN_POINT('',(0.999999999999999,-5.,0.));
#1963=CARTESIAN_POINT('',(5.3359149663245,-32.0589770808763,0.));
#1964=CARTESIAN_POINT('',(1.9924843426728,-15.6676305310768,0.));
#1965=CARTESIAN_POINT('Origin',(0.,0.,0.));
#1966=CARTESIAN_POINT('Origin',(14.7232224088365,-5.63403176391328,9.5));
#1967=CARTESIAN_POINT('',(29.8200007571897,-10.1497563931951,9.));
#1968=CARTESIAN_POINT('',(14.8816365893153,-5.15979031968554,9.));
#1969=CARTESIAN_POINT('',(9.85473992435682,-4.53493620974192,10.));
#1970=CARTESIAN_POINT('',(9.38861215233174,-4.32510174072987,9.94865809474151));
#1971=CARTESIAN_POINT('',(30.4318460545442,-11.4084506271676,10.));
#1972=CARTESIAN_POINT('',(14.5648082283576,-6.10827320814102,10.));
#1973=CARTESIAN_POINT('Ctrl Pts',(30.4318460545442,-11.4084506271676,10.));
#1974=CARTESIAN_POINT('Ctrl Pts',(30.231612375008,-10.988449140206,9.6650754849871));
#1975=CARTESIAN_POINT('Ctrl Pts',(30.0276864122224,-10.5687617230602,9.33161867987029));
#1976=CARTESIAN_POINT('Ctrl Pts',(29.8200007571897,-10.1497563931951,9.));
#1977=CARTESIAN_POINT('Origin',(0.,0.,9.5));
#1978=CARTESIAN_POINT('',(27.6324990002666,17.1083312745652,10.));
#1979=CARTESIAN_POINT('Origin',(0.,0.,10.));
#1980=CARTESIAN_POINT('',(27.2798002192098,15.75,9.));
#1981=CARTESIAN_POINT('Ctrl Pts',(27.6324990002666,17.1083312745652,10.));
#1982=CARTESIAN_POINT('Ctrl Pts',(27.5186924231453,16.6558629109043,9.66505419122153));
#1983=CARTESIAN_POINT('Ctrl Pts',(27.4011729768902,16.2029692983179,9.33159654063753));
#1984=CARTESIAN_POINT('Ctrl Pts',(27.2798002192098,15.75,9.));
#1985=CARTESIAN_POINT('Origin',(0.,0.,9.));
#1986=CARTESIAN_POINT('Origin',(4.0801270189222,2.93301270189222,9.5));
#1987=CARTESIAN_POINT('',(8.85473992435675,6.26698701731073,10.));
#1988=CARTESIAN_POINT('',(3.8301270189222,3.36602540378443,10.));
#1989=CARTESIAN_POINT('',(8.43995405759023,5.96822575983365,9.94865809474152));
#1990=CARTESIAN_POINT('',(4.3301270189222,2.5,9.));
#1991=CARTESIAN_POINT('Origin',(29.8200007571897,-10.1497563931951,10.));
#1992=CARTESIAN_POINT('',(29.8200007571897,-10.1497563931951,10.));
#1993=CARTESIAN_POINT('Origin',(0.,0.,10.));
#1994=CARTESIAN_POINT('',(27.2798002192098,15.75,10.));
#1995=CARTESIAN_POINT('Origin',(8.66025403784439,4.99999999999999,10.));
#1996=CARTESIAN_POINT('Origin',(0.,0.,10.));
#1997=CARTESIAN_POINT('',(-38.8,4.75162958069173E-15,10.));
#1998=CARTESIAN_POINT('Origin',(0.,0.,10.));
#1999=CARTESIAN_POINT('',(28.6324990002666,-15.3762804669964,10.));
#2000=CARTESIAN_POINT('',(4.83012701892219,-1.63397459621556,10.));
#2001=CARTESIAN_POINT('',(5.33591496632451,-32.0589770808763,10.));
#2002=CARTESIAN_POINT('Origin',(0.,0.,10.));
#2003=CARTESIAN_POINT('',(0.999999999999998,-10.8019232270527,10.));
#2004=CARTESIAN_POINT('',(1.9924843426728,-15.6676305310768,10.));
#2005=CARTESIAN_POINT('',(0.999999999999995,-32.4846117415616,10.));
#2006=CARTESIAN_POINT('',(0.999999999999999,-5.,10.));
#2007=CARTESIAN_POINT('',(-25.0959310882197,-20.6505264537088,10.));
#2008=CARTESIAN_POINT('Origin',(0.,0.,10.));
#2009=CARTESIAN_POINT('',(-8.8547399243568,-6.26698701731077,10.));
#2010=CARTESIAN_POINT('',(-12.5723238856848,-9.5593573229358,10.));
#2011=CARTESIAN_POINT('',(-27.6324990002666,-17.1083312745652,10.));
#2012=CARTESIAN_POINT('',(-3.83012701892219,-3.36602540378444,10.));
#2013=CARTESIAN_POINT('',(-30.4318460545443,11.4084506271676,10.));
#2014=CARTESIAN_POINT('Origin',(0.,0.,10.));
#2015=CARTESIAN_POINT('',(-9.8547399243568,4.5349362097419,10.));
#2016=CARTESIAN_POINT('',(-14.5648082283576,6.10827320814101,10.));
#2017=CARTESIAN_POINT('',(-28.6324990002666,15.3762804669964,10.));
#2018=CARTESIAN_POINT('',(-4.83012701892219,1.63397459621556,10.));
#2019=CARTESIAN_POINT('',(-5.33591496632451,32.0589770808763,10.));
#2020=CARTESIAN_POINT('Origin',(0.,0.,10.));
#2021=CARTESIAN_POINT('',(-1.,10.8019232270527,10.));
#2022=CARTESIAN_POINT('',(-1.99248434267281,15.6676305310768,10.));
#2023=CARTESIAN_POINT('',(-1.,32.4846117415616,10.));
#2024=CARTESIAN_POINT('',(-1.,5.,10.));
#2025=CARTESIAN_POINT('',(25.0959310882197,20.6505264537088,10.));
#2026=CARTESIAN_POINT('Origin',(0.,0.,10.));
#2027=CARTESIAN_POINT('',(12.5723238856848,9.5593573229358,10.));
#2028=CARTESIAN_POINT('Origin',(2.48239657114088,-15.5677005135773,0.5));
#2029=CARTESIAN_POINT('',(0.94865809474151,-10.2933275005635,0.0513419052584886));
#2030=CARTESIAN_POINT('',(6.12005349986445,-30.899756393195,1.));
#2031=CARTESIAN_POINT('',(2.97230879960895,-15.4677704960778,1.));
#2032=CARTESIAN_POINT('Ctrl Pts',(6.12005349986445,-30.899756393195,1.));
#2033=CARTESIAN_POINT('Ctrl Pts',(5.86102706739663,-31.2891201113874,0.668381320129862));
#2034=CARTESIAN_POINT('Ctrl Pts',(5.59953008389259,-31.6755688842236,0.334924515013217));
#2035=CARTESIAN_POINT('Ctrl Pts',(5.33591496632451,-32.0589770808763,2.84494650060196E-15));
#2036=CARTESIAN_POINT('Origin',(0.,0.,0.5));
#2037=CARTESIAN_POINT('Origin',(0.,0.,1.));
#2038=CARTESIAN_POINT('Origin',(0.499999999999999,-5.,0.5));
#2039=CARTESIAN_POINT('',(-4.44089209850063E-15,-31.5,1.));
#2040=CARTESIAN_POINT('Ctrl Pts',(-4.30211422042248E-15,-31.5,0.999999999999999));
#2041=CARTESIAN_POINT('Ctrl Pts',(0.331596540637529,-31.8315965406375,0.668403459362466));
#2042=CARTESIAN_POINT('Ctrl Pts',(0.665054191221539,-32.1598181728263,0.334945808778456));
#2043=CARTESIAN_POINT('Ctrl Pts',(0.999999999999995,-32.4846117415616,-7.63278329429795E-16));
#2044=CARTESIAN_POINT('',(-8.32667268468867E-16,-5.,1.));
#2045=CARTESIAN_POINT('Origin',(2.48239657114088,-15.5677005135773,9.5));
#2046=CARTESIAN_POINT('',(6.12005349986445,-30.899756393195,9.));
#2047=CARTESIAN_POINT('',(2.97230879960895,-15.4677704960778,9.));
#2048=CARTESIAN_POINT('',(0.94865809474151,-10.2933275005635,9.94865809474151));
#2049=CARTESIAN_POINT('Ctrl Pts',(5.3359149663245,-32.0589770808763,10.));
#2050=CARTESIAN_POINT('Ctrl Pts',(5.59953008389253,-31.6755688842237,9.66507548498686));
#2051=CARTESIAN_POINT('Ctrl Pts',(5.8610270673966,-31.2891201113874,9.33161867987017));
#2052=CARTESIAN_POINT('Ctrl Pts',(6.12005349986445,-30.899756393195,9.));
#2053=CARTESIAN_POINT('Origin',(0.,0.,9.5));
#2054=CARTESIAN_POINT('',(27.2798002192098,-15.75,9.));
#2055=CARTESIAN_POINT('Ctrl Pts',(28.6324990002666,-15.3762804669964,10.));
#2056=CARTESIAN_POINT('Ctrl Pts',(28.1837466143677,-15.5039552619217,9.6650541912222));
#2057=CARTESIAN_POINT('Ctrl Pts',(27.7327695175281,-15.6286272423195,9.33159654063784));
#2058=CARTESIAN_POINT('Ctrl Pts',(27.2798002192098,-15.75,9.));
#2059=CARTESIAN_POINT('Origin',(0.,0.,9.));
#2060=CARTESIAN_POINT('Origin',(4.58012701892219,-2.06698729810778,9.5));
#2061=CARTESIAN_POINT('',(4.33012701892219,-2.5,9.));
#2062=CARTESIAN_POINT('Origin',(6.12005349986445,-30.899756393195,10.));
#2063=CARTESIAN_POINT('',(6.12005349986445,-30.899756393195,10.));
#2064=CARTESIAN_POINT('Origin',(0.,0.,10.));
#2065=CARTESIAN_POINT('',(27.2798002192098,-15.75,10.));
#2066=CARTESIAN_POINT('Origin',(8.66025403784438,-5.,10.));
#2067=CARTESIAN_POINT('Origin',(-12.2408258376956,-9.93366874966405,0.5));
#2068=CARTESIAN_POINT('',(-8.43995405759023,-5.96822575983365,0.0513419052584865));
#2069=CARTESIAN_POINT('',(-23.6999472573253,-20.75,1.));
#2070=CARTESIAN_POINT('',(-11.9093277897064,-10.3079801763923,1.));
#2071=CARTESIAN_POINT('Ctrl Pts',(-23.6999472573253,-20.75,1.));
#2072=CARTESIAN_POINT('Ctrl Pts',(-24.1666593448262,-20.7203583883273,0.66838132012952));
#2073=CARTESIAN_POINT('Ctrl Pts',(-24.6320822911163,-20.6871197440179,0.334924515012476));
#2074=CARTESIAN_POINT('Ctrl Pts',(-25.0959310882197,-20.6505264537088,-1.38777878078145E-15));
#2075=CARTESIAN_POINT('Origin',(0.,0.,0.5));
#2076=CARTESIAN_POINT('Origin',(0.,0.,1.));
#2077=CARTESIAN_POINT('Origin',(-4.08012701892219,-2.93301270189222,0.5));
#2078=CARTESIAN_POINT('',(-27.2798002192098,-15.75,1.));
#2079=CARTESIAN_POINT('Ctrl Pts',(-27.2798002192098,-15.75,1.));
#2080=CARTESIAN_POINT('Ctrl Pts',(-27.4011729768902,-16.2029692983178,0.668403459362511));
#2081=CARTESIAN_POINT('Ctrl Pts',(-27.5186924231452,-16.6558629109042,0.334945808778549));
#2082=CARTESIAN_POINT('Ctrl Pts',(-27.6324990002666,-17.1083312745652,2.4980018054066E-15));
#2083=CARTESIAN_POINT('',(-4.33012701892219,-2.5,1.));
#2084=CARTESIAN_POINT('Origin',(-12.2408258376956,-9.93366874966405,9.5));
#2085=CARTESIAN_POINT('',(-23.6999472573253,-20.75,9.));
#2086=CARTESIAN_POINT('',(-11.9093277897064,-10.3079801763923,9.));
#2087=CARTESIAN_POINT('',(-8.43995405759023,-5.96822575983365,9.94865809474151));
#2088=CARTESIAN_POINT('Ctrl Pts',(-25.0959310882197,-20.6505264537088,10.));
#2089=CARTESIAN_POINT('Ctrl Pts',(-24.6320822911153,-20.687119744018,9.66507548498685));
#2090=CARTESIAN_POINT('Ctrl Pts',(-24.1666593448258,-20.7203583883274,9.33161867987017));
#2091=CARTESIAN_POINT('Ctrl Pts',(-23.6999472573253,-20.75,9.));
#2092=CARTESIAN_POINT('Origin',(0.,0.,9.5));
#2093=CARTESIAN_POINT('',(-4.44089209850063E-15,-31.5,9.));
#2094=CARTESIAN_POINT('Ctrl Pts',(0.999999999999995,-32.4846117415616,10.));
#2095=CARTESIAN_POINT('Ctrl Pts',(0.665054191221553,-32.1598181728263,9.66505419122156));
#2096=CARTESIAN_POINT('Ctrl Pts',(0.331596540637537,-31.8315965406375,9.33159654063754));
#2097=CARTESIAN_POINT('Ctrl Pts',(-5.55111512312578E-15,-31.5,9.));
#2098=CARTESIAN_POINT('Origin',(0.,0.,9.));
#2099=CARTESIAN_POINT('Origin',(0.499999999999999,-5.,9.5));
#2100=CARTESIAN_POINT('',(-8.32667268468867E-16,-5.,9.));
#2101=CARTESIAN_POINT('Origin',(-23.6999472573253,-20.75,10.));
#2102=CARTESIAN_POINT('',(-23.6999472573253,-20.75,10.));
#2103=CARTESIAN_POINT('Origin',(0.,0.,10.));
#2104=CARTESIAN_POINT('',(-4.44089209850063E-15,-31.5,10.));
#2105=CARTESIAN_POINT('Origin',(-1.66533453693773E-15,-10.,10.));
#2106=CARTESIAN_POINT('Origin',(-14.7232224088365,5.63403176391327,0.5));
#2107=CARTESIAN_POINT('',(-9.38861215233174,4.32510174072987,0.0513419052584869));
#2108=CARTESIAN_POINT('',(-29.8200007571897,10.149756393195,1.));
#2109=CARTESIAN_POINT('',(-14.8816365893153,5.15979031968553,1.));
#2110=CARTESIAN_POINT('Ctrl Pts',(-29.8200007571897,10.149756393195,1.));
#2111=CARTESIAN_POINT('Ctrl Pts',(-30.0276864122227,10.5687617230606,0.668381320129378));
#2112=CARTESIAN_POINT('Ctrl Pts',(-30.2316123750085,10.9884491402069,0.33492451501219));
#2113=CARTESIAN_POINT('Ctrl Pts',(-30.4318460545443,11.4084506271676,2.08166817117217E-15));
#2114=CARTESIAN_POINT('Origin',(0.,0.,0.5));
#2115=CARTESIAN_POINT('Origin',(0.,0.,1.));
#2116=CARTESIAN_POINT('Origin',(-4.58012701892219,2.06698729810778,0.5));
#2117=CARTESIAN_POINT('',(-27.2798002192098,15.75,1.));
#2118=CARTESIAN_POINT('Ctrl Pts',(-27.2798002192098,15.75,0.999999999999998));
#2119=CARTESIAN_POINT('Ctrl Pts',(-27.7327695175282,15.6286272423195,0.668403459362133));
#2120=CARTESIAN_POINT('Ctrl Pts',(-28.1837466143677,15.5039552619217,0.334945808777745));
#2121=CARTESIAN_POINT('Ctrl Pts',(-28.6324990002666,15.3762804669964,-1.73472347597681E-15));
#2122=CARTESIAN_POINT('',(-4.33012701892219,2.5,1.));
#2123=CARTESIAN_POINT('Origin',(-14.7232224088365,5.63403176391327,9.5));
#2124=CARTESIAN_POINT('',(-29.8200007571897,10.149756393195,9.));
#2125=CARTESIAN_POINT('',(-14.8816365893153,5.15979031968553,9.));
#2126=CARTESIAN_POINT('',(-9.38861215233174,4.32510174072987,9.94865809474151));
#2127=CARTESIAN_POINT('Ctrl Pts',(-30.4318460545443,11.4084506271676,10.));
#2128=CARTESIAN_POINT('Ctrl Pts',(-30.2316123750084,10.9884491402068,9.66507548498777));
#2129=CARTESIAN_POINT('Ctrl Pts',(-30.0276864122226,10.5687617230606,9.3316186798706));
#2130=CARTESIAN_POINT('Ctrl Pts',(-29.8200007571897,10.149756393195,9.));
#2131=CARTESIAN_POINT('Origin',(0.,0.,9.5));
#2132=CARTESIAN_POINT('',(-27.2798002192098,-15.75,9.));
#2133=CARTESIAN_POINT('Ctrl Pts',(-27.6324990002666,-17.1083312745652,10.));
#2134=CARTESIAN_POINT('Ctrl Pts',(-27.5186924231452,-16.6558629109042,9.66505419122147));
#2135=CARTESIAN_POINT('Ctrl Pts',(-27.4011729768902,-16.2029692983179,9.3315965406375));
#2136=CARTESIAN_POINT('Ctrl Pts',(-27.2798002192098,-15.75,9.));
#2137=CARTESIAN_POINT('Origin',(0.,0.,9.));
#2138=CARTESIAN_POINT('Origin',(-4.08012701892219,-2.93301270189222,9.5));
#2139=CARTESIAN_POINT('',(-4.33012701892219,-2.5,9.));
#2140=CARTESIAN_POINT('Origin',(-29.8200007571897,10.149756393195,10.));
#2141=CARTESIAN_POINT('',(-29.8200007571897,10.149756393195,10.));
#2142=CARTESIAN_POINT('Origin',(0.,0.,10.));
#2143=CARTESIAN_POINT('',(-27.2798002192098,-15.75,10.));
#2144=CARTESIAN_POINT('Origin',(-8.66025403784439,-5.,10.));
#2145=CARTESIAN_POINT('Origin',(-2.48239657114088,15.5677005135773,0.5));
#2146=CARTESIAN_POINT('',(-0.948658094741514,10.2933275005635,0.0513419052584868));
#2147=CARTESIAN_POINT('',(-6.12005349986446,30.899756393195,1.));
#2148=CARTESIAN_POINT('',(-2.97230879960896,15.4677704960778,1.));
#2149=CARTESIAN_POINT('Ctrl Pts',(-6.12005349986446,30.899756393195,0.999999999999999));
#2150=CARTESIAN_POINT('Ctrl Pts',(-5.86102706739645,31.2891201113876,0.668381320129626));
#2151=CARTESIAN_POINT('Ctrl Pts',(-5.5995300838922,31.6755688842242,0.334924515012716));
#2152=CARTESIAN_POINT('Ctrl Pts',(-5.33591496632451,32.0589770808763,-1.2490009027033E-15));
#2153=CARTESIAN_POINT('Origin',(0.,0.,0.5));
#2154=CARTESIAN_POINT('Origin',(0.,0.,1.));
#2155=CARTESIAN_POINT('Origin',(-0.5,5.,0.5));
#2156=CARTESIAN_POINT('',(0.,31.5,1.));
#2157=CARTESIAN_POINT('Ctrl Pts',(-1.11022302462516E-15,31.5,0.999999999999999));
#2158=CARTESIAN_POINT('Ctrl Pts',(-0.331596540637532,31.8315965406375,0.668403459362468));
#2159=CARTESIAN_POINT('Ctrl Pts',(-0.665054191221536,32.1598181728263,0.334945808778464));
#2160=CARTESIAN_POINT('Ctrl Pts',(-1.,32.4846117415616,-5.55111512312578E-16));
#2161=CARTESIAN_POINT('',(0.,5.,1.));
#2162=CARTESIAN_POINT('Origin',(-2.48239657114088,15.5677005135773,9.5));
#2163=CARTESIAN_POINT('',(-6.12005349986446,30.899756393195,9.));
#2164=CARTESIAN_POINT('',(-2.97230879960896,15.4677704960778,9.));
#2165=CARTESIAN_POINT('',(-0.948658094741513,10.2933275005635,9.94865809474151));
#2166=CARTESIAN_POINT('Ctrl Pts',(-5.33591496632451,32.0589770808763,10.));
#2167=CARTESIAN_POINT('Ctrl Pts',(-5.59953008389222,31.6755688842241,9.66507548498727));
#2168=CARTESIAN_POINT('Ctrl Pts',(-5.86102706739646,31.2891201113876,9.33161867987037));
#2169=CARTESIAN_POINT('Ctrl Pts',(-6.12005349986446,30.899756393195,9.));
#2170=CARTESIAN_POINT('Origin',(0.,0.,9.5));
#2171=CARTESIAN_POINT('',(-27.2798002192098,15.75,9.));
#2172=CARTESIAN_POINT('Ctrl Pts',(-28.6324990002666,15.3762804669964,10.));
#2173=CARTESIAN_POINT('Ctrl Pts',(-28.1837466143677,15.5039552619217,9.66505419122222));
#2174=CARTESIAN_POINT('Ctrl Pts',(-27.7327695175282,15.6286272423195,9.33159654063784));
#2175=CARTESIAN_POINT('Ctrl Pts',(-27.2798002192098,15.75,9.));
#2176=CARTESIAN_POINT('Origin',(0.,0.,9.));
#2177=CARTESIAN_POINT('Origin',(-4.58012701892219,2.06698729810778,9.5));
#2178=CARTESIAN_POINT('',(-4.33012701892219,2.5,9.));
#2179=CARTESIAN_POINT('Origin',(-6.12005349986446,30.899756393195,10.));
#2180=CARTESIAN_POINT('',(-6.12005349986446,30.899756393195,10.));
#2181=CARTESIAN_POINT('Origin',(0.,0.,10.));
#2182=CARTESIAN_POINT('',(-27.2798002192098,15.75,10.));
#2183=CARTESIAN_POINT('Origin',(-8.66025403784439,5.,10.));
#2184=CARTESIAN_POINT('Origin',(0.,0.,10.));
#2185=CARTESIAN_POINT('',(0.,10.,10.));
#2186=CARTESIAN_POINT('',(7.60373678193384,6.49485850123515,10.));
#2187=CARTESIAN_POINT('Origin',(0.,0.,0.5));
#2188=CARTESIAN_POINT('Origin',(0.,0.,1.));
#2189=CARTESIAN_POINT('Origin',(12.2408258376956,9.93366874966405,9.5));
#2190=CARTESIAN_POINT('',(23.6999472573253,20.75,9.));
#2191=CARTESIAN_POINT('Ctrl Pts',(25.0959310882197,20.6505264537088,10.));
#2192=CARTESIAN_POINT('Ctrl Pts',(24.6320822911154,20.687119744018,9.66507548498693));
#2193=CARTESIAN_POINT('Ctrl Pts',(24.1666593448258,20.7203583883274,9.33161867987021));
#2194=CARTESIAN_POINT('Ctrl Pts',(23.6999472573253,20.75,9.));
#2195=CARTESIAN_POINT('',(11.9093277897064,10.3079801763923,9.));
#2196=CARTESIAN_POINT('Origin',(0.,0.,9.5));
#2197=CARTESIAN_POINT('',(0.,31.5,9.));
#2198=CARTESIAN_POINT('Ctrl Pts',(-1.,32.4846117415616,10.));
#2199=CARTESIAN_POINT('Ctrl Pts',(-0.665054191221544,32.1598181728263,9.66505419122154));
#2200=CARTESIAN_POINT('Ctrl Pts',(-0.331596540637533,31.8315965406375,9.33159654063753));
#2201=CARTESIAN_POINT('Ctrl Pts',(0.,31.5,9.));
#2202=CARTESIAN_POINT('Origin',(0.,0.,9.));
#2203=CARTESIAN_POINT('Origin',(-0.5,5.,9.5));
#2204=CARTESIAN_POINT('',(0.,5.,9.));
#2205=CARTESIAN_POINT('Origin',(23.6999472573253,20.75,10.));
#2206=CARTESIAN_POINT('',(23.6999472573253,20.75,10.));
#2207=CARTESIAN_POINT('Origin',(0.,0.,10.));
#2208=CARTESIAN_POINT('',(0.,31.5,10.));
#2209=CARTESIAN_POINT('Origin',(0.,10.,10.));
#2210=CARTESIAN_POINT('Origin',(0.,0.,0.6));
#2211=CARTESIAN_POINT('',(-40.,4.89858719658941E-15,1.2));
#2212=CARTESIAN_POINT('Origin',(0.,0.,1.2));
#2213=CARTESIAN_POINT('',(-39.4,-4.82510838864057E-15,0.6));
#2214=CARTESIAN_POINT('Origin',(0.,0.,0.));
#2215=CARTESIAN_POINT('',(-40.,-4.89858719658941E-15,8.8));
#2216=CARTESIAN_POINT('Origin',(0.,0.,8.8));
#2217=CARTESIAN_POINT('',(-40.,-4.89858719658941E-15,0.));
#2218=CARTESIAN_POINT('Origin',(0.,0.,9.4));
#2219=CARTESIAN_POINT('',(-39.4,-4.82510838864057E-15,9.4));
#2220=UNCERTAINTY_MEASURE_WITH_UNIT(LENGTH_MEASURE(0.01),#2224,
'DISTANCE_ACCURACY_VALUE',
'Maximum model space distance between geometric entities at asserted c
onnectivities');
#2221=UNCERTAINTY_MEASURE_WITH_UNIT(LENGTH_MEASURE(0.01),#2224,
'DISTANCE_ACCURACY_VALUE',
'Maximum model space distance between geometric entities at asserted c
onnectivities');
#2222=(
GEOMETRIC_REPRESENTATION_CONTEXT(3)
GLOBAL_UNCERTAINTY_ASSIGNED_CONTEXT((#2220))
GLOBAL_UNIT_ASSIGNED_CONTEXT((#2224,#2226,#2227))
REPRESENTATION_CONTEXT('','3D')
);
#2223=(
GEOMETRIC_REPRESENTATION_CONTEXT(3)
GLOBAL_UNCERTAINTY_ASSIGNED_CONTEXT((#2221))
GLOBAL_UNIT_ASSIGNED_CONTEXT((#2224,#2226,#2227))
REPRESENTATION_CONTEXT('','3D')
);
#2224=(
LENGTH_UNIT()
NAMED_UNIT(*)
SI_UNIT(.MILLI.,.METRE.)
);
#2225=(
LENGTH_UNIT()
NAMED_UNIT(*)
SI_UNIT($,.METRE.)
);
#2226=(
NAMED_UNIT(*)
PLANE_ANGLE_UNIT()
SI_UNIT($,.RADIAN.)
);
#2227=(
NAMED_UNIT(*)
SI_UNIT($,.STERADIAN.)
SOLID_ANGLE_UNIT()
);
#2228=SHAPE_DEFINITION_REPRESENTATION(#2229,#2230);
#2229=PRODUCT_DEFINITION_SHAPE('',$,#2232);
#2230=SHAPE_REPRESENTATION('',(#1276),#2222);
#2231=PRODUCT_DEFINITION_CONTEXT('part definition',#2236,'design');
#2232=PRODUCT_DEFINITION('80x10 wheel','80x10 wheel v4',#2233,#2231);
#2233=PRODUCT_DEFINITION_FORMATION('',$,#2238);
#2234=PRODUCT_RELATED_PRODUCT_CATEGORY('80x10 wheel v4',
'80x10 wheel v4',(#2238));
#2235=APPLICATION_PROTOCOL_DEFINITION('international standard',
'automotive_design',2009,#2236);
#2236=APPLICATION_CONTEXT(
'Core Data for Automotive Mechanical Design Process');
#2237=PRODUCT_CONTEXT('part definition',#2236,'mechanical');
#2238=PRODUCT('80x10 wheel','80x10 wheel v4',$,(#2237));
#2239=PRESENTATION_STYLE_ASSIGNMENT((#2240));
#2240=SURFACE_STYLE_USAGE(.BOTH.,#2241);
#2241=SURFACE_SIDE_STYLE('',(#2242));
#2242=SURFACE_STYLE_FILL_AREA(#2243);
#2243=FILL_AREA_STYLE('Steel - Satin',(#2244));
#2244=FILL_AREA_STYLE_COLOUR('Steel - Satin',#2245);
#2245=COLOUR_RGB('Steel - Satin',0.627450980392157,0.627450980392157,0.627450980392157);
ENDSEC;
END-ISO-10303-21;
