ISO-10303-21;
HEADER;
/* Generated by software containing ST-Developer
 * from STEP Tools, Inc. (www.steptools.com) 
 */

FILE_DESCRIPTION(
/* description */ ('STEP AP214'),
/* implementation_level */ '2;1');

FILE_NAME(
/* name */ 'ROB-16413 - blue motor v1.step',
/* time_stamp */ '2026-04-30T11:06:25+01:00',
/* author */ (''),
/* organization */ (''),
/* preprocessor_version */ 'ST-DEVELOPER v20.1',
/* originating_system */ 'Autodesk Translation Framework v14.24.0.0',
/* authorisation */ '');

FILE_SCHEMA (('AUTOMOTIVE_DESIGN { 1 0 10303 214 3 1 1 }'));
ENDSEC;

DATA;
#10=MECHANICAL_DESIGN_GEOMETRIC_PRESENTATION_REPRESENTATION('',(#44,#45,
#46,#47,#48,#49,#50,#51,#52,#53,#54,#55),#7728);
#11=SHAPE_REPRESENTATION_RELATIONSHIP('SRR','None',#7735,#12);
#12=ADVANCED_BREP_SHAPE_REPRESENTATION('',(#56,#57,#58,#59,#60,#61,#62,
#63,#64,#65,#66,#67),#7727);
#13=SPHERICAL_SURFACE('',#4862,0.2);
#14=SPHERICAL_SURFACE('',#4871,0.2);
#15=SPHERICAL_SURFACE('',#4873,0.2);
#16=SPHERICAL_SURFACE('',#4884,0.2);
#17=SPHERICAL_SURFACE('',#4913,0.2);
#18=SPHERICAL_SURFACE('',#4915,0.2);
#19=SPHERICAL_SURFACE('',#4925,0.2);
#20=SPHERICAL_SURFACE('',#4927,0.2);
#21=B_SPLINE_CURVE_WITH_KNOTS('',3,(#7208,#7209,#7210,#7211,#7212,#7213,
#7214,#7215,#7216,#7217),.UNSPECIFIED.,.F.,.F.,(4,2,2,2,4),(0.,0.028527818580428,
0.0570556371608561,0.0764018214969946,0.0957480058331331),.UNSPECIFIED.);
#22=B_SPLINE_CURVE_WITH_KNOTS('',3,(#7219,#7220,#7221,#7222,#7223,#7224,
#7225,#7226,#7227,#7228),.UNSPECIFIED.,.F.,.F.,(4,2,2,2,4),(0.251678944623992,
0.27102512896013,0.290371313296269,0.318899131876697,0.347426950457125),
 .UNSPECIFIED.);
#23=B_SPLINE_CURVE_WITH_KNOTS('',3,(#7240,#7241,#7242,#7243,#7244,#7245,
#7246,#7247,#7248,#7249),.UNSPECIFIED.,.F.,.F.,(4,2,2,2,4),(0.251678944623992,
0.27102512896013,0.290371313296269,0.318899131876697,0.347426950457125),
 .UNSPECIFIED.);
#24=B_SPLINE_CURVE_WITH_KNOTS('',3,(#7250,#7251,#7252,#7253,#7254,#7255,
#7256,#7257,#7258,#7259),.UNSPECIFIED.,.F.,.F.,(4,2,2,2,4),(0.,0.0285278185804281,
0.0570556371608562,0.0764018214969946,0.0957480058331331),.UNSPECIFIED.);
#25=CONICAL_SURFACE('',#4787,7.4,0.261799387799147);
#26=CONICAL_SURFACE('',#4790,7.4,0.261799387799147);
#27=CONICAL_SURFACE('',#4791,7.4,0.261799387799146);
#28=CONICAL_SURFACE('',#4794,7.4,0.261799387799147);
#29=ELLIPSE('',#4719,0.230940107675683,0.199999999999852);
#30=ELLIPSE('',#4720,0.230940107675878,0.200000000000033);
#31=ELLIPSE('',#4749,0.230940107675822,0.199999999999984);
#32=ELLIPSE('',#4752,0.230940107675863,0.200000000000018);
#33=TOROIDAL_SURFACE('',#4697,1.49,0.5);
#34=TOROIDAL_SURFACE('',#4886,0.4,0.2);
#35=TOROIDAL_SURFACE('',#4892,0.4,0.2);
#36=TOROIDAL_SURFACE('',#4902,0.4,0.2);
#37=TOROIDAL_SURFACE('',#4904,0.4,0.2);
#38=TOROIDAL_SURFACE('',#4967,4.2,0.3);
#39=TOROIDAL_SURFACE('',#4971,4.2,0.3);
#40=TOROIDAL_SURFACE('',#4976,4.2,0.3);
#41=TOROIDAL_SURFACE('',#4980,4.2,0.3);
#42=TOROIDAL_SURFACE('',#4983,1.6,0.3);
#43=TOROIDAL_SURFACE('',#5005,1.6,0.3);
#44=STYLED_ITEM('',(#7745),#56);
#45=STYLED_ITEM('',(#7745),#57);
#46=STYLED_ITEM('',(#7746),#58);
#47=STYLED_ITEM('',(#7745),#59);
#48=STYLED_ITEM('',(#7745),#60);
#49=STYLED_ITEM('',(#7745),#61);
#50=STYLED_ITEM('',(#7745),#62);
#51=STYLED_ITEM('',(#7745),#63);
#52=STYLED_ITEM('',(#7745),#64);
#53=STYLED_ITEM('',(#7747),#65);
#54=STYLED_ITEM('',(#7745),#66);
#55=STYLED_ITEM('',(#7745),#67);
#56=MANIFOLD_SOLID_BREP('Body1',#4544);
#57=MANIFOLD_SOLID_BREP('Body2',#4545);
#58=MANIFOLD_SOLID_BREP('Body3',#4546);
#59=MANIFOLD_SOLID_BREP('Body4',#4547);
#60=MANIFOLD_SOLID_BREP('Body5',#4548);
#61=MANIFOLD_SOLID_BREP('Body6',#4549);
#62=MANIFOLD_SOLID_BREP('Body7',#4550);
#63=MANIFOLD_SOLID_BREP('Body8',#4551);
#64=MANIFOLD_SOLID_BREP('Body9',#4552);
#65=MANIFOLD_SOLID_BREP('Body10',#4553);
#66=MANIFOLD_SOLID_BREP('Body11',#4554);
#67=MANIFOLD_SOLID_BREP('Body12',#4555);
#68=FACE_BOUND('',#551,.T.);
#69=FACE_BOUND('',#561,.T.);
#70=FACE_BOUND('',#572,.T.);
#71=FACE_BOUND('',#633,.T.);
#72=FACE_BOUND('',#634,.T.);
#73=FACE_BOUND('',#637,.T.);
#74=FACE_BOUND('',#638,.T.);
#75=FACE_BOUND('',#639,.T.);
#76=FACE_BOUND('',#640,.T.);
#77=FACE_BOUND('',#641,.T.);
#78=FACE_BOUND('',#643,.T.);
#79=FACE_BOUND('',#644,.T.);
#80=FACE_BOUND('',#645,.T.);
#81=FACE_BOUND('',#646,.T.);
#82=FACE_BOUND('',#647,.T.);
#83=FACE_BOUND('',#648,.T.);
#84=FACE_BOUND('',#649,.T.);
#85=FACE_BOUND('',#650,.T.);
#86=FACE_BOUND('',#652,.T.);
#87=FACE_BOUND('',#662,.T.);
#88=FACE_BOUND('',#667,.T.);
#89=FACE_BOUND('',#672,.T.);
#90=FACE_BOUND('',#673,.T.);
#91=FACE_BOUND('',#692,.T.);
#92=FACE_BOUND('',#705,.T.);
#93=FACE_BOUND('',#707,.T.);
#94=FACE_BOUND('',#725,.T.);
#95=FACE_BOUND('',#816,.T.);
#96=FACE_BOUND('',#834,.T.);
#97=PLANE('',#4579);
#98=PLANE('',#4580);
#99=PLANE('',#4581);
#100=PLANE('',#4582);
#101=PLANE('',#4583);
#102=PLANE('',#4584);
#103=PLANE('',#4585);
#104=PLANE('',#4596);
#105=PLANE('',#4597);
#106=PLANE('',#4598);
#107=PLANE('',#4599);
#108=PLANE('',#4600);
#109=PLANE('',#4601);
#110=PLANE('',#4602);
#111=PLANE('',#4603);
#112=PLANE('',#4604);
#113=PLANE('',#4605);
#114=PLANE('',#4606);
#115=PLANE('',#4607);
#116=PLANE('',#4608);
#117=PLANE('',#4609);
#118=PLANE('',#4610);
#119=PLANE('',#4611);
#120=PLANE('',#4612);
#121=PLANE('',#4613);
#122=PLANE('',#4614);
#123=PLANE('',#4615);
#124=PLANE('',#4616);
#125=PLANE('',#4617);
#126=PLANE('',#4618);
#127=PLANE('',#4619);
#128=PLANE('',#4620);
#129=PLANE('',#4621);
#130=PLANE('',#4622);
#131=PLANE('',#4623);
#132=PLANE('',#4624);
#133=PLANE('',#4625);
#134=PLANE('',#4626);
#135=PLANE('',#4627);
#136=PLANE('',#4628);
#137=PLANE('',#4629);
#138=PLANE('',#4630);
#139=PLANE('',#4631);
#140=PLANE('',#4632);
#141=PLANE('',#4633);
#142=PLANE('',#4634);
#143=PLANE('',#4635);
#144=PLANE('',#4636);
#145=PLANE('',#4637);
#146=PLANE('',#4638);
#147=PLANE('',#4639);
#148=PLANE('',#4640);
#149=PLANE('',#4641);
#150=PLANE('',#4642);
#151=PLANE('',#4643);
#152=PLANE('',#4644);
#153=PLANE('',#4645);
#154=PLANE('',#4646);
#155=PLANE('',#4647);
#156=PLANE('',#4648);
#157=PLANE('',#4649);
#158=PLANE('',#4710);
#159=PLANE('',#4715);
#160=PLANE('',#4716);
#161=PLANE('',#4723);
#162=PLANE('',#4726);
#163=PLANE('',#4727);
#164=PLANE('',#4730);
#165=PLANE('',#4733);
#166=PLANE('',#4738);
#167=PLANE('',#4745);
#168=PLANE('',#4748);
#169=PLANE('',#4759);
#170=PLANE('',#4768);
#171=PLANE('',#4772);
#172=PLANE('',#4780);
#173=PLANE('',#4785);
#174=PLANE('',#4788);
#175=PLANE('',#4789);
#176=PLANE('',#4792);
#177=PLANE('',#4793);
#178=PLANE('',#4795);
#179=PLANE('',#4796);
#180=PLANE('',#4797);
#181=PLANE('',#4798);
#182=PLANE('',#4801);
#183=PLANE('',#4802);
#184=PLANE('',#4805);
#185=PLANE('',#4808);
#186=PLANE('',#4809);
#187=PLANE('',#4812);
#188=PLANE('',#4815);
#189=PLANE('',#4816);
#190=PLANE('',#4817);
#191=PLANE('',#4822);
#192=PLANE('',#4828);
#193=PLANE('',#4830);
#194=PLANE('',#4832);
#195=PLANE('',#4836);
#196=PLANE('',#4837);
#197=PLANE('',#4838);
#198=PLANE('',#4839);
#199=PLANE('',#4840);
#200=PLANE('',#4841);
#201=PLANE('',#4842);
#202=PLANE('',#4843);
#203=PLANE('',#4844);
#204=PLANE('',#4845);
#205=PLANE('',#4846);
#206=PLANE('',#4847);
#207=PLANE('',#4848);
#208=PLANE('',#4850);
#209=PLANE('',#4852);
#210=PLANE('',#4853);
#211=PLANE('',#4854);
#212=PLANE('',#4855);
#213=PLANE('',#4856);
#214=PLANE('',#4858);
#215=PLANE('',#4930);
#216=PLANE('',#4933);
#217=PLANE('',#4936);
#218=PLANE('',#4937);
#219=PLANE('',#4940);
#220=PLANE('',#4943);
#221=PLANE('',#4944);
#222=PLANE('',#4945);
#223=PLANE('',#4946);
#224=PLANE('',#4947);
#225=PLANE('',#4948);
#226=PLANE('',#4949);
#227=PLANE('',#4950);
#228=PLANE('',#4951);
#229=PLANE('',#4952);
#230=PLANE('',#4953);
#231=PLANE('',#4954);
#232=PLANE('',#4955);
#233=PLANE('',#4956);
#234=PLANE('',#4957);
#235=PLANE('',#4958);
#236=PLANE('',#4959);
#237=PLANE('',#4960);
#238=PLANE('',#4961);
#239=PLANE('',#4962);
#240=PLANE('',#4963);
#241=PLANE('',#4964);
#242=PLANE('',#4990);
#243=PLANE('',#4991);
#244=PLANE('',#4992);
#245=PLANE('',#4993);
#246=PLANE('',#4994);
#247=PLANE('',#4995);
#248=PLANE('',#4996);
#249=PLANE('',#4997);
#250=PLANE('',#4998);
#251=PLANE('',#4999);
#252=PLANE('',#5000);
#253=PLANE('',#5001);
#254=PLANE('',#5002);
#255=PLANE('',#5003);
#256=PLANE('',#5004);
#257=PLANE('',#5012);
#258=PLANE('',#5013);
#259=PLANE('',#5014);
#260=PLANE('',#5015);
#261=PLANE('',#5016);
#262=PLANE('',#5017);
#263=PLANE('',#5018);
#264=PLANE('',#5019);
#265=PLANE('',#5020);
#266=PLANE('',#5021);
#267=PLANE('',#5022);
#268=PLANE('',#5023);
#269=PLANE('',#5024);
#270=PLANE('',#5025);
#271=PLANE('',#5026);
#272=FACE_OUTER_BOUND('',#546,.T.);
#273=FACE_OUTER_BOUND('',#547,.T.);
#274=FACE_OUTER_BOUND('',#548,.T.);
#275=FACE_OUTER_BOUND('',#549,.T.);
#276=FACE_OUTER_BOUND('',#550,.T.);
#277=FACE_OUTER_BOUND('',#552,.T.);
#278=FACE_OUTER_BOUND('',#553,.T.);
#279=FACE_OUTER_BOUND('',#554,.T.);
#280=FACE_OUTER_BOUND('',#555,.T.);
#281=FACE_OUTER_BOUND('',#556,.T.);
#282=FACE_OUTER_BOUND('',#557,.T.);
#283=FACE_OUTER_BOUND('',#558,.T.);
#284=FACE_OUTER_BOUND('',#559,.T.);
#285=FACE_OUTER_BOUND('',#560,.T.);
#286=FACE_OUTER_BOUND('',#562,.T.);
#287=FACE_OUTER_BOUND('',#563,.T.);
#288=FACE_OUTER_BOUND('',#564,.T.);
#289=FACE_OUTER_BOUND('',#565,.T.);
#290=FACE_OUTER_BOUND('',#566,.T.);
#291=FACE_OUTER_BOUND('',#567,.T.);
#292=FACE_OUTER_BOUND('',#568,.T.);
#293=FACE_OUTER_BOUND('',#569,.T.);
#294=FACE_OUTER_BOUND('',#570,.T.);
#295=FACE_OUTER_BOUND('',#571,.T.);
#296=FACE_OUTER_BOUND('',#573,.T.);
#297=FACE_OUTER_BOUND('',#574,.T.);
#298=FACE_OUTER_BOUND('',#575,.T.);
#299=FACE_OUTER_BOUND('',#576,.T.);
#300=FACE_OUTER_BOUND('',#577,.T.);
#301=FACE_OUTER_BOUND('',#578,.T.);
#302=FACE_OUTER_BOUND('',#579,.T.);
#303=FACE_OUTER_BOUND('',#580,.T.);
#304=FACE_OUTER_BOUND('',#581,.T.);
#305=FACE_OUTER_BOUND('',#582,.T.);
#306=FACE_OUTER_BOUND('',#583,.T.);
#307=FACE_OUTER_BOUND('',#584,.T.);
#308=FACE_OUTER_BOUND('',#585,.T.);
#309=FACE_OUTER_BOUND('',#586,.T.);
#310=FACE_OUTER_BOUND('',#587,.T.);
#311=FACE_OUTER_BOUND('',#588,.T.);
#312=FACE_OUTER_BOUND('',#589,.T.);
#313=FACE_OUTER_BOUND('',#590,.T.);
#314=FACE_OUTER_BOUND('',#591,.T.);
#315=FACE_OUTER_BOUND('',#592,.T.);
#316=FACE_OUTER_BOUND('',#593,.T.);
#317=FACE_OUTER_BOUND('',#594,.T.);
#318=FACE_OUTER_BOUND('',#595,.T.);
#319=FACE_OUTER_BOUND('',#596,.T.);
#320=FACE_OUTER_BOUND('',#597,.T.);
#321=FACE_OUTER_BOUND('',#598,.T.);
#322=FACE_OUTER_BOUND('',#599,.T.);
#323=FACE_OUTER_BOUND('',#600,.T.);
#324=FACE_OUTER_BOUND('',#601,.T.);
#325=FACE_OUTER_BOUND('',#602,.T.);
#326=FACE_OUTER_BOUND('',#603,.T.);
#327=FACE_OUTER_BOUND('',#604,.T.);
#328=FACE_OUTER_BOUND('',#605,.T.);
#329=FACE_OUTER_BOUND('',#606,.T.);
#330=FACE_OUTER_BOUND('',#607,.T.);
#331=FACE_OUTER_BOUND('',#608,.T.);
#332=FACE_OUTER_BOUND('',#609,.T.);
#333=FACE_OUTER_BOUND('',#610,.T.);
#334=FACE_OUTER_BOUND('',#611,.T.);
#335=FACE_OUTER_BOUND('',#612,.T.);
#336=FACE_OUTER_BOUND('',#613,.T.);
#337=FACE_OUTER_BOUND('',#614,.T.);
#338=FACE_OUTER_BOUND('',#615,.T.);
#339=FACE_OUTER_BOUND('',#616,.T.);
#340=FACE_OUTER_BOUND('',#617,.T.);
#341=FACE_OUTER_BOUND('',#618,.T.);
#342=FACE_OUTER_BOUND('',#619,.T.);
#343=FACE_OUTER_BOUND('',#620,.T.);
#344=FACE_OUTER_BOUND('',#621,.T.);
#345=FACE_OUTER_BOUND('',#622,.T.);
#346=FACE_OUTER_BOUND('',#623,.T.);
#347=FACE_OUTER_BOUND('',#624,.T.);
#348=FACE_OUTER_BOUND('',#625,.T.);
#349=FACE_OUTER_BOUND('',#626,.T.);
#350=FACE_OUTER_BOUND('',#627,.T.);
#351=FACE_OUTER_BOUND('',#628,.T.);
#352=FACE_OUTER_BOUND('',#629,.T.);
#353=FACE_OUTER_BOUND('',#630,.T.);
#354=FACE_OUTER_BOUND('',#631,.T.);
#355=FACE_OUTER_BOUND('',#632,.T.);
#356=FACE_OUTER_BOUND('',#635,.T.);
#357=FACE_OUTER_BOUND('',#636,.T.);
#358=FACE_OUTER_BOUND('',#642,.T.);
#359=FACE_OUTER_BOUND('',#651,.T.);
#360=FACE_OUTER_BOUND('',#653,.T.);
#361=FACE_OUTER_BOUND('',#654,.T.);
#362=FACE_OUTER_BOUND('',#655,.T.);
#363=FACE_OUTER_BOUND('',#656,.T.);
#364=FACE_OUTER_BOUND('',#657,.T.);
#365=FACE_OUTER_BOUND('',#658,.T.);
#366=FACE_OUTER_BOUND('',#659,.T.);
#367=FACE_OUTER_BOUND('',#660,.T.);
#368=FACE_OUTER_BOUND('',#661,.T.);
#369=FACE_OUTER_BOUND('',#663,.T.);
#370=FACE_OUTER_BOUND('',#664,.T.);
#371=FACE_OUTER_BOUND('',#665,.T.);
#372=FACE_OUTER_BOUND('',#666,.T.);
#373=FACE_OUTER_BOUND('',#668,.T.);
#374=FACE_OUTER_BOUND('',#669,.T.);
#375=FACE_OUTER_BOUND('',#670,.T.);
#376=FACE_OUTER_BOUND('',#671,.T.);
#377=FACE_OUTER_BOUND('',#674,.T.);
#378=FACE_OUTER_BOUND('',#675,.T.);
#379=FACE_OUTER_BOUND('',#676,.T.);
#380=FACE_OUTER_BOUND('',#677,.T.);
#381=FACE_OUTER_BOUND('',#678,.T.);
#382=FACE_OUTER_BOUND('',#679,.T.);
#383=FACE_OUTER_BOUND('',#680,.T.);
#384=FACE_OUTER_BOUND('',#681,.T.);
#385=FACE_OUTER_BOUND('',#682,.T.);
#386=FACE_OUTER_BOUND('',#683,.T.);
#387=FACE_OUTER_BOUND('',#684,.T.);
#388=FACE_OUTER_BOUND('',#685,.T.);
#389=FACE_OUTER_BOUND('',#686,.T.);
#390=FACE_OUTER_BOUND('',#687,.T.);
#391=FACE_OUTER_BOUND('',#688,.T.);
#392=FACE_OUTER_BOUND('',#689,.T.);
#393=FACE_OUTER_BOUND('',#690,.T.);
#394=FACE_OUTER_BOUND('',#691,.T.);
#395=FACE_OUTER_BOUND('',#693,.T.);
#396=FACE_OUTER_BOUND('',#694,.T.);
#397=FACE_OUTER_BOUND('',#695,.T.);
#398=FACE_OUTER_BOUND('',#696,.T.);
#399=FACE_OUTER_BOUND('',#697,.T.);
#400=FACE_OUTER_BOUND('',#698,.T.);
#401=FACE_OUTER_BOUND('',#699,.T.);
#402=FACE_OUTER_BOUND('',#700,.T.);
#403=FACE_OUTER_BOUND('',#701,.T.);
#404=FACE_OUTER_BOUND('',#702,.T.);
#405=FACE_OUTER_BOUND('',#703,.T.);
#406=FACE_OUTER_BOUND('',#704,.T.);
#407=FACE_OUTER_BOUND('',#706,.T.);
#408=FACE_OUTER_BOUND('',#708,.T.);
#409=FACE_OUTER_BOUND('',#709,.T.);
#410=FACE_OUTER_BOUND('',#710,.T.);
#411=FACE_OUTER_BOUND('',#711,.T.);
#412=FACE_OUTER_BOUND('',#712,.T.);
#413=FACE_OUTER_BOUND('',#713,.T.);
#414=FACE_OUTER_BOUND('',#714,.T.);
#415=FACE_OUTER_BOUND('',#715,.T.);
#416=FACE_OUTER_BOUND('',#716,.T.);
#417=FACE_OUTER_BOUND('',#717,.T.);
#418=FACE_OUTER_BOUND('',#718,.T.);
#419=FACE_OUTER_BOUND('',#719,.T.);
#420=FACE_OUTER_BOUND('',#720,.T.);
#421=FACE_OUTER_BOUND('',#721,.T.);
#422=FACE_OUTER_BOUND('',#722,.T.);
#423=FACE_OUTER_BOUND('',#723,.T.);
#424=FACE_OUTER_BOUND('',#724,.T.);
#425=FACE_OUTER_BOUND('',#726,.T.);
#426=FACE_OUTER_BOUND('',#727,.T.);
#427=FACE_OUTER_BOUND('',#728,.T.);
#428=FACE_OUTER_BOUND('',#729,.T.);
#429=FACE_OUTER_BOUND('',#730,.T.);
#430=FACE_OUTER_BOUND('',#731,.T.);
#431=FACE_OUTER_BOUND('',#732,.T.);
#432=FACE_OUTER_BOUND('',#733,.T.);
#433=FACE_OUTER_BOUND('',#734,.T.);
#434=FACE_OUTER_BOUND('',#735,.T.);
#435=FACE_OUTER_BOUND('',#736,.T.);
#436=FACE_OUTER_BOUND('',#737,.T.);
#437=FACE_OUTER_BOUND('',#738,.T.);
#438=FACE_OUTER_BOUND('',#739,.T.);
#439=FACE_OUTER_BOUND('',#740,.T.);
#440=FACE_OUTER_BOUND('',#741,.T.);
#441=FACE_OUTER_BOUND('',#742,.T.);
#442=FACE_OUTER_BOUND('',#743,.T.);
#443=FACE_OUTER_BOUND('',#744,.T.);
#444=FACE_OUTER_BOUND('',#745,.T.);
#445=FACE_OUTER_BOUND('',#746,.T.);
#446=FACE_OUTER_BOUND('',#747,.T.);
#447=FACE_OUTER_BOUND('',#748,.T.);
#448=FACE_OUTER_BOUND('',#749,.T.);
#449=FACE_OUTER_BOUND('',#750,.T.);
#450=FACE_OUTER_BOUND('',#751,.T.);
#451=FACE_OUTER_BOUND('',#752,.T.);
#452=FACE_OUTER_BOUND('',#753,.T.);
#453=FACE_OUTER_BOUND('',#754,.T.);
#454=FACE_OUTER_BOUND('',#755,.T.);
#455=FACE_OUTER_BOUND('',#756,.T.);
#456=FACE_OUTER_BOUND('',#757,.T.);
#457=FACE_OUTER_BOUND('',#758,.T.);
#458=FACE_OUTER_BOUND('',#759,.T.);
#459=FACE_OUTER_BOUND('',#760,.T.);
#460=FACE_OUTER_BOUND('',#761,.T.);
#461=FACE_OUTER_BOUND('',#762,.T.);
#462=FACE_OUTER_BOUND('',#763,.T.);
#463=FACE_OUTER_BOUND('',#764,.T.);
#464=FACE_OUTER_BOUND('',#765,.T.);
#465=FACE_OUTER_BOUND('',#766,.T.);
#466=FACE_OUTER_BOUND('',#767,.T.);
#467=FACE_OUTER_BOUND('',#768,.T.);
#468=FACE_OUTER_BOUND('',#769,.T.);
#469=FACE_OUTER_BOUND('',#770,.T.);
#470=FACE_OUTER_BOUND('',#771,.T.);
#471=FACE_OUTER_BOUND('',#772,.T.);
#472=FACE_OUTER_BOUND('',#773,.T.);
#473=FACE_OUTER_BOUND('',#774,.T.);
#474=FACE_OUTER_BOUND('',#775,.T.);
#475=FACE_OUTER_BOUND('',#776,.T.);
#476=FACE_OUTER_BOUND('',#777,.T.);
#477=FACE_OUTER_BOUND('',#778,.T.);
#478=FACE_OUTER_BOUND('',#779,.T.);
#479=FACE_OUTER_BOUND('',#780,.T.);
#480=FACE_OUTER_BOUND('',#781,.T.);
#481=FACE_OUTER_BOUND('',#782,.T.);
#482=FACE_OUTER_BOUND('',#783,.T.);
#483=FACE_OUTER_BOUND('',#784,.T.);
#484=FACE_OUTER_BOUND('',#785,.T.);
#485=FACE_OUTER_BOUND('',#786,.T.);
#486=FACE_OUTER_BOUND('',#787,.T.);
#487=FACE_OUTER_BOUND('',#788,.T.);
#488=FACE_OUTER_BOUND('',#789,.T.);
#489=FACE_OUTER_BOUND('',#790,.T.);
#490=FACE_OUTER_BOUND('',#791,.T.);
#491=FACE_OUTER_BOUND('',#792,.T.);
#492=FACE_OUTER_BOUND('',#793,.T.);
#493=FACE_OUTER_BOUND('',#794,.T.);
#494=FACE_OUTER_BOUND('',#795,.T.);
#495=FACE_OUTER_BOUND('',#796,.T.);
#496=FACE_OUTER_BOUND('',#797,.T.);
#497=FACE_OUTER_BOUND('',#798,.T.);
#498=FACE_OUTER_BOUND('',#799,.T.);
#499=FACE_OUTER_BOUND('',#800,.T.);
#500=FACE_OUTER_BOUND('',#801,.T.);
#501=FACE_OUTER_BOUND('',#802,.T.);
#502=FACE_OUTER_BOUND('',#803,.T.);
#503=FACE_OUTER_BOUND('',#804,.T.);
#504=FACE_OUTER_BOUND('',#805,.T.);
#505=FACE_OUTER_BOUND('',#806,.T.);
#506=FACE_OUTER_BOUND('',#807,.T.);
#507=FACE_OUTER_BOUND('',#808,.T.);
#508=FACE_OUTER_BOUND('',#809,.T.);
#509=FACE_OUTER_BOUND('',#810,.T.);
#510=FACE_OUTER_BOUND('',#811,.T.);
#511=FACE_OUTER_BOUND('',#812,.T.);
#512=FACE_OUTER_BOUND('',#813,.T.);
#513=FACE_OUTER_BOUND('',#814,.T.);
#514=FACE_OUTER_BOUND('',#815,.T.);
#515=FACE_OUTER_BOUND('',#817,.T.);
#516=FACE_OUTER_BOUND('',#818,.T.);
#517=FACE_OUTER_BOUND('',#819,.T.);
#518=FACE_OUTER_BOUND('',#820,.T.);
#519=FACE_OUTER_BOUND('',#821,.T.);
#520=FACE_OUTER_BOUND('',#822,.T.);
#521=FACE_OUTER_BOUND('',#823,.T.);
#522=FACE_OUTER_BOUND('',#824,.T.);
#523=FACE_OUTER_BOUND('',#825,.T.);
#524=FACE_OUTER_BOUND('',#826,.T.);
#525=FACE_OUTER_BOUND('',#827,.T.);
#526=FACE_OUTER_BOUND('',#828,.T.);
#527=FACE_OUTER_BOUND('',#829,.T.);
#528=FACE_OUTER_BOUND('',#830,.T.);
#529=FACE_OUTER_BOUND('',#831,.T.);
#530=FACE_OUTER_BOUND('',#832,.T.);
#531=FACE_OUTER_BOUND('',#833,.T.);
#532=FACE_OUTER_BOUND('',#835,.T.);
#533=FACE_OUTER_BOUND('',#836,.T.);
#534=FACE_OUTER_BOUND('',#837,.T.);
#535=FACE_OUTER_BOUND('',#838,.T.);
#536=FACE_OUTER_BOUND('',#839,.T.);
#537=FACE_OUTER_BOUND('',#840,.T.);
#538=FACE_OUTER_BOUND('',#841,.T.);
#539=FACE_OUTER_BOUND('',#842,.T.);
#540=FACE_OUTER_BOUND('',#843,.T.);
#541=FACE_OUTER_BOUND('',#844,.T.);
#542=FACE_OUTER_BOUND('',#845,.T.);
#543=FACE_OUTER_BOUND('',#846,.T.);
#544=FACE_OUTER_BOUND('',#847,.T.);
#545=FACE_OUTER_BOUND('',#848,.T.);
#546=EDGE_LOOP('',(#2938,#2939,#2940,#2941));
#547=EDGE_LOOP('',(#2942,#2943,#2944,#2945,#2946,#2947,#2948,#2949,#2950,
#2951,#2952,#2953));
#548=EDGE_LOOP('',(#2954,#2955,#2956,#2957));
#549=EDGE_LOOP('',(#2958,#2959,#2960,#2961));
#550=EDGE_LOOP('',(#2962,#2963,#2964,#2965));
#551=EDGE_LOOP('',(#2966));
#552=EDGE_LOOP('',(#2967));
#553=EDGE_LOOP('',(#2968,#2969));
#554=EDGE_LOOP('',(#2970,#2971,#2972));
#555=EDGE_LOOP('',(#2973));
#556=EDGE_LOOP('',(#2974,#2975,#2976,#2977));
#557=EDGE_LOOP('',(#2978,#2979,#2980,#2981,#2982,#2983,#2984,#2985,#2986,
#2987,#2988,#2989));
#558=EDGE_LOOP('',(#2990,#2991,#2992,#2993));
#559=EDGE_LOOP('',(#2994,#2995,#2996,#2997));
#560=EDGE_LOOP('',(#2998,#2999,#3000,#3001));
#561=EDGE_LOOP('',(#3002));
#562=EDGE_LOOP('',(#3003));
#563=EDGE_LOOP('',(#3004,#3005));
#564=EDGE_LOOP('',(#3006,#3007,#3008));
#565=EDGE_LOOP('',(#3009));
#566=EDGE_LOOP('',(#3010,#3011,#3012,#3013));
#567=EDGE_LOOP('',(#3014,#3015,#3016,#3017));
#568=EDGE_LOOP('',(#3018,#3019,#3020,#3021));
#569=EDGE_LOOP('',(#3022,#3023,#3024,#3025));
#570=EDGE_LOOP('',(#3026,#3027,#3028,#3029));
#571=EDGE_LOOP('',(#3030,#3031,#3032,#3033));
#572=EDGE_LOOP('',(#3034,#3035,#3036,#3037));
#573=EDGE_LOOP('',(#3038,#3039,#3040,#3041));
#574=EDGE_LOOP('',(#3042,#3043,#3044,#3045));
#575=EDGE_LOOP('',(#3046,#3047,#3048,#3049));
#576=EDGE_LOOP('',(#3050,#3051,#3052,#3053));
#577=EDGE_LOOP('',(#3054,#3055,#3056,#3057));
#578=EDGE_LOOP('',(#3058,#3059,#3060,#3061));
#579=EDGE_LOOP('',(#3062,#3063,#3064,#3065));
#580=EDGE_LOOP('',(#3066,#3067,#3068,#3069));
#581=EDGE_LOOP('',(#3070,#3071,#3072,#3073));
#582=EDGE_LOOP('',(#3074,#3075,#3076,#3077));
#583=EDGE_LOOP('',(#3078,#3079,#3080,#3081));
#584=EDGE_LOOP('',(#3082,#3083,#3084,#3085));
#585=EDGE_LOOP('',(#3086,#3087,#3088,#3089));
#586=EDGE_LOOP('',(#3090,#3091,#3092,#3093));
#587=EDGE_LOOP('',(#3094,#3095,#3096,#3097));
#588=EDGE_LOOP('',(#3098,#3099,#3100,#3101));
#589=EDGE_LOOP('',(#3102,#3103,#3104,#3105));
#590=EDGE_LOOP('',(#3106,#3107,#3108,#3109));
#591=EDGE_LOOP('',(#3110,#3111,#3112,#3113));
#592=EDGE_LOOP('',(#3114,#3115,#3116,#3117));
#593=EDGE_LOOP('',(#3118,#3119,#3120,#3121));
#594=EDGE_LOOP('',(#3122,#3123,#3124,#3125));
#595=EDGE_LOOP('',(#3126,#3127,#3128,#3129));
#596=EDGE_LOOP('',(#3130,#3131,#3132,#3133));
#597=EDGE_LOOP('',(#3134,#3135,#3136,#3137));
#598=EDGE_LOOP('',(#3138,#3139,#3140,#3141));
#599=EDGE_LOOP('',(#3142,#3143,#3144,#3145));
#600=EDGE_LOOP('',(#3146,#3147,#3148,#3149));
#601=EDGE_LOOP('',(#3150,#3151,#3152,#3153));
#602=EDGE_LOOP('',(#3154,#3155,#3156,#3157));
#603=EDGE_LOOP('',(#3158,#3159,#3160,#3161));
#604=EDGE_LOOP('',(#3162,#3163,#3164,#3165));
#605=EDGE_LOOP('',(#3166,#3167,#3168,#3169));
#606=EDGE_LOOP('',(#3170,#3171,#3172,#3173));
#607=EDGE_LOOP('',(#3174,#3175,#3176,#3177));
#608=EDGE_LOOP('',(#3178,#3179,#3180,#3181));
#609=EDGE_LOOP('',(#3182,#3183,#3184,#3185));
#610=EDGE_LOOP('',(#3186,#3187,#3188,#3189));
#611=EDGE_LOOP('',(#3190,#3191,#3192,#3193));
#612=EDGE_LOOP('',(#3194,#3195,#3196,#3197));
#613=EDGE_LOOP('',(#3198,#3199,#3200,#3201));
#614=EDGE_LOOP('',(#3202,#3203,#3204,#3205));
#615=EDGE_LOOP('',(#3206,#3207,#3208,#3209,#3210));
#616=EDGE_LOOP('',(#3211,#3212,#3213,#3214));
#617=EDGE_LOOP('',(#3215,#3216,#3217,#3218));
#618=EDGE_LOOP('',(#3219,#3220,#3221,#3222));
#619=EDGE_LOOP('',(#3223,#3224,#3225,#3226));
#620=EDGE_LOOP('',(#3227,#3228,#3229,#3230));
#621=EDGE_LOOP('',(#3231,#3232,#3233,#3234));
#622=EDGE_LOOP('',(#3235,#3236,#3237,#3238));
#623=EDGE_LOOP('',(#3239,#3240,#3241,#3242,#3243,#3244,#3245,#3246));
#624=EDGE_LOOP('',(#3247,#3248,#3249,#3250));
#625=EDGE_LOOP('',(#3251,#3252,#3253,#3254,#3255,#3256,#3257,#3258));
#626=EDGE_LOOP('',(#3259,#3260,#3261,#3262));
#627=EDGE_LOOP('',(#3263,#3264,#3265,#3266));
#628=EDGE_LOOP('',(#3267,#3268,#3269,#3270,#3271));
#629=EDGE_LOOP('',(#3272,#3273,#3274,#3275,#3276));
#630=EDGE_LOOP('',(#3277,#3278,#3279,#3280));
#631=EDGE_LOOP('',(#3281,#3282,#3283,#3284));
#632=EDGE_LOOP('',(#3285,#3286,#3287,#3288,#3289,#3290,#3291,#3292));
#633=EDGE_LOOP('',(#3293,#3294,#3295,#3296));
#634=EDGE_LOOP('',(#3297,#3298,#3299,#3300));
#635=EDGE_LOOP('',(#3301,#3302,#3303,#3304));
#636=EDGE_LOOP('',(#3305,#3306,#3307,#3308,#3309,#3310,#3311,#3312,#3313,
#3314,#3315,#3316,#3317,#3318,#3319));
#637=EDGE_LOOP('',(#3320,#3321,#3322,#3323,#3324,#3325,#3326,#3327));
#638=EDGE_LOOP('',(#3328));
#639=EDGE_LOOP('',(#3329));
#640=EDGE_LOOP('',(#3330));
#641=EDGE_LOOP('',(#3331));
#642=EDGE_LOOP('',(#3332,#3333,#3334,#3335,#3336,#3337));
#643=EDGE_LOOP('',(#3338,#3339,#3340));
#644=EDGE_LOOP('',(#3341));
#645=EDGE_LOOP('',(#3342));
#646=EDGE_LOOP('',(#3343));
#647=EDGE_LOOP('',(#3344));
#648=EDGE_LOOP('',(#3345,#3346,#3347));
#649=EDGE_LOOP('',(#3348));
#650=EDGE_LOOP('',(#3349));
#651=EDGE_LOOP('',(#3350,#3351,#3352,#3353));
#652=EDGE_LOOP('',(#3354,#3355,#3356,#3357));
#653=EDGE_LOOP('',(#3358,#3359,#3360,#3361));
#654=EDGE_LOOP('',(#3362,#3363,#3364,#3365));
#655=EDGE_LOOP('',(#3366,#3367,#3368,#3369,#3370,#3371,#3372,#3373));
#656=EDGE_LOOP('',(#3374,#3375,#3376,#3377,#3378,#3379,#3380,#3381));
#657=EDGE_LOOP('',(#3382,#3383,#3384,#3385));
#658=EDGE_LOOP('',(#3386,#3387,#3388,#3389));
#659=EDGE_LOOP('',(#3390,#3391,#3392,#3393,#3394,#3395,#3396,#3397));
#660=EDGE_LOOP('',(#3398,#3399,#3400,#3401));
#661=EDGE_LOOP('',(#3402,#3403,#3404,#3405));
#662=EDGE_LOOP('',(#3406,#3407,#3408,#3409,#3410,#3411,#3412,#3413));
#663=EDGE_LOOP('',(#3414,#3415,#3416,#3417));
#664=EDGE_LOOP('',(#3418,#3419,#3420,#3421));
#665=EDGE_LOOP('',(#3422,#3423,#3424,#3425));
#666=EDGE_LOOP('',(#3426,#3427,#3428,#3429,#3430,#3431,#3432,#3433));
#667=EDGE_LOOP('',(#3434,#3435,#3436,#3437,#3438,#3439,#3440,#3441));
#668=EDGE_LOOP('',(#3442,#3443,#3444,#3445,#3446,#3447,#3448));
#669=EDGE_LOOP('',(#3449,#3450,#3451,#3452));
#670=EDGE_LOOP('',(#3453,#3454,#3455,#3456));
#671=EDGE_LOOP('',(#3457,#3458,#3459,#3460));
#672=EDGE_LOOP('',(#3461,#3462,#3463,#3464));
#673=EDGE_LOOP('',(#3465,#3466,#3467,#3468));
#674=EDGE_LOOP('',(#3469,#3470,#3471,#3472));
#675=EDGE_LOOP('',(#3473,#3474,#3475,#3476));
#676=EDGE_LOOP('',(#3477,#3478,#3479,#3480,#3481,#3482,#3483));
#677=EDGE_LOOP('',(#3484,#3485,#3486,#3487,#3488,#3489,#3490,#3491,#3492,
#3493,#3494,#3495));
#678=EDGE_LOOP('',(#3496,#3497,#3498,#3499));
#679=EDGE_LOOP('',(#3500,#3501,#3502,#3503));
#680=EDGE_LOOP('',(#3504,#3505,#3506,#3507));
#681=EDGE_LOOP('',(#3508,#3509,#3510,#3511));
#682=EDGE_LOOP('',(#3512,#3513,#3514,#3515));
#683=EDGE_LOOP('',(#3516,#3517,#3518,#3519));
#684=EDGE_LOOP('',(#3520,#3521,#3522,#3523));
#685=EDGE_LOOP('',(#3524,#3525,#3526,#3527));
#686=EDGE_LOOP('',(#3528,#3529,#3530,#3531,#3532,#3533,#3534,#3535,#3536,
#3537,#3538,#3539));
#687=EDGE_LOOP('',(#3540,#3541,#3542,#3543,#3544,#3545));
#688=EDGE_LOOP('',(#3546,#3547,#3548,#3549,#3550,#3551));
#689=EDGE_LOOP('',(#3552,#3553,#3554,#3555));
#690=EDGE_LOOP('',(#3556,#3557,#3558,#3559));
#691=EDGE_LOOP('',(#3560,#3561,#3562,#3563));
#692=EDGE_LOOP('',(#3564,#3565,#3566,#3567));
#693=EDGE_LOOP('',(#3568,#3569,#3570,#3571,#3572,#3573));
#694=EDGE_LOOP('',(#3574,#3575,#3576,#3577));
#695=EDGE_LOOP('',(#3578,#3579,#3580,#3581));
#696=EDGE_LOOP('',(#3582,#3583,#3584,#3585));
#697=EDGE_LOOP('',(#3586,#3587,#3588,#3589));
#698=EDGE_LOOP('',(#3590,#3591,#3592,#3593));
#699=EDGE_LOOP('',(#3594,#3595,#3596,#3597));
#700=EDGE_LOOP('',(#3598,#3599,#3600,#3601));
#701=EDGE_LOOP('',(#3602,#3603,#3604,#3605));
#702=EDGE_LOOP('',(#3606,#3607,#3608,#3609));
#703=EDGE_LOOP('',(#3610,#3611,#3612,#3613));
#704=EDGE_LOOP('',(#3614,#3615,#3616,#3617,#3618,#3619,#3620,#3621));
#705=EDGE_LOOP('',(#3622));
#706=EDGE_LOOP('',(#3623,#3624,#3625,#3626,#3627,#3628,#3629,#3630));
#707=EDGE_LOOP('',(#3631));
#708=EDGE_LOOP('',(#3632,#3633,#3634,#3635,#3636,#3637));
#709=EDGE_LOOP('',(#3638,#3639,#3640,#3641));
#710=EDGE_LOOP('',(#3642,#3643,#3644,#3645));
#711=EDGE_LOOP('',(#3646,#3647,#3648,#3649));
#712=EDGE_LOOP('',(#3650,#3651,#3652,#3653));
#713=EDGE_LOOP('',(#3654,#3655,#3656,#3657));
#714=EDGE_LOOP('',(#3658,#3659,#3660,#3661,#3662,#3663));
#715=EDGE_LOOP('',(#3664,#3665,#3666,#3667));
#716=EDGE_LOOP('',(#3668,#3669,#3670,#3671));
#717=EDGE_LOOP('',(#3672));
#718=EDGE_LOOP('',(#3673));
#719=EDGE_LOOP('',(#3674,#3675));
#720=EDGE_LOOP('',(#3676,#3677));
#721=EDGE_LOOP('',(#3678));
#722=EDGE_LOOP('',(#3679));
#723=EDGE_LOOP('',(#3680));
#724=EDGE_LOOP('',(#3681));
#725=EDGE_LOOP('',(#3682));
#726=EDGE_LOOP('',(#3683,#3684,#3685,#3686));
#727=EDGE_LOOP('',(#3687,#3688,#3689,#3690));
#728=EDGE_LOOP('',(#3691,#3692,#3693,#3694));
#729=EDGE_LOOP('',(#3695,#3696,#3697,#3698));
#730=EDGE_LOOP('',(#3699,#3700,#3701,#3702,#3703,#3704));
#731=EDGE_LOOP('',(#3705,#3706,#3707,#3708,#3709,#3710));
#732=EDGE_LOOP('',(#3711,#3712,#3713,#3714));
#733=EDGE_LOOP('',(#3715,#3716,#3717,#3718));
#734=EDGE_LOOP('',(#3719,#3720,#3721,#3722));
#735=EDGE_LOOP('',(#3723,#3724,#3725,#3726));
#736=EDGE_LOOP('',(#3727,#3728,#3729,#3730,#3731,#3732));
#737=EDGE_LOOP('',(#3733,#3734,#3735,#3736,#3737,#3738));
#738=EDGE_LOOP('',(#3739,#3740,#3741,#3742));
#739=EDGE_LOOP('',(#3743,#3744,#3745));
#740=EDGE_LOOP('',(#3746,#3747,#3748,#3749));
#741=EDGE_LOOP('',(#3750,#3751,#3752,#3753));
#742=EDGE_LOOP('',(#3754,#3755,#3756,#3757));
#743=EDGE_LOOP('',(#3758,#3759,#3760));
#744=EDGE_LOOP('',(#3761,#3762,#3763));
#745=EDGE_LOOP('',(#3764,#3765,#3766,#3767));
#746=EDGE_LOOP('',(#3768,#3769,#3770,#3771));
#747=EDGE_LOOP('',(#3772,#3773,#3774,#3775));
#748=EDGE_LOOP('',(#3776,#3777,#3778,#3779));
#749=EDGE_LOOP('',(#3780,#3781,#3782));
#750=EDGE_LOOP('',(#3783,#3784,#3785,#3786));
#751=EDGE_LOOP('',(#3787,#3788,#3789,#3790));
#752=EDGE_LOOP('',(#3791,#3792,#3793,#3794));
#753=EDGE_LOOP('',(#3795,#3796,#3797,#3798));
#754=EDGE_LOOP('',(#3799,#3800,#3801,#3802));
#755=EDGE_LOOP('',(#3803,#3804,#3805,#3806));
#756=EDGE_LOOP('',(#3807,#3808,#3809,#3810));
#757=EDGE_LOOP('',(#3811,#3812,#3813,#3814));
#758=EDGE_LOOP('',(#3815,#3816,#3817,#3818));
#759=EDGE_LOOP('',(#3819,#3820,#3821,#3822));
#760=EDGE_LOOP('',(#3823,#3824,#3825,#3826));
#761=EDGE_LOOP('',(#3827,#3828,#3829,#3830));
#762=EDGE_LOOP('',(#3831,#3832,#3833,#3834));
#763=EDGE_LOOP('',(#3835,#3836,#3837));
#764=EDGE_LOOP('',(#3838,#3839,#3840));
#765=EDGE_LOOP('',(#3841,#3842,#3843,#3844));
#766=EDGE_LOOP('',(#3845,#3846,#3847,#3848));
#767=EDGE_LOOP('',(#3849,#3850,#3851,#3852));
#768=EDGE_LOOP('',(#3853,#3854,#3855,#3856));
#769=EDGE_LOOP('',(#3857,#3858,#3859));
#770=EDGE_LOOP('',(#3860,#3861,#3862));
#771=EDGE_LOOP('',(#3863,#3864,#3865,#3866));
#772=EDGE_LOOP('',(#3867));
#773=EDGE_LOOP('',(#3868,#3869,#3870,#3871));
#774=EDGE_LOOP('',(#3872,#3873,#3874,#3875));
#775=EDGE_LOOP('',(#3876,#3877,#3878,#3879));
#776=EDGE_LOOP('',(#3880,#3881,#3882,#3883));
#777=EDGE_LOOP('',(#3884,#3885,#3886,#3887));
#778=EDGE_LOOP('',(#3888,#3889,#3890,#3891));
#779=EDGE_LOOP('',(#3892,#3893,#3894,#3895));
#780=EDGE_LOOP('',(#3896,#3897,#3898,#3899));
#781=EDGE_LOOP('',(#3900,#3901,#3902,#3903));
#782=EDGE_LOOP('',(#3904,#3905,#3906,#3907));
#783=EDGE_LOOP('',(#3908));
#784=EDGE_LOOP('',(#3909));
#785=EDGE_LOOP('',(#3910,#3911,#3912,#3913));
#786=EDGE_LOOP('',(#3914,#3915,#3916,#3917));
#787=EDGE_LOOP('',(#3918,#3919,#3920,#3921));
#788=EDGE_LOOP('',(#3922,#3923,#3924,#3925));
#789=EDGE_LOOP('',(#3926,#3927,#3928,#3929));
#790=EDGE_LOOP('',(#3930,#3931,#3932,#3933));
#791=EDGE_LOOP('',(#3934,#3935,#3936,#3937));
#792=EDGE_LOOP('',(#3938,#3939,#3940,#3941));
#793=EDGE_LOOP('',(#3942,#3943,#3944,#3945));
#794=EDGE_LOOP('',(#3946,#3947,#3948,#3949));
#795=EDGE_LOOP('',(#3950,#3951,#3952,#3953,#3954,#3955,#3956,#3957,#3958,
#3959,#3960,#3961));
#796=EDGE_LOOP('',(#3962,#3963,#3964,#3965));
#797=EDGE_LOOP('',(#3966,#3967,#3968,#3969));
#798=EDGE_LOOP('',(#3970,#3971,#3972,#3973));
#799=EDGE_LOOP('',(#3974,#3975,#3976,#3977));
#800=EDGE_LOOP('',(#3978,#3979,#3980,#3981));
#801=EDGE_LOOP('',(#3982));
#802=EDGE_LOOP('',(#3983));
#803=EDGE_LOOP('',(#3984,#3985,#3986,#3987));
#804=EDGE_LOOP('',(#3988,#3989,#3990,#3991));
#805=EDGE_LOOP('',(#3992,#3993,#3994,#3995));
#806=EDGE_LOOP('',(#3996,#3997,#3998,#3999));
#807=EDGE_LOOP('',(#4000,#4001,#4002,#4003));
#808=EDGE_LOOP('',(#4004,#4005,#4006,#4007,#4008));
#809=EDGE_LOOP('',(#4009,#4010,#4011,#4012));
#810=EDGE_LOOP('',(#4013,#4014,#4015,#4016));
#811=EDGE_LOOP('',(#4017,#4018,#4019,#4020));
#812=EDGE_LOOP('',(#4021,#4022,#4023,#4024,#4025));
#813=EDGE_LOOP('',(#4026,#4027,#4028,#4029,#4030));
#814=EDGE_LOOP('',(#4031,#4032,#4033,#4034,#4035));
#815=EDGE_LOOP('',(#4036));
#816=EDGE_LOOP('',(#4037,#4038,#4039,#4040,#4041,#4042,#4043,#4044,#4045,
#4046,#4047,#4048));
#817=EDGE_LOOP('',(#4049));
#818=EDGE_LOOP('',(#4050,#4051,#4052,#4053));
#819=EDGE_LOOP('',(#4054,#4055,#4056,#4057));
#820=EDGE_LOOP('',(#4058,#4059,#4060,#4061));
#821=EDGE_LOOP('',(#4062,#4063,#4064,#4065));
#822=EDGE_LOOP('',(#4066,#4067,#4068,#4069));
#823=EDGE_LOOP('',(#4070,#4071,#4072,#4073));
#824=EDGE_LOOP('',(#4074,#4075,#4076,#4077));
#825=EDGE_LOOP('',(#4078,#4079,#4080,#4081));
#826=EDGE_LOOP('',(#4082,#4083,#4084,#4085));
#827=EDGE_LOOP('',(#4086,#4087,#4088,#4089));
#828=EDGE_LOOP('',(#4090,#4091,#4092,#4093));
#829=EDGE_LOOP('',(#4094,#4095,#4096,#4097));
#830=EDGE_LOOP('',(#4098,#4099,#4100,#4101,#4102,#4103,#4104,#4105,#4106,
#4107,#4108,#4109));
#831=EDGE_LOOP('',(#4110,#4111,#4112,#4113,#4114));
#832=EDGE_LOOP('',(#4115,#4116,#4117,#4118,#4119));
#833=EDGE_LOOP('',(#4120));
#834=EDGE_LOOP('',(#4121,#4122,#4123,#4124,#4125,#4126,#4127,#4128,#4129,
#4130,#4131,#4132));
#835=EDGE_LOOP('',(#4133));
#836=EDGE_LOOP('',(#4134,#4135,#4136,#4137));
#837=EDGE_LOOP('',(#4138,#4139,#4140,#4141));
#838=EDGE_LOOP('',(#4142,#4143,#4144,#4145));
#839=EDGE_LOOP('',(#4146,#4147,#4148,#4149));
#840=EDGE_LOOP('',(#4150,#4151,#4152,#4153));
#841=EDGE_LOOP('',(#4154,#4155,#4156,#4157));
#842=EDGE_LOOP('',(#4158,#4159,#4160,#4161));
#843=EDGE_LOOP('',(#4162,#4163,#4164,#4165));
#844=EDGE_LOOP('',(#4166,#4167,#4168,#4169));
#845=EDGE_LOOP('',(#4170,#4171,#4172,#4173));
#846=EDGE_LOOP('',(#4174,#4175,#4176,#4177));
#847=EDGE_LOOP('',(#4178,#4179,#4180,#4181));
#848=EDGE_LOOP('',(#4182,#4183,#4184,#4185,#4186,#4187,#4188,#4189,#4190,
#4191,#4192,#4193));
#849=LINE('',#6390,#1289);
#850=LINE('',#6396,#1290);
#851=LINE('',#6400,#1291);
#852=LINE('',#6404,#1292);
#853=LINE('',#6408,#1293);
#854=LINE('',#6412,#1294);
#855=LINE('',#6415,#1295);
#856=LINE('',#6416,#1296);
#857=LINE('',#6418,#1297);
#858=LINE('',#6419,#1298);
#859=LINE('',#6429,#1299);
#860=LINE('',#6435,#1300);
#861=LINE('',#6439,#1301);
#862=LINE('',#6443,#1302);
#863=LINE('',#6447,#1303);
#864=LINE('',#6451,#1304);
#865=LINE('',#6454,#1305);
#866=LINE('',#6455,#1306);
#867=LINE('',#6457,#1307);
#868=LINE('',#6458,#1308);
#869=LINE('',#6467,#1309);
#870=LINE('',#6469,#1310);
#871=LINE('',#6471,#1311);
#872=LINE('',#6472,#1312);
#873=LINE('',#6475,#1313);
#874=LINE('',#6477,#1314);
#875=LINE('',#6478,#1315);
#876=LINE('',#6481,#1316);
#877=LINE('',#6483,#1317);
#878=LINE('',#6484,#1318);
#879=LINE('',#6486,#1319);
#880=LINE('',#6487,#1320);
#881=LINE('',#6492,#1321);
#882=LINE('',#6494,#1322);
#883=LINE('',#6496,#1323);
#884=LINE('',#6497,#1324);
#885=LINE('',#6501,#1325);
#886=LINE('',#6502,#1326);
#887=LINE('',#6503,#1327);
#888=LINE('',#6506,#1328);
#889=LINE('',#6507,#1329);
#890=LINE('',#6510,#1330);
#891=LINE('',#6511,#1331);
#892=LINE('',#6513,#1332);
#893=LINE('',#6518,#1333);
#894=LINE('',#6520,#1334);
#895=LINE('',#6522,#1335);
#896=LINE('',#6523,#1336);
#897=LINE('',#6526,#1337);
#898=LINE('',#6528,#1338);
#899=LINE('',#6529,#1339);
#900=LINE('',#6532,#1340);
#901=LINE('',#6534,#1341);
#902=LINE('',#6535,#1342);
#903=LINE('',#6537,#1343);
#904=LINE('',#6538,#1344);
#905=LINE('',#6544,#1345);
#906=LINE('',#6546,#1346);
#907=LINE('',#6548,#1347);
#908=LINE('',#6549,#1348);
#909=LINE('',#6552,#1349);
#910=LINE('',#6554,#1350);
#911=LINE('',#6555,#1351);
#912=LINE('',#6558,#1352);
#913=LINE('',#6560,#1353);
#914=LINE('',#6561,#1354);
#915=LINE('',#6563,#1355);
#916=LINE('',#6564,#1356);
#917=LINE('',#6570,#1357);
#918=LINE('',#6572,#1358);
#919=LINE('',#6574,#1359);
#920=LINE('',#6575,#1360);
#921=LINE('',#6578,#1361);
#922=LINE('',#6580,#1362);
#923=LINE('',#6581,#1363);
#924=LINE('',#6584,#1364);
#925=LINE('',#6586,#1365);
#926=LINE('',#6587,#1366);
#927=LINE('',#6589,#1367);
#928=LINE('',#6590,#1368);
#929=LINE('',#6596,#1369);
#930=LINE('',#6598,#1370);
#931=LINE('',#6600,#1371);
#932=LINE('',#6601,#1372);
#933=LINE('',#6604,#1373);
#934=LINE('',#6606,#1374);
#935=LINE('',#6607,#1375);
#936=LINE('',#6610,#1376);
#937=LINE('',#6612,#1377);
#938=LINE('',#6613,#1378);
#939=LINE('',#6615,#1379);
#940=LINE('',#6616,#1380);
#941=LINE('',#6622,#1381);
#942=LINE('',#6624,#1382);
#943=LINE('',#6626,#1383);
#944=LINE('',#6627,#1384);
#945=LINE('',#6630,#1385);
#946=LINE('',#6632,#1386);
#947=LINE('',#6633,#1387);
#948=LINE('',#6636,#1388);
#949=LINE('',#6638,#1389);
#950=LINE('',#6639,#1390);
#951=LINE('',#6641,#1391);
#952=LINE('',#6642,#1392);
#953=LINE('',#6648,#1393);
#954=LINE('',#6650,#1394);
#955=LINE('',#6652,#1395);
#956=LINE('',#6653,#1396);
#957=LINE('',#6656,#1397);
#958=LINE('',#6658,#1398);
#959=LINE('',#6659,#1399);
#960=LINE('',#6662,#1400);
#961=LINE('',#6664,#1401);
#962=LINE('',#6665,#1402);
#963=LINE('',#6667,#1403);
#964=LINE('',#6668,#1404);
#965=LINE('',#6675,#1405);
#966=LINE('',#6681,#1406);
#967=LINE('',#6689,#1407);
#968=LINE('',#6695,#1408);
#969=LINE('',#6701,#1409);
#970=LINE('',#6707,#1410);
#971=LINE('',#6713,#1411);
#972=LINE('',#6719,#1412);
#973=LINE('',#6725,#1413);
#974=LINE('',#6731,#1414);
#975=LINE('',#6735,#1415);
#976=LINE('',#6739,#1416);
#977=LINE('',#6748,#1417);
#978=LINE('',#6752,#1418);
#979=LINE('',#6756,#1419);
#980=LINE('',#6765,#1420);
#981=LINE('',#6778,#1421);
#982=LINE('',#6783,#1422);
#983=LINE('',#6790,#1423);
#984=LINE('',#6793,#1424);
#985=LINE('',#6797,#1425);
#986=LINE('',#6799,#1426);
#987=LINE('',#6801,#1427);
#988=LINE('',#6803,#1428);
#989=LINE('',#6805,#1429);
#990=LINE('',#6807,#1430);
#991=LINE('',#6809,#1431);
#992=LINE('',#6810,#1432);
#993=LINE('',#6815,#1433);
#994=LINE('',#6818,#1434);
#995=LINE('',#6823,#1435);
#996=LINE('',#6826,#1436);
#997=LINE('',#6830,#1437);
#998=LINE('',#6832,#1438);
#999=LINE('',#6834,#1439);
#1000=LINE('',#6835,#1440);
#1001=LINE('',#6838,#1441);
#1002=LINE('',#6840,#1442);
#1003=LINE('',#6842,#1443);
#1004=LINE('',#6844,#1444);
#1005=LINE('',#6846,#1445);
#1006=LINE('',#6848,#1446);
#1007=LINE('',#6849,#1447);
#1008=LINE('',#6851,#1448);
#1009=LINE('',#6855,#1449);
#1010=LINE('',#6858,#1450);
#1011=LINE('',#6861,#1451);
#1012=LINE('',#6865,#1452);
#1013=LINE('',#6869,#1453);
#1014=LINE('',#6873,#1454);
#1015=LINE('',#6878,#1455);
#1016=LINE('',#6880,#1456);
#1017=LINE('',#6884,#1457);
#1018=LINE('',#6887,#1458);
#1019=LINE('',#6891,#1459);
#1020=LINE('',#6893,#1460);
#1021=LINE('',#6895,#1461);
#1022=LINE('',#6896,#1462);
#1023=LINE('',#6899,#1463);
#1024=LINE('',#6901,#1464);
#1025=LINE('',#6903,#1465);
#1026=LINE('',#6904,#1466);
#1027=LINE('',#6909,#1467);
#1028=LINE('',#6914,#1468);
#1029=LINE('',#6920,#1469);
#1030=LINE('',#6925,#1470);
#1031=LINE('',#6929,#1471);
#1032=LINE('',#6933,#1472);
#1033=LINE('',#6935,#1473);
#1034=LINE('',#6936,#1474);
#1035=LINE('',#6938,#1475);
#1036=LINE('',#6940,#1476);
#1037=LINE('',#6941,#1477);
#1038=LINE('',#6949,#1478);
#1039=LINE('',#6952,#1479);
#1040=LINE('',#6954,#1480);
#1041=LINE('',#6956,#1481);
#1042=LINE('',#6957,#1482);
#1043=LINE('',#6958,#1483);
#1044=LINE('',#6961,#1484);
#1045=LINE('',#6965,#1485);
#1046=LINE('',#6966,#1486);
#1047=LINE('',#6969,#1487);
#1048=LINE('',#6973,#1488);
#1049=LINE('',#6977,#1489);
#1050=LINE('',#6981,#1490);
#1051=LINE('',#6992,#1491);
#1052=LINE('',#6996,#1492);
#1053=LINE('',#7000,#1493);
#1054=LINE('',#7004,#1494);
#1055=LINE('',#7011,#1495);
#1056=LINE('',#7014,#1496);
#1057=LINE('',#7017,#1497);
#1058=LINE('',#7020,#1498);
#1059=LINE('',#7022,#1499);
#1060=LINE('',#7023,#1500);
#1061=LINE('',#7028,#1501);
#1062=LINE('',#7032,#1502);
#1063=LINE('',#7034,#1503);
#1064=LINE('',#7035,#1504);
#1065=LINE('',#7038,#1505);
#1066=LINE('',#7042,#1506);
#1067=LINE('',#7046,#1507);
#1068=LINE('',#7050,#1508);
#1069=LINE('',#7056,#1509);
#1070=LINE('',#7060,#1510);
#1071=LINE('',#7062,#1511);
#1072=LINE('',#7063,#1512);
#1073=LINE('',#7069,#1513);
#1074=LINE('',#7072,#1514);
#1075=LINE('',#7075,#1515);
#1076=LINE('',#7076,#1516);
#1077=LINE('',#7078,#1517);
#1078=LINE('',#7081,#1518);
#1079=LINE('',#7082,#1519);
#1080=LINE('',#7084,#1520);
#1081=LINE('',#7086,#1521);
#1082=LINE('',#7088,#1522);
#1083=LINE('',#7090,#1523);
#1084=LINE('',#7092,#1524);
#1085=LINE('',#7094,#1525);
#1086=LINE('',#7098,#1526);
#1087=LINE('',#7100,#1527);
#1088=LINE('',#7101,#1528);
#1089=LINE('',#7103,#1529);
#1090=LINE('',#7105,#1530);
#1091=LINE('',#7106,#1531);
#1092=LINE('',#7108,#1532);
#1093=LINE('',#7110,#1533);
#1094=LINE('',#7111,#1534);
#1095=LINE('',#7114,#1535);
#1096=LINE('',#7116,#1536);
#1097=LINE('',#7117,#1537);
#1098=LINE('',#7120,#1538);
#1099=LINE('',#7121,#1539);
#1100=LINE('',#7124,#1540);
#1101=LINE('',#7125,#1541);
#1102=LINE('',#7129,#1542);
#1103=LINE('',#7132,#1543);
#1104=LINE('',#7134,#1544);
#1105=LINE('',#7136,#1545);
#1106=LINE('',#7137,#1546);
#1107=LINE('',#7141,#1547);
#1108=LINE('',#7144,#1548);
#1109=LINE('',#7147,#1549);
#1110=LINE('',#7148,#1550);
#1111=LINE('',#7152,#1551);
#1112=LINE('',#7154,#1552);
#1113=LINE('',#7158,#1553);
#1114=LINE('',#7161,#1554);
#1115=LINE('',#7164,#1555);
#1116=LINE('',#7165,#1556);
#1117=LINE('',#7169,#1557);
#1118=LINE('',#7171,#1558);
#1119=LINE('',#7178,#1559);
#1120=LINE('',#7182,#1560);
#1121=LINE('',#7186,#1561);
#1122=LINE('',#7189,#1562);
#1123=LINE('',#7195,#1563);
#1124=LINE('',#7199,#1564);
#1125=LINE('',#7203,#1565);
#1126=LINE('',#7206,#1566);
#1127=LINE('',#7218,#1567);
#1128=LINE('',#7230,#1568);
#1129=LINE('',#7232,#1569);
#1130=LINE('',#7234,#1570);
#1131=LINE('',#7236,#1571);
#1132=LINE('',#7238,#1572);
#1133=LINE('',#7273,#1573);
#1134=LINE('',#7274,#1574);
#1135=LINE('',#7275,#1575);
#1136=LINE('',#7279,#1576);
#1137=LINE('',#7281,#1577);
#1138=LINE('',#7283,#1578);
#1139=LINE('',#7284,#1579);
#1140=LINE('',#7288,#1580);
#1141=LINE('',#7290,#1581);
#1142=LINE('',#7292,#1582);
#1143=LINE('',#7293,#1583);
#1144=LINE('',#7297,#1584);
#1145=LINE('',#7298,#1585);
#1146=LINE('',#7299,#1586);
#1147=LINE('',#7302,#1587);
#1148=LINE('',#7306,#1588);
#1149=LINE('',#7308,#1589);
#1150=LINE('',#7309,#1590);
#1151=LINE('',#7314,#1591);
#1152=LINE('',#7316,#1592);
#1153=LINE('',#7318,#1593);
#1154=LINE('',#7319,#1594);
#1155=LINE('',#7323,#1595);
#1156=LINE('',#7324,#1596);
#1157=LINE('',#7325,#1597);
#1158=LINE('',#7329,#1598);
#1159=LINE('',#7331,#1599);
#1160=LINE('',#7333,#1600);
#1161=LINE('',#7334,#1601);
#1162=LINE('',#7338,#1602);
#1163=LINE('',#7340,#1603);
#1164=LINE('',#7342,#1604);
#1165=LINE('',#7343,#1605);
#1166=LINE('',#7347,#1606);
#1167=LINE('',#7348,#1607);
#1168=LINE('',#7349,#1608);
#1169=LINE('',#7354,#1609);
#1170=LINE('',#7356,#1610);
#1171=LINE('',#7358,#1611);
#1172=LINE('',#7359,#1612);
#1173=LINE('',#7363,#1613);
#1174=LINE('',#7364,#1614);
#1175=LINE('',#7366,#1615);
#1176=LINE('',#7369,#1616);
#1177=LINE('',#7443,#1617);
#1178=LINE('',#7446,#1618);
#1179=LINE('',#7449,#1619);
#1180=LINE('',#7450,#1620);
#1181=LINE('',#7453,#1621);
#1182=LINE('',#7456,#1622);
#1183=LINE('',#7460,#1623);
#1184=LINE('',#7463,#1624);
#1185=LINE('',#7466,#1625);
#1186=LINE('',#7467,#1626);
#1187=LINE('',#7470,#1627);
#1188=LINE('',#7473,#1628);
#1189=LINE('',#7479,#1629);
#1190=LINE('',#7480,#1630);
#1191=LINE('',#7483,#1631);
#1192=LINE('',#7484,#1632);
#1193=LINE('',#7487,#1633);
#1194=LINE('',#7488,#1634);
#1195=LINE('',#7491,#1635);
#1196=LINE('',#7492,#1636);
#1197=LINE('',#7495,#1637);
#1198=LINE('',#7496,#1638);
#1199=LINE('',#7499,#1639);
#1200=LINE('',#7500,#1640);
#1201=LINE('',#7502,#1641);
#1202=LINE('',#7505,#1642);
#1203=LINE('',#7506,#1643);
#1204=LINE('',#7509,#1644);
#1205=LINE('',#7510,#1645);
#1206=LINE('',#7512,#1646);
#1207=LINE('',#7516,#1647);
#1208=LINE('',#7518,#1648);
#1209=LINE('',#7519,#1649);
#1210=LINE('',#7522,#1650);
#1211=LINE('',#7523,#1651);
#1212=LINE('',#7526,#1652);
#1213=LINE('',#7527,#1653);
#1214=LINE('',#7529,#1654);
#1215=LINE('',#7562,#1655);
#1216=LINE('',#7566,#1656);
#1217=LINE('',#7568,#1657);
#1218=LINE('',#7570,#1658);
#1219=LINE('',#7572,#1659);
#1220=LINE('',#7574,#1660);
#1221=LINE('',#7576,#1661);
#1222=LINE('',#7578,#1662);
#1223=LINE('',#7580,#1663);
#1224=LINE('',#7582,#1664);
#1225=LINE('',#7584,#1665);
#1226=LINE('',#7586,#1666);
#1227=LINE('',#7587,#1667);
#1228=LINE('',#7591,#1668);
#1229=LINE('',#7593,#1669);
#1230=LINE('',#7594,#1670);
#1231=LINE('',#7597,#1671);
#1232=LINE('',#7598,#1672);
#1233=LINE('',#7601,#1673);
#1234=LINE('',#7602,#1674);
#1235=LINE('',#7605,#1675);
#1236=LINE('',#7606,#1676);
#1237=LINE('',#7609,#1677);
#1238=LINE('',#7610,#1678);
#1239=LINE('',#7613,#1679);
#1240=LINE('',#7614,#1680);
#1241=LINE('',#7617,#1681);
#1242=LINE('',#7618,#1682);
#1243=LINE('',#7621,#1683);
#1244=LINE('',#7622,#1684);
#1245=LINE('',#7625,#1685);
#1246=LINE('',#7626,#1686);
#1247=LINE('',#7629,#1687);
#1248=LINE('',#7630,#1688);
#1249=LINE('',#7633,#1689);
#1250=LINE('',#7634,#1690);
#1251=LINE('',#7636,#1691);
#1252=LINE('',#7649,#1692);
#1253=LINE('',#7653,#1693);
#1254=LINE('',#7655,#1694);
#1255=LINE('',#7657,#1695);
#1256=LINE('',#7659,#1696);
#1257=LINE('',#7661,#1697);
#1258=LINE('',#7663,#1698);
#1259=LINE('',#7665,#1699);
#1260=LINE('',#7667,#1700);
#1261=LINE('',#7669,#1701);
#1262=LINE('',#7671,#1702);
#1263=LINE('',#7673,#1703);
#1264=LINE('',#7674,#1704);
#1265=LINE('',#7678,#1705);
#1266=LINE('',#7680,#1706);
#1267=LINE('',#7681,#1707);
#1268=LINE('',#7684,#1708);
#1269=LINE('',#7685,#1709);
#1270=LINE('',#7688,#1710);
#1271=LINE('',#7689,#1711);
#1272=LINE('',#7692,#1712);
#1273=LINE('',#7693,#1713);
#1274=LINE('',#7696,#1714);
#1275=LINE('',#7697,#1715);
#1276=LINE('',#7700,#1716);
#1277=LINE('',#7701,#1717);
#1278=LINE('',#7704,#1718);
#1279=LINE('',#7705,#1719);
#1280=LINE('',#7708,#1720);
#1281=LINE('',#7709,#1721);
#1282=LINE('',#7712,#1722);
#1283=LINE('',#7713,#1723);
#1284=LINE('',#7716,#1724);
#1285=LINE('',#7717,#1725);
#1286=LINE('',#7720,#1726);
#1287=LINE('',#7721,#1727);
#1288=LINE('',#7723,#1728);
#1289=VECTOR('',#5033,1.25);
#1290=VECTOR('',#5040,2.7);
#1291=VECTOR('',#5043,1000.);
#1292=VECTOR('',#5046,1000.);
#1293=VECTOR('',#5049,1000.);
#1294=VECTOR('',#5052,1000.);
#1295=VECTOR('',#5057,1000.);
#1296=VECTOR('',#5058,1000.);
#1297=VECTOR('',#5061,1000.);
#1298=VECTOR('',#5062,1000.);
#1299=VECTOR('',#5077,1.25);
#1300=VECTOR('',#5084,2.7);
#1301=VECTOR('',#5087,1000.);
#1302=VECTOR('',#5090,1000.);
#1303=VECTOR('',#5093,1000.);
#1304=VECTOR('',#5096,1000.);
#1305=VECTOR('',#5101,1000.);
#1306=VECTOR('',#5102,1000.);
#1307=VECTOR('',#5105,1000.);
#1308=VECTOR('',#5106,1000.);
#1309=VECTOR('',#5119,1000.);
#1310=VECTOR('',#5120,1000.);
#1311=VECTOR('',#5121,1000.);
#1312=VECTOR('',#5122,1000.);
#1313=VECTOR('',#5125,1000.);
#1314=VECTOR('',#5126,1000.);
#1315=VECTOR('',#5127,1000.);
#1316=VECTOR('',#5130,1000.);
#1317=VECTOR('',#5131,1000.);
#1318=VECTOR('',#5132,1000.);
#1319=VECTOR('',#5135,1000.);
#1320=VECTOR('',#5136,1000.);
#1321=VECTOR('',#5141,1000.);
#1322=VECTOR('',#5142,1000.);
#1323=VECTOR('',#5143,1000.);
#1324=VECTOR('',#5144,1000.);
#1325=VECTOR('',#5147,1000.);
#1326=VECTOR('',#5148,1000.);
#1327=VECTOR('',#5149,1000.);
#1328=VECTOR('',#5152,1000.);
#1329=VECTOR('',#5153,1000.);
#1330=VECTOR('',#5156,1000.);
#1331=VECTOR('',#5157,1000.);
#1332=VECTOR('',#5160,1000.);
#1333=VECTOR('',#5165,1000.);
#1334=VECTOR('',#5166,1000.);
#1335=VECTOR('',#5167,1000.);
#1336=VECTOR('',#5168,1000.);
#1337=VECTOR('',#5171,1000.);
#1338=VECTOR('',#5172,1000.);
#1339=VECTOR('',#5173,1000.);
#1340=VECTOR('',#5176,1000.);
#1341=VECTOR('',#5177,1000.);
#1342=VECTOR('',#5178,1000.);
#1343=VECTOR('',#5181,1000.);
#1344=VECTOR('',#5182,1000.);
#1345=VECTOR('',#5189,1000.);
#1346=VECTOR('',#5190,1000.);
#1347=VECTOR('',#5191,1000.);
#1348=VECTOR('',#5192,1000.);
#1349=VECTOR('',#5195,1000.);
#1350=VECTOR('',#5196,1000.);
#1351=VECTOR('',#5197,1000.);
#1352=VECTOR('',#5200,1000.);
#1353=VECTOR('',#5201,1000.);
#1354=VECTOR('',#5202,1000.);
#1355=VECTOR('',#5205,1000.);
#1356=VECTOR('',#5206,1000.);
#1357=VECTOR('',#5213,1000.);
#1358=VECTOR('',#5214,1000.);
#1359=VECTOR('',#5215,1000.);
#1360=VECTOR('',#5216,1000.);
#1361=VECTOR('',#5219,1000.);
#1362=VECTOR('',#5220,1000.);
#1363=VECTOR('',#5221,1000.);
#1364=VECTOR('',#5224,1000.);
#1365=VECTOR('',#5225,1000.);
#1366=VECTOR('',#5226,1000.);
#1367=VECTOR('',#5229,1000.);
#1368=VECTOR('',#5230,1000.);
#1369=VECTOR('',#5237,1000.);
#1370=VECTOR('',#5238,1000.);
#1371=VECTOR('',#5239,1000.);
#1372=VECTOR('',#5240,1000.);
#1373=VECTOR('',#5243,1000.);
#1374=VECTOR('',#5244,1000.);
#1375=VECTOR('',#5245,1000.);
#1376=VECTOR('',#5248,1000.);
#1377=VECTOR('',#5249,1000.);
#1378=VECTOR('',#5250,1000.);
#1379=VECTOR('',#5253,1000.);
#1380=VECTOR('',#5254,1000.);
#1381=VECTOR('',#5261,1000.);
#1382=VECTOR('',#5262,1000.);
#1383=VECTOR('',#5263,1000.);
#1384=VECTOR('',#5264,1000.);
#1385=VECTOR('',#5267,1000.);
#1386=VECTOR('',#5268,1000.);
#1387=VECTOR('',#5269,1000.);
#1388=VECTOR('',#5272,1000.);
#1389=VECTOR('',#5273,1000.);
#1390=VECTOR('',#5274,1000.);
#1391=VECTOR('',#5277,1000.);
#1392=VECTOR('',#5278,1000.);
#1393=VECTOR('',#5285,1000.);
#1394=VECTOR('',#5286,1000.);
#1395=VECTOR('',#5287,1000.);
#1396=VECTOR('',#5288,1000.);
#1397=VECTOR('',#5291,1000.);
#1398=VECTOR('',#5292,1000.);
#1399=VECTOR('',#5293,1000.);
#1400=VECTOR('',#5296,1000.);
#1401=VECTOR('',#5297,1000.);
#1402=VECTOR('',#5298,1000.);
#1403=VECTOR('',#5301,1000.);
#1404=VECTOR('',#5302,1000.);
#1405=VECTOR('',#5311,1.1);
#1406=VECTOR('',#5318,1.1);
#1407=VECTOR('',#5327,0.999999999999997);
#1408=VECTOR('',#5334,0.999999999999998);
#1409=VECTOR('',#5341,3.5);
#1410=VECTOR('',#5348,2.7);
#1411=VECTOR('',#5355,0.999999999999998);
#1412=VECTOR('',#5362,0.999999999999998);
#1413=VECTOR('',#5369,1.);
#1414=VECTOR('',#5376,1.54);
#1415=VECTOR('',#5379,1000.);
#1416=VECTOR('',#5382,1000.);
#1417=VECTOR('',#5395,1.54);
#1418=VECTOR('',#5398,1000.);
#1419=VECTOR('',#5401,1000.);
#1420=VECTOR('',#5414,1.);
#1421=VECTOR('',#5431,1.99);
#1422=VECTOR('',#5436,1.49500000000001);
#1423=VECTOR('',#5443,1000.);
#1424=VECTOR('',#5446,1000.);
#1425=VECTOR('',#5449,1000.);
#1426=VECTOR('',#5450,1000.);
#1427=VECTOR('',#5451,1000.);
#1428=VECTOR('',#5452,1000.);
#1429=VECTOR('',#5453,1000.);
#1430=VECTOR('',#5454,1000.);
#1431=VECTOR('',#5455,1000.);
#1432=VECTOR('',#5456,1000.);
#1433=VECTOR('',#5459,1000.);
#1434=VECTOR('',#5462,1000.);
#1435=VECTOR('',#5465,1000.);
#1436=VECTOR('',#5468,1000.);
#1437=VECTOR('',#5471,1000.);
#1438=VECTOR('',#5472,1000.);
#1439=VECTOR('',#5473,1000.);
#1440=VECTOR('',#5474,1000.);
#1441=VECTOR('',#5477,1000.);
#1442=VECTOR('',#5478,1000.);
#1443=VECTOR('',#5479,1000.);
#1444=VECTOR('',#5480,1000.);
#1445=VECTOR('',#5481,1000.);
#1446=VECTOR('',#5482,1000.);
#1447=VECTOR('',#5483,1000.);
#1448=VECTOR('',#5484,1000.);
#1449=VECTOR('',#5487,1000.);
#1450=VECTOR('',#5490,1000.);
#1451=VECTOR('',#5491,1000.);
#1452=VECTOR('',#5494,1000.);
#1453=VECTOR('',#5497,1000.);
#1454=VECTOR('',#5500,1000.);
#1455=VECTOR('',#5505,1000.);
#1456=VECTOR('',#5506,1000.);
#1457=VECTOR('',#5509,1000.);
#1458=VECTOR('',#5512,1000.);
#1459=VECTOR('',#5515,1000.);
#1460=VECTOR('',#5516,1000.);
#1461=VECTOR('',#5517,1000.);
#1462=VECTOR('',#5518,1000.);
#1463=VECTOR('',#5519,1000.);
#1464=VECTOR('',#5520,1000.);
#1465=VECTOR('',#5521,1000.);
#1466=VECTOR('',#5522,1000.);
#1467=VECTOR('',#5527,1000.);
#1468=VECTOR('',#5532,1000.);
#1469=VECTOR('',#5539,1000.);
#1470=VECTOR('',#5544,1000.);
#1471=VECTOR('',#5547,1000.);
#1472=VECTOR('',#5552,1000.);
#1473=VECTOR('',#5553,1000.);
#1474=VECTOR('',#5554,1000.);
#1475=VECTOR('',#5555,1000.);
#1476=VECTOR('',#5556,1000.);
#1477=VECTOR('',#5557,1000.);
#1478=VECTOR('',#5568,1000.);
#1479=VECTOR('',#5573,1000.);
#1480=VECTOR('',#5574,1000.);
#1481=VECTOR('',#5575,1000.);
#1482=VECTOR('',#5576,1000.);
#1483=VECTOR('',#5577,1000.);
#1484=VECTOR('',#5580,1000.);
#1485=VECTOR('',#5585,1000.);
#1486=VECTOR('',#5586,1000.);
#1487=VECTOR('',#5587,1000.);
#1488=VECTOR('',#5590,1000.);
#1489=VECTOR('',#5593,1000.);
#1490=VECTOR('',#5596,1000.);
#1491=VECTOR('',#5613,1000.);
#1492=VECTOR('',#5616,1000.);
#1493=VECTOR('',#5619,1000.);
#1494=VECTOR('',#5622,1000.);
#1495=VECTOR('',#5629,1000.);
#1496=VECTOR('',#5632,1000.);
#1497=VECTOR('',#5635,1000.);
#1498=VECTOR('',#5638,1000.);
#1499=VECTOR('',#5639,1000.);
#1500=VECTOR('',#5640,1000.);
#1501=VECTOR('',#5645,1000.);
#1502=VECTOR('',#5650,1000.);
#1503=VECTOR('',#5651,1000.);
#1504=VECTOR('',#5652,1000.);
#1505=VECTOR('',#5653,1000.);
#1506=VECTOR('',#5656,1000.);
#1507=VECTOR('',#5659,1000.);
#1508=VECTOR('',#5662,1000.);
#1509=VECTOR('',#5669,1000.);
#1510=VECTOR('',#5674,1000.);
#1511=VECTOR('',#5675,1000.);
#1512=VECTOR('',#5676,1000.);
#1513=VECTOR('',#5681,1000.);
#1514=VECTOR('',#5686,1000.);
#1515=VECTOR('',#5689,1000.);
#1516=VECTOR('',#5690,1000.);
#1517=VECTOR('',#5691,1000.);
#1518=VECTOR('',#5696,1000.);
#1519=VECTOR('',#5697,1000.);
#1520=VECTOR('',#5700,1000.);
#1521=VECTOR('',#5703,1000.);
#1522=VECTOR('',#5706,1000.);
#1523=VECTOR('',#5709,1000.);
#1524=VECTOR('',#5712,1000.);
#1525=VECTOR('',#5715,1000.);
#1526=VECTOR('',#5720,1000.);
#1527=VECTOR('',#5721,1000.);
#1528=VECTOR('',#5722,1000.);
#1529=VECTOR('',#5723,1000.);
#1530=VECTOR('',#5724,1000.);
#1531=VECTOR('',#5725,1000.);
#1532=VECTOR('',#5726,1000.);
#1533=VECTOR('',#5727,1000.);
#1534=VECTOR('',#5728,1000.);
#1535=VECTOR('',#5731,1000.);
#1536=VECTOR('',#5732,1000.);
#1537=VECTOR('',#5733,1000.);
#1538=VECTOR('',#5736,1000.);
#1539=VECTOR('',#5737,1000.);
#1540=VECTOR('',#5740,1000.);
#1541=VECTOR('',#5741,1000.);
#1542=VECTOR('',#5748,1000.);
#1543=VECTOR('',#5749,1000.);
#1544=VECTOR('',#5750,1000.);
#1545=VECTOR('',#5751,1000.);
#1546=VECTOR('',#5752,1000.);
#1547=VECTOR('',#5757,1000.);
#1548=VECTOR('',#5760,1000.);
#1549=VECTOR('',#5763,1000.);
#1550=VECTOR('',#5764,1000.);
#1551=VECTOR('',#5769,1000.);
#1552=VECTOR('',#5772,1000.);
#1553=VECTOR('',#5777,1000.);
#1554=VECTOR('',#5780,1000.);
#1555=VECTOR('',#5783,1000.);
#1556=VECTOR('',#5784,1000.);
#1557=VECTOR('',#5789,1000.);
#1558=VECTOR('',#5792,1000.);
#1559=VECTOR('',#5799,1000.);
#1560=VECTOR('',#5802,1000.);
#1561=VECTOR('',#5805,1000.);
#1562=VECTOR('',#5808,1000.);
#1563=VECTOR('',#5813,1000.);
#1564=VECTOR('',#5816,1000.);
#1565=VECTOR('',#5819,1000.);
#1566=VECTOR('',#5822,1000.);
#1567=VECTOR('',#5825,1000.);
#1568=VECTOR('',#5828,1000.);
#1569=VECTOR('',#5831,1000.);
#1570=VECTOR('',#5834,1000.);
#1571=VECTOR('',#5837,1000.);
#1572=VECTOR('',#5840,1000.);
#1573=VECTOR('',#5865,1000.);
#1574=VECTOR('',#5866,1000.);
#1575=VECTOR('',#5867,1000.);
#1576=VECTOR('',#5870,1000.);
#1577=VECTOR('',#5871,1000.);
#1578=VECTOR('',#5872,1000.);
#1579=VECTOR('',#5873,1000.);
#1580=VECTOR('',#5876,1000.);
#1581=VECTOR('',#5877,1000.);
#1582=VECTOR('',#5878,1000.);
#1583=VECTOR('',#5879,1000.);
#1584=VECTOR('',#5882,1000.);
#1585=VECTOR('',#5883,1000.);
#1586=VECTOR('',#5884,1000.);
#1587=VECTOR('',#5887,1000.);
#1588=VECTOR('',#5890,1000.);
#1589=VECTOR('',#5891,1000.);
#1590=VECTOR('',#5892,1000.);
#1591=VECTOR('',#5897,1000.);
#1592=VECTOR('',#5898,1000.);
#1593=VECTOR('',#5899,1000.);
#1594=VECTOR('',#5900,1000.);
#1595=VECTOR('',#5903,1000.);
#1596=VECTOR('',#5904,1000.);
#1597=VECTOR('',#5905,1000.);
#1598=VECTOR('',#5908,1000.);
#1599=VECTOR('',#5909,1000.);
#1600=VECTOR('',#5910,1000.);
#1601=VECTOR('',#5911,1000.);
#1602=VECTOR('',#5914,1000.);
#1603=VECTOR('',#5915,1000.);
#1604=VECTOR('',#5916,1000.);
#1605=VECTOR('',#5917,1000.);
#1606=VECTOR('',#5920,1000.);
#1607=VECTOR('',#5921,1000.);
#1608=VECTOR('',#5922,1000.);
#1609=VECTOR('',#5927,1000.);
#1610=VECTOR('',#5928,1000.);
#1611=VECTOR('',#5929,1000.);
#1612=VECTOR('',#5930,1000.);
#1613=VECTOR('',#5933,1000.);
#1614=VECTOR('',#5934,1000.);
#1615=VECTOR('',#5935,1000.);
#1616=VECTOR('',#5938,1000.);
#1617=VECTOR('',#6083,1000.);
#1618=VECTOR('',#6086,1000.);
#1619=VECTOR('',#6089,1000.);
#1620=VECTOR('',#6090,1000.);
#1621=VECTOR('',#6093,1000.);
#1622=VECTOR('',#6098,1000.);
#1623=VECTOR('',#6103,1000.);
#1624=VECTOR('',#6106,1000.);
#1625=VECTOR('',#6109,1000.);
#1626=VECTOR('',#6110,1000.);
#1627=VECTOR('',#6113,1000.);
#1628=VECTOR('',#6118,1000.);
#1629=VECTOR('',#6127,1000.);
#1630=VECTOR('',#6128,1000.);
#1631=VECTOR('',#6131,1000.);
#1632=VECTOR('',#6132,1000.);
#1633=VECTOR('',#6135,1000.);
#1634=VECTOR('',#6136,1000.);
#1635=VECTOR('',#6139,1000.);
#1636=VECTOR('',#6140,1000.);
#1637=VECTOR('',#6143,1000.);
#1638=VECTOR('',#6144,1000.);
#1639=VECTOR('',#6147,1000.);
#1640=VECTOR('',#6148,1000.);
#1641=VECTOR('',#6151,1000.);
#1642=VECTOR('',#6154,1000.);
#1643=VECTOR('',#6155,1000.);
#1644=VECTOR('',#6158,1000.);
#1645=VECTOR('',#6159,1000.);
#1646=VECTOR('',#6162,1000.);
#1647=VECTOR('',#6167,1000.);
#1648=VECTOR('',#6168,1000.);
#1649=VECTOR('',#6169,1000.);
#1650=VECTOR('',#6172,1000.);
#1651=VECTOR('',#6173,1000.);
#1652=VECTOR('',#6176,1000.);
#1653=VECTOR('',#6177,1000.);
#1654=VECTOR('',#6180,1000.);
#1655=VECTOR('',#6237,1.9);
#1656=VECTOR('',#6240,1000.);
#1657=VECTOR('',#6241,1000.);
#1658=VECTOR('',#6242,1000.);
#1659=VECTOR('',#6243,1000.);
#1660=VECTOR('',#6244,1000.);
#1661=VECTOR('',#6245,1000.);
#1662=VECTOR('',#6246,1000.);
#1663=VECTOR('',#6247,1000.);
#1664=VECTOR('',#6248,1000.);
#1665=VECTOR('',#6249,1000.);
#1666=VECTOR('',#6250,1000.);
#1667=VECTOR('',#6251,1000.);
#1668=VECTOR('',#6256,1000.);
#1669=VECTOR('',#6257,1000.);
#1670=VECTOR('',#6258,1000.);
#1671=VECTOR('',#6261,1000.);
#1672=VECTOR('',#6262,1000.);
#1673=VECTOR('',#6265,1000.);
#1674=VECTOR('',#6266,1000.);
#1675=VECTOR('',#6269,1000.);
#1676=VECTOR('',#6270,1000.);
#1677=VECTOR('',#6273,1000.);
#1678=VECTOR('',#6274,1000.);
#1679=VECTOR('',#6277,1000.);
#1680=VECTOR('',#6278,1000.);
#1681=VECTOR('',#6281,1000.);
#1682=VECTOR('',#6282,1000.);
#1683=VECTOR('',#6285,1000.);
#1684=VECTOR('',#6286,1000.);
#1685=VECTOR('',#6289,1000.);
#1686=VECTOR('',#6290,1000.);
#1687=VECTOR('',#6293,1000.);
#1688=VECTOR('',#6294,1000.);
#1689=VECTOR('',#6297,1000.);
#1690=VECTOR('',#6298,1000.);
#1691=VECTOR('',#6301,1000.);
#1692=VECTOR('',#6318,1.9);
#1693=VECTOR('',#6321,1000.);
#1694=VECTOR('',#6322,1000.);
#1695=VECTOR('',#6323,1000.);
#1696=VECTOR('',#6324,1000.);
#1697=VECTOR('',#6325,1000.);
#1698=VECTOR('',#6326,1000.);
#1699=VECTOR('',#6327,1000.);
#1700=VECTOR('',#6328,1000.);
#1701=VECTOR('',#6329,1000.);
#1702=VECTOR('',#6330,1000.);
#1703=VECTOR('',#6331,1000.);
#1704=VECTOR('',#6332,1000.);
#1705=VECTOR('',#6337,1000.);
#1706=VECTOR('',#6338,1000.);
#1707=VECTOR('',#6339,1000.);
#1708=VECTOR('',#6342,1000.);
#1709=VECTOR('',#6343,1000.);
#1710=VECTOR('',#6346,1000.);
#1711=VECTOR('',#6347,1000.);
#1712=VECTOR('',#6350,1000.);
#1713=VECTOR('',#6351,1000.);
#1714=VECTOR('',#6354,1000.);
#1715=VECTOR('',#6355,1000.);
#1716=VECTOR('',#6358,1000.);
#1717=VECTOR('',#6359,1000.);
#1718=VECTOR('',#6362,1000.);
#1719=VECTOR('',#6363,1000.);
#1720=VECTOR('',#6366,1000.);
#1721=VECTOR('',#6367,1000.);
#1722=VECTOR('',#6370,1000.);
#1723=VECTOR('',#6371,1000.);
#1724=VECTOR('',#6374,1000.);
#1725=VECTOR('',#6375,1000.);
#1726=VECTOR('',#6378,1000.);
#1727=VECTOR('',#6379,1000.);
#1728=VECTOR('',#6382,1000.);
#1729=CIRCLE('',#4570,1.25);
#1730=CIRCLE('',#4571,1.25);
#1731=CIRCLE('',#4573,2.7);
#1732=CIRCLE('',#4574,2.7);
#1733=CIRCLE('',#4575,2.7);
#1734=CIRCLE('',#4576,2.7);
#1735=CIRCLE('',#4577,2.7);
#1736=CIRCLE('',#4578,2.7);
#1737=CIRCLE('',#4587,1.25);
#1738=CIRCLE('',#4588,1.25);
#1739=CIRCLE('',#4590,2.7);
#1740=CIRCLE('',#4591,2.7);
#1741=CIRCLE('',#4592,2.7);
#1742=CIRCLE('',#4593,2.7);
#1743=CIRCLE('',#4594,2.7);
#1744=CIRCLE('',#4595,2.7);
#1745=CIRCLE('',#4651,1.1);
#1746=CIRCLE('',#4652,1.1);
#1747=CIRCLE('',#4654,1.1);
#1748=CIRCLE('',#4655,1.1);
#1749=CIRCLE('',#4656,1.1);
#1750=CIRCLE('',#4658,0.999999999999998);
#1751=CIRCLE('',#4659,0.999999999999998);
#1752=CIRCLE('',#4661,0.999999999999998);
#1753=CIRCLE('',#4662,0.999999999999998);
#1754=CIRCLE('',#4664,3.5);
#1755=CIRCLE('',#4665,3.5);
#1756=CIRCLE('',#4667,2.7);
#1757=CIRCLE('',#4668,2.7);
#1758=CIRCLE('',#4670,0.999999999999998);
#1759=CIRCLE('',#4671,0.999999999999998);
#1760=CIRCLE('',#4673,0.999999999999998);
#1761=CIRCLE('',#4674,0.999999999999998);
#1762=CIRCLE('',#4676,1.);
#1763=CIRCLE('',#4677,1.);
#1764=CIRCLE('',#4679,1.54);
#1765=CIRCLE('',#4680,1.54);
#1766=CIRCLE('',#4681,1.54);
#1767=CIRCLE('',#4682,1.54);
#1768=CIRCLE('',#4684,2.15);
#1769=CIRCLE('',#4685,2.15);
#1770=CIRCLE('',#4687,1.54);
#1771=CIRCLE('',#4688,1.54);
#1772=CIRCLE('',#4689,1.54);
#1773=CIRCLE('',#4690,1.54);
#1774=CIRCLE('',#4692,2.15);
#1775=CIRCLE('',#4693,2.15);
#1776=CIRCLE('',#4695,1.);
#1777=CIRCLE('',#4696,1.);
#1778=CIRCLE('',#4698,1.49);
#1779=CIRCLE('',#4699,0.5);
#1780=CIRCLE('',#4700,1.99);
#1781=CIRCLE('',#4701,1.99);
#1782=CIRCLE('',#4703,1.99);
#1783=CIRCLE('',#4705,1.49500000000001);
#1784=CIRCLE('',#4706,1.49500000000001);
#1785=CIRCLE('',#4708,9.6);
#1786=CIRCLE('',#4709,9.6);
#1787=CIRCLE('',#4711,1.);
#1788=CIRCLE('',#4712,1.);
#1789=CIRCLE('',#4713,1.);
#1790=CIRCLE('',#4714,1.);
#1791=CIRCLE('',#4717,4.2);
#1792=CIRCLE('',#4718,4.2);
#1793=CIRCLE('',#4721,0.2);
#1794=CIRCLE('',#4722,0.2);
#1795=CIRCLE('',#4724,4.2);
#1796=CIRCLE('',#4725,4.2);
#1797=CIRCLE('',#4728,0.3);
#1798=CIRCLE('',#4729,6.);
#1799=CIRCLE('',#4731,0.3);
#1800=CIRCLE('',#4732,6.);
#1801=CIRCLE('',#4734,0.3);
#1802=CIRCLE('',#4735,0.3);
#1803=CIRCLE('',#4736,6.);
#1804=CIRCLE('',#4737,6.);
#1805=CIRCLE('',#4740,4.5);
#1806=CIRCLE('',#4741,4.5);
#1807=CIRCLE('',#4743,4.5);
#1808=CIRCLE('',#4744,4.5);
#1809=CIRCLE('',#4747,6.);
#1810=CIRCLE('',#4750,0.2);
#1811=CIRCLE('',#4751,0.2);
#1812=CIRCLE('',#4754,6.);
#1813=CIRCLE('',#4756,6.);
#1814=CIRCLE('',#4758,6.);
#1815=CIRCLE('',#4760,6.86410161513776);
#1816=CIRCLE('',#4761,6.86410161513776);
#1817=CIRCLE('',#4762,6.86410161513776);
#1818=CIRCLE('',#4763,6.86410161513776);
#1819=CIRCLE('',#4765,7.4);
#1820=CIRCLE('',#4766,7.4);
#1821=CIRCLE('',#4767,7.4);
#1822=CIRCLE('',#4770,7.4);
#1823=CIRCLE('',#4771,7.4);
#1824=CIRCLE('',#4773,1.);
#1825=CIRCLE('',#4774,1.);
#1826=CIRCLE('',#4775,1.);
#1827=CIRCLE('',#4776,1.);
#1828=CIRCLE('',#4778,7.4);
#1829=CIRCLE('',#4779,7.4);
#1830=CIRCLE('',#4782,7.4);
#1831=CIRCLE('',#4783,7.4);
#1832=CIRCLE('',#4784,7.4);
#1833=CIRCLE('',#4786,9.6);
#1834=CIRCLE('',#4800,9.6);
#1835=CIRCLE('',#4804,1.);
#1836=CIRCLE('',#4807,1.);
#1837=CIRCLE('',#4811,1.);
#1838=CIRCLE('',#4814,1.);
#1839=CIRCLE('',#4818,0.599999999999999);
#1840=CIRCLE('',#4819,0.599999999999999);
#1841=CIRCLE('',#4820,0.600000000000002);
#1842=CIRCLE('',#4821,0.600000000000002);
#1843=CIRCLE('',#4823,0.599999999999999);
#1844=CIRCLE('',#4824,0.599999999999999);
#1845=CIRCLE('',#4825,0.600000000000002);
#1846=CIRCLE('',#4826,0.600000000000002);
#1847=CIRCLE('',#4849,0.399999999999999);
#1848=CIRCLE('',#4851,0.399999999999999);
#1849=CIRCLE('',#4857,0.399999999999999);
#1850=CIRCLE('',#4859,0.399999999999999);
#1851=CIRCLE('',#4861,0.2);
#1852=CIRCLE('',#4863,0.2);
#1853=CIRCLE('',#4864,0.2);
#1854=CIRCLE('',#4866,0.2);
#1855=CIRCLE('',#4868,0.2);
#1856=CIRCLE('',#4870,0.2);
#1857=CIRCLE('',#4872,0.2);
#1858=CIRCLE('',#4874,0.2);
#1859=CIRCLE('',#4875,0.200000000000001);
#1860=CIRCLE('',#4877,0.2);
#1861=CIRCLE('',#4879,0.200000000000001);
#1862=CIRCLE('',#4881,0.2);
#1863=CIRCLE('',#4883,0.2);
#1864=CIRCLE('',#4885,0.2);
#1865=CIRCLE('',#4887,0.200000000000001);
#1866=CIRCLE('',#4889,0.2);
#1867=CIRCLE('',#4891,0.200000000000001);
#1868=CIRCLE('',#4893,0.2);
#1869=CIRCLE('',#4896,0.2);
#1870=CIRCLE('',#4898,0.200000000000001);
#1871=CIRCLE('',#4899,0.200000000000001);
#1872=CIRCLE('',#4901,0.2);
#1873=CIRCLE('',#4903,0.2);
#1874=CIRCLE('',#4905,0.2);
#1875=CIRCLE('',#4907,0.2);
#1876=CIRCLE('',#4909,0.200000000000001);
#1877=CIRCLE('',#4910,0.200000000000001);
#1878=CIRCLE('',#4912,0.2);
#1879=CIRCLE('',#4914,0.2);
#1880=CIRCLE('',#4916,0.2);
#1881=CIRCLE('',#4918,0.2);
#1882=CIRCLE('',#4920,0.2);
#1883=CIRCLE('',#4922,0.2);
#1884=CIRCLE('',#4924,0.2);
#1885=CIRCLE('',#4926,0.2);
#1886=CIRCLE('',#4928,0.2);
#1887=CIRCLE('',#4932,1.);
#1888=CIRCLE('',#4935,1.);
#1889=CIRCLE('',#4939,1.);
#1890=CIRCLE('',#4942,1.);
#1891=CIRCLE('',#4966,0.3);
#1892=CIRCLE('',#4968,0.300000000000002);
#1893=CIRCLE('',#4970,0.300000000000002);
#1894=CIRCLE('',#4972,0.3);
#1895=CIRCLE('',#4975,0.3);
#1896=CIRCLE('',#4977,0.300000000000002);
#1897=CIRCLE('',#4979,0.300000000000002);
#1898=CIRCLE('',#4981,0.3);
#1899=CIRCLE('',#4984,1.6);
#1900=CIRCLE('',#4985,0.3);
#1901=CIRCLE('',#4986,1.9);
#1902=CIRCLE('',#4987,1.9);
#1903=CIRCLE('',#4989,1.9);
#1904=CIRCLE('',#5006,1.6);
#1905=CIRCLE('',#5007,0.3);
#1906=CIRCLE('',#5008,1.9);
#1907=CIRCLE('',#5009,1.9);
#1908=CIRCLE('',#5011,1.9);
#1909=VERTEX_POINT('',#6387);
#1910=VERTEX_POINT('',#6389);
#1911=VERTEX_POINT('',#6393);
#1912=VERTEX_POINT('',#6395);
#1913=VERTEX_POINT('',#6397);
#1914=VERTEX_POINT('',#6399);
#1915=VERTEX_POINT('',#6401);
#1916=VERTEX_POINT('',#6403);
#1917=VERTEX_POINT('',#6405);
#1918=VERTEX_POINT('',#6407);
#1919=VERTEX_POINT('',#6409);
#1920=VERTEX_POINT('',#6411);
#1921=VERTEX_POINT('',#6426);
#1922=VERTEX_POINT('',#6428);
#1923=VERTEX_POINT('',#6432);
#1924=VERTEX_POINT('',#6434);
#1925=VERTEX_POINT('',#6436);
#1926=VERTEX_POINT('',#6438);
#1927=VERTEX_POINT('',#6440);
#1928=VERTEX_POINT('',#6442);
#1929=VERTEX_POINT('',#6444);
#1930=VERTEX_POINT('',#6446);
#1931=VERTEX_POINT('',#6448);
#1932=VERTEX_POINT('',#6450);
#1933=VERTEX_POINT('',#6465);
#1934=VERTEX_POINT('',#6466);
#1935=VERTEX_POINT('',#6468);
#1936=VERTEX_POINT('',#6470);
#1937=VERTEX_POINT('',#6474);
#1938=VERTEX_POINT('',#6476);
#1939=VERTEX_POINT('',#6480);
#1940=VERTEX_POINT('',#6482);
#1941=VERTEX_POINT('',#6490);
#1942=VERTEX_POINT('',#6491);
#1943=VERTEX_POINT('',#6493);
#1944=VERTEX_POINT('',#6495);
#1945=VERTEX_POINT('',#6499);
#1946=VERTEX_POINT('',#6500);
#1947=VERTEX_POINT('',#6505);
#1948=VERTEX_POINT('',#6509);
#1949=VERTEX_POINT('',#6516);
#1950=VERTEX_POINT('',#6517);
#1951=VERTEX_POINT('',#6519);
#1952=VERTEX_POINT('',#6521);
#1953=VERTEX_POINT('',#6525);
#1954=VERTEX_POINT('',#6527);
#1955=VERTEX_POINT('',#6531);
#1956=VERTEX_POINT('',#6533);
#1957=VERTEX_POINT('',#6542);
#1958=VERTEX_POINT('',#6543);
#1959=VERTEX_POINT('',#6545);
#1960=VERTEX_POINT('',#6547);
#1961=VERTEX_POINT('',#6551);
#1962=VERTEX_POINT('',#6553);
#1963=VERTEX_POINT('',#6557);
#1964=VERTEX_POINT('',#6559);
#1965=VERTEX_POINT('',#6568);
#1966=VERTEX_POINT('',#6569);
#1967=VERTEX_POINT('',#6571);
#1968=VERTEX_POINT('',#6573);
#1969=VERTEX_POINT('',#6577);
#1970=VERTEX_POINT('',#6579);
#1971=VERTEX_POINT('',#6583);
#1972=VERTEX_POINT('',#6585);
#1973=VERTEX_POINT('',#6594);
#1974=VERTEX_POINT('',#6595);
#1975=VERTEX_POINT('',#6597);
#1976=VERTEX_POINT('',#6599);
#1977=VERTEX_POINT('',#6603);
#1978=VERTEX_POINT('',#6605);
#1979=VERTEX_POINT('',#6609);
#1980=VERTEX_POINT('',#6611);
#1981=VERTEX_POINT('',#6620);
#1982=VERTEX_POINT('',#6621);
#1983=VERTEX_POINT('',#6623);
#1984=VERTEX_POINT('',#6625);
#1985=VERTEX_POINT('',#6629);
#1986=VERTEX_POINT('',#6631);
#1987=VERTEX_POINT('',#6635);
#1988=VERTEX_POINT('',#6637);
#1989=VERTEX_POINT('',#6646);
#1990=VERTEX_POINT('',#6647);
#1991=VERTEX_POINT('',#6649);
#1992=VERTEX_POINT('',#6651);
#1993=VERTEX_POINT('',#6655);
#1994=VERTEX_POINT('',#6657);
#1995=VERTEX_POINT('',#6661);
#1996=VERTEX_POINT('',#6663);
#1997=VERTEX_POINT('',#6672);
#1998=VERTEX_POINT('',#6674);
#1999=VERTEX_POINT('',#6678);
#2000=VERTEX_POINT('',#6680);
#2001=VERTEX_POINT('',#6682);
#2002=VERTEX_POINT('',#6686);
#2003=VERTEX_POINT('',#6688);
#2004=VERTEX_POINT('',#6692);
#2005=VERTEX_POINT('',#6694);
#2006=VERTEX_POINT('',#6698);
#2007=VERTEX_POINT('',#6700);
#2008=VERTEX_POINT('',#6704);
#2009=VERTEX_POINT('',#6706);
#2010=VERTEX_POINT('',#6710);
#2011=VERTEX_POINT('',#6712);
#2012=VERTEX_POINT('',#6716);
#2013=VERTEX_POINT('',#6718);
#2014=VERTEX_POINT('',#6722);
#2015=VERTEX_POINT('',#6724);
#2016=VERTEX_POINT('',#6728);
#2017=VERTEX_POINT('',#6730);
#2018=VERTEX_POINT('',#6732);
#2019=VERTEX_POINT('',#6734);
#2020=VERTEX_POINT('',#6736);
#2021=VERTEX_POINT('',#6738);
#2022=VERTEX_POINT('',#6745);
#2023=VERTEX_POINT('',#6747);
#2024=VERTEX_POINT('',#6749);
#2025=VERTEX_POINT('',#6751);
#2026=VERTEX_POINT('',#6753);
#2027=VERTEX_POINT('',#6755);
#2028=VERTEX_POINT('',#6762);
#2029=VERTEX_POINT('',#6764);
#2030=VERTEX_POINT('',#6768);
#2031=VERTEX_POINT('',#6770);
#2032=VERTEX_POINT('',#6772);
#2033=VERTEX_POINT('',#6776);
#2034=VERTEX_POINT('',#6780);
#2035=VERTEX_POINT('',#6782);
#2036=VERTEX_POINT('',#6786);
#2037=VERTEX_POINT('',#6787);
#2038=VERTEX_POINT('',#6789);
#2039=VERTEX_POINT('',#6791);
#2040=VERTEX_POINT('',#6795);
#2041=VERTEX_POINT('',#6796);
#2042=VERTEX_POINT('',#6798);
#2043=VERTEX_POINT('',#6800);
#2044=VERTEX_POINT('',#6802);
#2045=VERTEX_POINT('',#6804);
#2046=VERTEX_POINT('',#6806);
#2047=VERTEX_POINT('',#6808);
#2048=VERTEX_POINT('',#6811);
#2049=VERTEX_POINT('',#6812);
#2050=VERTEX_POINT('',#6814);
#2051=VERTEX_POINT('',#6816);
#2052=VERTEX_POINT('',#6819);
#2053=VERTEX_POINT('',#6820);
#2054=VERTEX_POINT('',#6822);
#2055=VERTEX_POINT('',#6824);
#2056=VERTEX_POINT('',#6828);
#2057=VERTEX_POINT('',#6829);
#2058=VERTEX_POINT('',#6831);
#2059=VERTEX_POINT('',#6833);
#2060=VERTEX_POINT('',#6837);
#2061=VERTEX_POINT('',#6839);
#2062=VERTEX_POINT('',#6841);
#2063=VERTEX_POINT('',#6843);
#2064=VERTEX_POINT('',#6845);
#2065=VERTEX_POINT('',#6847);
#2066=VERTEX_POINT('',#6850);
#2067=VERTEX_POINT('',#6852);
#2068=VERTEX_POINT('',#6854);
#2069=VERTEX_POINT('',#6856);
#2070=VERTEX_POINT('',#6859);
#2071=VERTEX_POINT('',#6860);
#2072=VERTEX_POINT('',#6862);
#2073=VERTEX_POINT('',#6864);
#2074=VERTEX_POINT('',#6866);
#2075=VERTEX_POINT('',#6868);
#2076=VERTEX_POINT('',#6870);
#2077=VERTEX_POINT('',#6872);
#2078=VERTEX_POINT('',#6876);
#2079=VERTEX_POINT('',#6877);
#2080=VERTEX_POINT('',#6879);
#2081=VERTEX_POINT('',#6881);
#2082=VERTEX_POINT('',#6883);
#2083=VERTEX_POINT('',#6885);
#2084=VERTEX_POINT('',#6889);
#2085=VERTEX_POINT('',#6890);
#2086=VERTEX_POINT('',#6892);
#2087=VERTEX_POINT('',#6894);
#2088=VERTEX_POINT('',#6897);
#2089=VERTEX_POINT('',#6898);
#2090=VERTEX_POINT('',#6900);
#2091=VERTEX_POINT('',#6902);
#2092=VERTEX_POINT('',#6906);
#2093=VERTEX_POINT('',#6908);
#2094=VERTEX_POINT('',#6912);
#2095=VERTEX_POINT('',#6913);
#2096=VERTEX_POINT('',#6918);
#2097=VERTEX_POINT('',#6919);
#2098=VERTEX_POINT('',#6922);
#2099=VERTEX_POINT('',#6924);
#2100=VERTEX_POINT('',#6926);
#2101=VERTEX_POINT('',#6928);
#2102=VERTEX_POINT('',#6932);
#2103=VERTEX_POINT('',#6934);
#2104=VERTEX_POINT('',#6937);
#2105=VERTEX_POINT('',#6939);
#2106=VERTEX_POINT('',#6946);
#2107=VERTEX_POINT('',#6948);
#2108=VERTEX_POINT('',#6953);
#2109=VERTEX_POINT('',#6955);
#2110=VERTEX_POINT('',#6960);
#2111=VERTEX_POINT('',#6964);
#2112=VERTEX_POINT('',#6967);
#2113=VERTEX_POINT('',#6968);
#2114=VERTEX_POINT('',#6970);
#2115=VERTEX_POINT('',#6972);
#2116=VERTEX_POINT('',#6974);
#2117=VERTEX_POINT('',#6976);
#2118=VERTEX_POINT('',#6978);
#2119=VERTEX_POINT('',#6980);
#2120=VERTEX_POINT('',#6990);
#2121=VERTEX_POINT('',#6991);
#2122=VERTEX_POINT('',#6993);
#2123=VERTEX_POINT('',#6995);
#2124=VERTEX_POINT('',#6997);
#2125=VERTEX_POINT('',#6999);
#2126=VERTEX_POINT('',#7001);
#2127=VERTEX_POINT('',#7003);
#2128=VERTEX_POINT('',#7007);
#2129=VERTEX_POINT('',#7008);
#2130=VERTEX_POINT('',#7010);
#2131=VERTEX_POINT('',#7012);
#2132=VERTEX_POINT('',#7015);
#2133=VERTEX_POINT('',#7019);
#2134=VERTEX_POINT('',#7021);
#2135=VERTEX_POINT('',#7025);
#2136=VERTEX_POINT('',#7027);
#2137=VERTEX_POINT('',#7031);
#2138=VERTEX_POINT('',#7033);
#2139=VERTEX_POINT('',#7036);
#2140=VERTEX_POINT('',#7037);
#2141=VERTEX_POINT('',#7039);
#2142=VERTEX_POINT('',#7041);
#2143=VERTEX_POINT('',#7044);
#2144=VERTEX_POINT('',#7045);
#2145=VERTEX_POINT('',#7047);
#2146=VERTEX_POINT('',#7049);
#2147=VERTEX_POINT('',#7053);
#2148=VERTEX_POINT('',#7055);
#2149=VERTEX_POINT('',#7059);
#2150=VERTEX_POINT('',#7061);
#2151=VERTEX_POINT('',#7065);
#2152=VERTEX_POINT('',#7066);
#2153=VERTEX_POINT('',#7068);
#2154=VERTEX_POINT('',#7074);
#2155=VERTEX_POINT('',#7077);
#2156=VERTEX_POINT('',#7097);
#2157=VERTEX_POINT('',#7099);
#2158=VERTEX_POINT('',#7102);
#2159=VERTEX_POINT('',#7104);
#2160=VERTEX_POINT('',#7107);
#2161=VERTEX_POINT('',#7109);
#2162=VERTEX_POINT('',#7113);
#2163=VERTEX_POINT('',#7115);
#2164=VERTEX_POINT('',#7119);
#2165=VERTEX_POINT('',#7123);
#2166=VERTEX_POINT('',#7130);
#2167=VERTEX_POINT('',#7131);
#2168=VERTEX_POINT('',#7133);
#2169=VERTEX_POINT('',#7135);
#2170=VERTEX_POINT('',#7140);
#2171=VERTEX_POINT('',#7142);
#2172=VERTEX_POINT('',#7146);
#2173=VERTEX_POINT('',#7150);
#2174=VERTEX_POINT('',#7157);
#2175=VERTEX_POINT('',#7159);
#2176=VERTEX_POINT('',#7163);
#2177=VERTEX_POINT('',#7167);
#2178=VERTEX_POINT('',#7174);
#2179=VERTEX_POINT('',#7175);
#2180=VERTEX_POINT('',#7177);
#2181=VERTEX_POINT('',#7179);
#2182=VERTEX_POINT('',#7181);
#2183=VERTEX_POINT('',#7183);
#2184=VERTEX_POINT('',#7185);
#2185=VERTEX_POINT('',#7187);
#2186=VERTEX_POINT('',#7191);
#2187=VERTEX_POINT('',#7192);
#2188=VERTEX_POINT('',#7194);
#2189=VERTEX_POINT('',#7196);
#2190=VERTEX_POINT('',#7198);
#2191=VERTEX_POINT('',#7200);
#2192=VERTEX_POINT('',#7202);
#2193=VERTEX_POINT('',#7204);
#2194=VERTEX_POINT('',#7271);
#2195=VERTEX_POINT('',#7272);
#2196=VERTEX_POINT('',#7277);
#2197=VERTEX_POINT('',#7278);
#2198=VERTEX_POINT('',#7280);
#2199=VERTEX_POINT('',#7282);
#2200=VERTEX_POINT('',#7286);
#2201=VERTEX_POINT('',#7287);
#2202=VERTEX_POINT('',#7289);
#2203=VERTEX_POINT('',#7291);
#2204=VERTEX_POINT('',#7295);
#2205=VERTEX_POINT('',#7296);
#2206=VERTEX_POINT('',#7301);
#2207=VERTEX_POINT('',#7303);
#2208=VERTEX_POINT('',#7305);
#2209=VERTEX_POINT('',#7307);
#2210=VERTEX_POINT('',#7311);
#2211=VERTEX_POINT('',#7312);
#2212=VERTEX_POINT('',#7315);
#2213=VERTEX_POINT('',#7317);
#2214=VERTEX_POINT('',#7321);
#2215=VERTEX_POINT('',#7322);
#2216=VERTEX_POINT('',#7327);
#2217=VERTEX_POINT('',#7328);
#2218=VERTEX_POINT('',#7330);
#2219=VERTEX_POINT('',#7332);
#2220=VERTEX_POINT('',#7336);
#2221=VERTEX_POINT('',#7337);
#2222=VERTEX_POINT('',#7339);
#2223=VERTEX_POINT('',#7341);
#2224=VERTEX_POINT('',#7345);
#2225=VERTEX_POINT('',#7346);
#2226=VERTEX_POINT('',#7351);
#2227=VERTEX_POINT('',#7352);
#2228=VERTEX_POINT('',#7355);
#2229=VERTEX_POINT('',#7357);
#2230=VERTEX_POINT('',#7361);
#2231=VERTEX_POINT('',#7362);
#2232=VERTEX_POINT('',#7365);
#2233=VERTEX_POINT('',#7367);
#2234=VERTEX_POINT('',#7442);
#2235=VERTEX_POINT('',#7444);
#2236=VERTEX_POINT('',#7448);
#2237=VERTEX_POINT('',#7452);
#2238=VERTEX_POINT('',#7459);
#2239=VERTEX_POINT('',#7461);
#2240=VERTEX_POINT('',#7465);
#2241=VERTEX_POINT('',#7469);
#2242=VERTEX_POINT('',#7478);
#2243=VERTEX_POINT('',#7482);
#2244=VERTEX_POINT('',#7486);
#2245=VERTEX_POINT('',#7490);
#2246=VERTEX_POINT('',#7494);
#2247=VERTEX_POINT('',#7498);
#2248=VERTEX_POINT('',#7504);
#2249=VERTEX_POINT('',#7508);
#2250=VERTEX_POINT('',#7515);
#2251=VERTEX_POINT('',#7517);
#2252=VERTEX_POINT('',#7521);
#2253=VERTEX_POINT('',#7525);
#2254=VERTEX_POINT('',#7552);
#2255=VERTEX_POINT('',#7554);
#2256=VERTEX_POINT('',#7556);
#2257=VERTEX_POINT('',#7560);
#2258=VERTEX_POINT('',#7564);
#2259=VERTEX_POINT('',#7565);
#2260=VERTEX_POINT('',#7567);
#2261=VERTEX_POINT('',#7569);
#2262=VERTEX_POINT('',#7571);
#2263=VERTEX_POINT('',#7573);
#2264=VERTEX_POINT('',#7575);
#2265=VERTEX_POINT('',#7577);
#2266=VERTEX_POINT('',#7579);
#2267=VERTEX_POINT('',#7581);
#2268=VERTEX_POINT('',#7583);
#2269=VERTEX_POINT('',#7585);
#2270=VERTEX_POINT('',#7590);
#2271=VERTEX_POINT('',#7592);
#2272=VERTEX_POINT('',#7596);
#2273=VERTEX_POINT('',#7600);
#2274=VERTEX_POINT('',#7604);
#2275=VERTEX_POINT('',#7608);
#2276=VERTEX_POINT('',#7612);
#2277=VERTEX_POINT('',#7616);
#2278=VERTEX_POINT('',#7620);
#2279=VERTEX_POINT('',#7624);
#2280=VERTEX_POINT('',#7628);
#2281=VERTEX_POINT('',#7632);
#2282=VERTEX_POINT('',#7639);
#2283=VERTEX_POINT('',#7641);
#2284=VERTEX_POINT('',#7643);
#2285=VERTEX_POINT('',#7647);
#2286=VERTEX_POINT('',#7651);
#2287=VERTEX_POINT('',#7652);
#2288=VERTEX_POINT('',#7654);
#2289=VERTEX_POINT('',#7656);
#2290=VERTEX_POINT('',#7658);
#2291=VERTEX_POINT('',#7660);
#2292=VERTEX_POINT('',#7662);
#2293=VERTEX_POINT('',#7664);
#2294=VERTEX_POINT('',#7666);
#2295=VERTEX_POINT('',#7668);
#2296=VERTEX_POINT('',#7670);
#2297=VERTEX_POINT('',#7672);
#2298=VERTEX_POINT('',#7677);
#2299=VERTEX_POINT('',#7679);
#2300=VERTEX_POINT('',#7683);
#2301=VERTEX_POINT('',#7687);
#2302=VERTEX_POINT('',#7691);
#2303=VERTEX_POINT('',#7695);
#2304=VERTEX_POINT('',#7699);
#2305=VERTEX_POINT('',#7703);
#2306=VERTEX_POINT('',#7707);
#2307=VERTEX_POINT('',#7711);
#2308=VERTEX_POINT('',#7715);
#2309=VERTEX_POINT('',#7719);
#2310=EDGE_CURVE('',#1909,#1909,#1729,.T.);
#2311=EDGE_CURVE('',#1909,#1910,#849,.T.);
#2312=EDGE_CURVE('',#1910,#1910,#1730,.T.);
#2313=EDGE_CURVE('',#1911,#1911,#1731,.T.);
#2314=EDGE_CURVE('',#1911,#1912,#850,.T.);
#2315=EDGE_CURVE('',#1912,#1913,#1732,.T.);
#2316=EDGE_CURVE('',#1914,#1913,#851,.T.);
#2317=EDGE_CURVE('',#1914,#1915,#1733,.T.);
#2318=EDGE_CURVE('',#1915,#1916,#852,.T.);
#2319=EDGE_CURVE('',#1916,#1917,#1734,.T.);
#2320=EDGE_CURVE('',#1918,#1917,#853,.T.);
#2321=EDGE_CURVE('',#1918,#1919,#1735,.T.);
#2322=EDGE_CURVE('',#1919,#1920,#854,.T.);
#2323=EDGE_CURVE('',#1920,#1912,#1736,.T.);
#2324=EDGE_CURVE('',#1919,#1914,#855,.T.);
#2325=EDGE_CURVE('',#1920,#1913,#856,.T.);
#2326=EDGE_CURVE('',#1915,#1918,#857,.T.);
#2327=EDGE_CURVE('',#1916,#1917,#858,.T.);
#2328=EDGE_CURVE('',#1921,#1921,#1737,.T.);
#2329=EDGE_CURVE('',#1921,#1922,#859,.T.);
#2330=EDGE_CURVE('',#1922,#1922,#1738,.T.);
#2331=EDGE_CURVE('',#1923,#1923,#1739,.T.);
#2332=EDGE_CURVE('',#1923,#1924,#860,.T.);
#2333=EDGE_CURVE('',#1925,#1924,#1740,.T.);
#2334=EDGE_CURVE('',#1926,#1925,#861,.T.);
#2335=EDGE_CURVE('',#1927,#1926,#1741,.T.);
#2336=EDGE_CURVE('',#1927,#1928,#862,.T.);
#2337=EDGE_CURVE('',#1929,#1928,#1742,.T.);
#2338=EDGE_CURVE('',#1930,#1929,#863,.T.);
#2339=EDGE_CURVE('',#1931,#1930,#1743,.T.);
#2340=EDGE_CURVE('',#1931,#1932,#864,.T.);
#2341=EDGE_CURVE('',#1924,#1932,#1744,.T.);
#2342=EDGE_CURVE('',#1925,#1932,#865,.T.);
#2343=EDGE_CURVE('',#1926,#1931,#866,.T.);
#2344=EDGE_CURVE('',#1929,#1928,#867,.T.);
#2345=EDGE_CURVE('',#1930,#1927,#868,.T.);
#2346=EDGE_CURVE('',#1933,#1934,#869,.T.);
#2347=EDGE_CURVE('',#1935,#1934,#870,.T.);
#2348=EDGE_CURVE('',#1936,#1935,#871,.T.);
#2349=EDGE_CURVE('',#1936,#1933,#872,.T.);
#2350=EDGE_CURVE('',#1934,#1937,#873,.T.);
#2351=EDGE_CURVE('',#1938,#1937,#874,.T.);
#2352=EDGE_CURVE('',#1935,#1938,#875,.T.);
#2353=EDGE_CURVE('',#1937,#1939,#876,.T.);
#2354=EDGE_CURVE('',#1940,#1939,#877,.T.);
#2355=EDGE_CURVE('',#1938,#1940,#878,.T.);
#2356=EDGE_CURVE('',#1939,#1933,#879,.T.);
#2357=EDGE_CURVE('',#1940,#1936,#880,.T.);
#2358=EDGE_CURVE('',#1941,#1942,#881,.T.);
#2359=EDGE_CURVE('',#1943,#1941,#882,.T.);
#2360=EDGE_CURVE('',#1944,#1943,#883,.T.);
#2361=EDGE_CURVE('',#1942,#1944,#884,.T.);
#2362=EDGE_CURVE('',#1945,#1946,#885,.T.);
#2363=EDGE_CURVE('',#1943,#1945,#886,.T.);
#2364=EDGE_CURVE('',#1941,#1946,#887,.T.);
#2365=EDGE_CURVE('',#1946,#1947,#888,.T.);
#2366=EDGE_CURVE('',#1942,#1947,#889,.T.);
#2367=EDGE_CURVE('',#1947,#1948,#890,.T.);
#2368=EDGE_CURVE('',#1944,#1948,#891,.T.);
#2369=EDGE_CURVE('',#1948,#1945,#892,.T.);
#2370=EDGE_CURVE('',#1949,#1950,#893,.T.);
#2371=EDGE_CURVE('',#1951,#1950,#894,.T.);
#2372=EDGE_CURVE('',#1952,#1951,#895,.T.);
#2373=EDGE_CURVE('',#1952,#1949,#896,.T.);
#2374=EDGE_CURVE('',#1950,#1953,#897,.T.);
#2375=EDGE_CURVE('',#1954,#1953,#898,.T.);
#2376=EDGE_CURVE('',#1951,#1954,#899,.T.);
#2377=EDGE_CURVE('',#1953,#1955,#900,.T.);
#2378=EDGE_CURVE('',#1956,#1955,#901,.T.);
#2379=EDGE_CURVE('',#1954,#1956,#902,.T.);
#2380=EDGE_CURVE('',#1955,#1949,#903,.T.);
#2381=EDGE_CURVE('',#1956,#1952,#904,.T.);
#2382=EDGE_CURVE('',#1957,#1958,#905,.T.);
#2383=EDGE_CURVE('',#1959,#1958,#906,.T.);
#2384=EDGE_CURVE('',#1960,#1959,#907,.T.);
#2385=EDGE_CURVE('',#1960,#1957,#908,.T.);
#2386=EDGE_CURVE('',#1958,#1961,#909,.T.);
#2387=EDGE_CURVE('',#1962,#1961,#910,.T.);
#2388=EDGE_CURVE('',#1959,#1962,#911,.T.);
#2389=EDGE_CURVE('',#1961,#1963,#912,.T.);
#2390=EDGE_CURVE('',#1964,#1963,#913,.T.);
#2391=EDGE_CURVE('',#1962,#1964,#914,.T.);
#2392=EDGE_CURVE('',#1963,#1957,#915,.T.);
#2393=EDGE_CURVE('',#1964,#1960,#916,.T.);
#2394=EDGE_CURVE('',#1965,#1966,#917,.T.);
#2395=EDGE_CURVE('',#1967,#1966,#918,.T.);
#2396=EDGE_CURVE('',#1968,#1967,#919,.T.);
#2397=EDGE_CURVE('',#1968,#1965,#920,.T.);
#2398=EDGE_CURVE('',#1966,#1969,#921,.T.);
#2399=EDGE_CURVE('',#1970,#1969,#922,.T.);
#2400=EDGE_CURVE('',#1967,#1970,#923,.T.);
#2401=EDGE_CURVE('',#1969,#1971,#924,.T.);
#2402=EDGE_CURVE('',#1972,#1971,#925,.T.);
#2403=EDGE_CURVE('',#1970,#1972,#926,.T.);
#2404=EDGE_CURVE('',#1971,#1965,#927,.T.);
#2405=EDGE_CURVE('',#1972,#1968,#928,.T.);
#2406=EDGE_CURVE('',#1973,#1974,#929,.T.);
#2407=EDGE_CURVE('',#1975,#1974,#930,.T.);
#2408=EDGE_CURVE('',#1976,#1975,#931,.T.);
#2409=EDGE_CURVE('',#1976,#1973,#932,.T.);
#2410=EDGE_CURVE('',#1974,#1977,#933,.T.);
#2411=EDGE_CURVE('',#1978,#1977,#934,.T.);
#2412=EDGE_CURVE('',#1975,#1978,#935,.T.);
#2413=EDGE_CURVE('',#1977,#1979,#936,.T.);
#2414=EDGE_CURVE('',#1980,#1979,#937,.T.);
#2415=EDGE_CURVE('',#1978,#1980,#938,.T.);
#2416=EDGE_CURVE('',#1979,#1973,#939,.T.);
#2417=EDGE_CURVE('',#1980,#1976,#940,.T.);
#2418=EDGE_CURVE('',#1981,#1982,#941,.T.);
#2419=EDGE_CURVE('',#1983,#1982,#942,.T.);
#2420=EDGE_CURVE('',#1984,#1983,#943,.T.);
#2421=EDGE_CURVE('',#1984,#1981,#944,.T.);
#2422=EDGE_CURVE('',#1982,#1985,#945,.T.);
#2423=EDGE_CURVE('',#1986,#1985,#946,.T.);
#2424=EDGE_CURVE('',#1983,#1986,#947,.T.);
#2425=EDGE_CURVE('',#1985,#1987,#948,.T.);
#2426=EDGE_CURVE('',#1988,#1987,#949,.T.);
#2427=EDGE_CURVE('',#1986,#1988,#950,.T.);
#2428=EDGE_CURVE('',#1987,#1981,#951,.T.);
#2429=EDGE_CURVE('',#1988,#1984,#952,.T.);
#2430=EDGE_CURVE('',#1989,#1990,#953,.T.);
#2431=EDGE_CURVE('',#1991,#1990,#954,.T.);
#2432=EDGE_CURVE('',#1992,#1991,#955,.T.);
#2433=EDGE_CURVE('',#1992,#1989,#956,.T.);
#2434=EDGE_CURVE('',#1990,#1993,#957,.T.);
#2435=EDGE_CURVE('',#1994,#1993,#958,.T.);
#2436=EDGE_CURVE('',#1991,#1994,#959,.T.);
#2437=EDGE_CURVE('',#1993,#1995,#960,.T.);
#2438=EDGE_CURVE('',#1996,#1995,#961,.T.);
#2439=EDGE_CURVE('',#1994,#1996,#962,.T.);
#2440=EDGE_CURVE('',#1995,#1989,#963,.T.);
#2441=EDGE_CURVE('',#1996,#1992,#964,.T.);
#2442=EDGE_CURVE('',#1997,#1997,#1745,.T.);
#2443=EDGE_CURVE('',#1997,#1998,#965,.T.);
#2444=EDGE_CURVE('',#1998,#1998,#1746,.T.);
#2445=EDGE_CURVE('',#1999,#1999,#1747,.T.);
#2446=EDGE_CURVE('',#1999,#2000,#966,.T.);
#2447=EDGE_CURVE('',#2000,#2001,#1748,.T.);
#2448=EDGE_CURVE('',#2001,#2000,#1749,.T.);
#2449=EDGE_CURVE('',#2002,#2002,#1750,.T.);
#2450=EDGE_CURVE('',#2002,#2003,#967,.T.);
#2451=EDGE_CURVE('',#2003,#2003,#1751,.T.);
#2452=EDGE_CURVE('',#2004,#2004,#1752,.T.);
#2453=EDGE_CURVE('',#2004,#2005,#968,.T.);
#2454=EDGE_CURVE('',#2005,#2005,#1753,.T.);
#2455=EDGE_CURVE('',#2006,#2006,#1754,.T.);
#2456=EDGE_CURVE('',#2006,#2007,#969,.T.);
#2457=EDGE_CURVE('',#2007,#2007,#1755,.T.);
#2458=EDGE_CURVE('',#2008,#2008,#1756,.T.);
#2459=EDGE_CURVE('',#2008,#2009,#970,.T.);
#2460=EDGE_CURVE('',#2009,#2009,#1757,.T.);
#2461=EDGE_CURVE('',#2010,#2010,#1758,.T.);
#2462=EDGE_CURVE('',#2010,#2011,#971,.T.);
#2463=EDGE_CURVE('',#2011,#2011,#1759,.T.);
#2464=EDGE_CURVE('',#2012,#2012,#1760,.T.);
#2465=EDGE_CURVE('',#2012,#2013,#972,.T.);
#2466=EDGE_CURVE('',#2013,#2013,#1761,.T.);
#2467=EDGE_CURVE('',#2014,#2014,#1762,.T.);
#2468=EDGE_CURVE('',#2014,#2015,#973,.T.);
#2469=EDGE_CURVE('',#2015,#2015,#1763,.T.);
#2470=EDGE_CURVE('',#2016,#2016,#1764,.T.);
#2471=EDGE_CURVE('',#2016,#2017,#974,.T.);
#2472=EDGE_CURVE('',#2017,#2018,#1765,.T.);
#2473=EDGE_CURVE('',#2019,#2018,#975,.T.);
#2474=EDGE_CURVE('',#2019,#2020,#1766,.T.);
#2475=EDGE_CURVE('',#2020,#2021,#976,.T.);
#2476=EDGE_CURVE('',#2021,#2017,#1767,.T.);
#2477=EDGE_CURVE('',#2019,#2020,#1768,.T.);
#2478=EDGE_CURVE('',#2018,#2021,#1769,.T.);
#2479=EDGE_CURVE('',#2022,#2022,#1770,.T.);
#2480=EDGE_CURVE('',#2022,#2023,#977,.T.);
#2481=EDGE_CURVE('',#2024,#2023,#1771,.T.);
#2482=EDGE_CURVE('',#2025,#2024,#978,.T.);
#2483=EDGE_CURVE('',#2025,#2026,#1772,.T.);
#2484=EDGE_CURVE('',#2026,#2027,#979,.T.);
#2485=EDGE_CURVE('',#2023,#2027,#1773,.T.);
#2486=EDGE_CURVE('',#2026,#2025,#1774,.T.);
#2487=EDGE_CURVE('',#2027,#2024,#1775,.T.);
#2488=EDGE_CURVE('',#2028,#2028,#1776,.T.);
#2489=EDGE_CURVE('',#2028,#2029,#980,.T.);
#2490=EDGE_CURVE('',#2029,#2029,#1777,.T.);
#2491=EDGE_CURVE('',#2030,#2030,#1778,.T.);
#2492=EDGE_CURVE('',#2030,#2031,#1779,.T.);
#2493=EDGE_CURVE('',#2032,#2031,#1780,.T.);
#2494=EDGE_CURVE('',#2031,#2032,#1781,.T.);
#2495=EDGE_CURVE('',#2033,#2033,#1782,.T.);
#2496=EDGE_CURVE('',#2033,#2032,#981,.T.);
#2497=EDGE_CURVE('',#2034,#2034,#1783,.T.);
#2498=EDGE_CURVE('',#2034,#2035,#982,.T.);
#2499=EDGE_CURVE('',#2035,#2035,#1784,.T.);
#2500=EDGE_CURVE('',#2036,#2037,#1785,.T.);
#2501=EDGE_CURVE('',#2037,#2038,#983,.T.);
#2502=EDGE_CURVE('',#2039,#2038,#1786,.T.);
#2503=EDGE_CURVE('',#2036,#2039,#984,.T.);
#2504=EDGE_CURVE('',#2040,#2041,#985,.T.);
#2505=EDGE_CURVE('',#2042,#2040,#986,.T.);
#2506=EDGE_CURVE('',#2043,#2042,#987,.T.);
#2507=EDGE_CURVE('',#2044,#2043,#988,.T.);
#2508=EDGE_CURVE('',#2045,#2044,#989,.T.);
#2509=EDGE_CURVE('',#2046,#2045,#990,.T.);
#2510=EDGE_CURVE('',#2046,#2047,#991,.T.);
#2511=EDGE_CURVE('',#2047,#2041,#992,.T.);
#2512=EDGE_CURVE('',#2048,#2049,#1787,.T.);
#2513=EDGE_CURVE('',#2050,#2048,#993,.T.);
#2514=EDGE_CURVE('',#2051,#2050,#1788,.T.);
#2515=EDGE_CURVE('',#2049,#2051,#994,.T.);
#2516=EDGE_CURVE('',#2052,#2053,#1789,.T.);
#2517=EDGE_CURVE('',#2054,#2052,#995,.T.);
#2518=EDGE_CURVE('',#2055,#2054,#1790,.T.);
#2519=EDGE_CURVE('',#2053,#2055,#996,.T.);
#2520=EDGE_CURVE('',#2056,#2057,#997,.T.);
#2521=EDGE_CURVE('',#2058,#2056,#998,.T.);
#2522=EDGE_CURVE('',#2059,#2058,#999,.T.);
#2523=EDGE_CURVE('',#2057,#2059,#1000,.T.);
#2524=EDGE_CURVE('',#1998,#2060,#1001,.T.);
#2525=EDGE_CURVE('',#2060,#2061,#1002,.T.);
#2526=EDGE_CURVE('',#2062,#2061,#1003,.T.);
#2527=EDGE_CURVE('',#2063,#2062,#1004,.T.);
#2528=EDGE_CURVE('',#2063,#2064,#1005,.T.);
#2529=EDGE_CURVE('',#2064,#2065,#1006,.T.);
#2530=EDGE_CURVE('',#2065,#2001,#1007,.T.);
#2531=EDGE_CURVE('',#2001,#2066,#1008,.T.);
#2532=EDGE_CURVE('',#2066,#2067,#1791,.T.);
#2533=EDGE_CURVE('',#2067,#2068,#1009,.T.);
#2534=EDGE_CURVE('',#2068,#2069,#1792,.T.);
#2535=EDGE_CURVE('',#2069,#1998,#1010,.T.);
#2536=EDGE_CURVE('',#2070,#2071,#1011,.T.);
#2537=EDGE_CURVE('',#2070,#2072,#29,.T.);
#2538=EDGE_CURVE('',#2072,#2073,#1012,.T.);
#2539=EDGE_CURVE('',#2073,#2074,#30,.T.);
#2540=EDGE_CURVE('',#2074,#2075,#1013,.T.);
#2541=EDGE_CURVE('',#2075,#2076,#1793,.T.);
#2542=EDGE_CURVE('',#2077,#2076,#1014,.T.);
#2543=EDGE_CURVE('',#2077,#2071,#1794,.T.);
#2544=EDGE_CURVE('',#2078,#2079,#1015,.T.);
#2545=EDGE_CURVE('',#2078,#2080,#1016,.T.);
#2546=EDGE_CURVE('',#2080,#2081,#1795,.T.);
#2547=EDGE_CURVE('',#2081,#2082,#1017,.T.);
#2548=EDGE_CURVE('',#2082,#2083,#1796,.T.);
#2549=EDGE_CURVE('',#2083,#2079,#1018,.T.);
#2550=EDGE_CURVE('',#2084,#2085,#1019,.T.);
#2551=EDGE_CURVE('',#2085,#2086,#1020,.T.);
#2552=EDGE_CURVE('',#2087,#2086,#1021,.T.);
#2553=EDGE_CURVE('',#2087,#2084,#1022,.T.);
#2554=EDGE_CURVE('',#2088,#2089,#1023,.T.);
#2555=EDGE_CURVE('',#2088,#2090,#1024,.T.);
#2556=EDGE_CURVE('',#2090,#2091,#1025,.T.);
#2557=EDGE_CURVE('',#2091,#2089,#1026,.T.);
#2558=EDGE_CURVE('',#2060,#2092,#1797,.T.);
#2559=EDGE_CURVE('',#2092,#2093,#1027,.T.);
#2560=EDGE_CURVE('',#2061,#2093,#1798,.T.);
#2561=EDGE_CURVE('',#2094,#2095,#1028,.T.);
#2562=EDGE_CURVE('',#2094,#2065,#1799,.T.);
#2563=EDGE_CURVE('',#2095,#2064,#1800,.T.);
#2564=EDGE_CURVE('',#2096,#2097,#1029,.T.);
#2565=EDGE_CURVE('',#2097,#2078,#1801,.T.);
#2566=EDGE_CURVE('',#2079,#2098,#1802,.T.);
#2567=EDGE_CURVE('',#2099,#2098,#1030,.T.);
#2568=EDGE_CURVE('',#2100,#2099,#1803,.T.);
#2569=EDGE_CURVE('',#2101,#2100,#1031,.T.);
#2570=EDGE_CURVE('',#2096,#2101,#1804,.T.);
#2571=EDGE_CURVE('',#2098,#2102,#1032,.T.);
#2572=EDGE_CURVE('',#2103,#2102,#1033,.T.);
#2573=EDGE_CURVE('',#2103,#2094,#1034,.T.);
#2574=EDGE_CURVE('',#2104,#2095,#1035,.T.);
#2575=EDGE_CURVE('',#2105,#2104,#1036,.T.);
#2576=EDGE_CURVE('',#2105,#2099,#1037,.T.);
#2577=EDGE_CURVE('',#2102,#2085,#1805,.T.);
#2578=EDGE_CURVE('',#2084,#2103,#1806,.T.);
#2579=EDGE_CURVE('',#2086,#2106,#1807,.T.);
#2580=EDGE_CURVE('',#2107,#2106,#1038,.T.);
#2581=EDGE_CURVE('',#2107,#2087,#1808,.T.);
#2582=EDGE_CURVE('',#2106,#2097,#1039,.T.);
#2583=EDGE_CURVE('',#2108,#2096,#1040,.T.);
#2584=EDGE_CURVE('',#2109,#2108,#1041,.T.);
#2585=EDGE_CURVE('',#2109,#2093,#1042,.T.);
#2586=EDGE_CURVE('',#2092,#2107,#1043,.T.);
#2587=EDGE_CURVE('',#2110,#2101,#1044,.T.);
#2588=EDGE_CURVE('',#2108,#2110,#1809,.T.);
#2589=EDGE_CURVE('',#2111,#2100,#1045,.T.);
#2590=EDGE_CURVE('',#2110,#2111,#1046,.T.);
#2591=EDGE_CURVE('',#2112,#2113,#1047,.T.);
#2592=EDGE_CURVE('',#2112,#2114,#31,.T.);
#2593=EDGE_CURVE('',#2115,#2114,#1048,.T.);
#2594=EDGE_CURVE('',#2115,#2116,#1810,.T.);
#2595=EDGE_CURVE('',#2116,#2117,#1049,.T.);
#2596=EDGE_CURVE('',#2117,#2118,#1811,.T.);
#2597=EDGE_CURVE('',#2118,#2119,#1050,.T.);
#2598=EDGE_CURVE('',#2119,#2113,#32,.T.);
#2599=EDGE_CURVE('',#2111,#2105,#1812,.T.);
#2600=EDGE_CURVE('',#2104,#2063,#1813,.T.);
#2601=EDGE_CURVE('',#2062,#2109,#1814,.T.);
#2602=EDGE_CURVE('',#2120,#2121,#1051,.T.);
#2603=EDGE_CURVE('',#2121,#2122,#1815,.T.);
#2604=EDGE_CURVE('',#2122,#2123,#1052,.T.);
#2605=EDGE_CURVE('',#2123,#2124,#1816,.T.);
#2606=EDGE_CURVE('',#2124,#2125,#1053,.T.);
#2607=EDGE_CURVE('',#2125,#2126,#1817,.T.);
#2608=EDGE_CURVE('',#2126,#2127,#1054,.T.);
#2609=EDGE_CURVE('',#2127,#2120,#1818,.T.);
#2610=EDGE_CURVE('',#2128,#2129,#1819,.T.);
#2611=EDGE_CURVE('',#2128,#2130,#1055,.T.);
#2612=EDGE_CURVE('',#2131,#2130,#1820,.T.);
#2613=EDGE_CURVE('',#2131,#2040,#1056,.T.);
#2614=EDGE_CURVE('',#2041,#2132,#1821,.T.);
#2615=EDGE_CURVE('',#2129,#2132,#1057,.T.);
#2616=EDGE_CURVE('',#2132,#2133,#1058,.T.);
#2617=EDGE_CURVE('',#2134,#2133,#1059,.T.);
#2618=EDGE_CURVE('',#2129,#2134,#1060,.T.);
#2619=EDGE_CURVE('',#2133,#2135,#1822,.T.);
#2620=EDGE_CURVE('',#2136,#2135,#1061,.T.);
#2621=EDGE_CURVE('',#2134,#2136,#1823,.T.);
#2622=EDGE_CURVE('',#2135,#2137,#1062,.T.);
#2623=EDGE_CURVE('',#2138,#2137,#1063,.T.);
#2624=EDGE_CURVE('',#2136,#2138,#1064,.T.);
#2625=EDGE_CURVE('',#2139,#2140,#1065,.T.);
#2626=EDGE_CURVE('',#2141,#2139,#1824,.T.);
#2627=EDGE_CURVE('',#2142,#2141,#1066,.T.);
#2628=EDGE_CURVE('',#2140,#2142,#1825,.T.);
#2629=EDGE_CURVE('',#2143,#2144,#1067,.T.);
#2630=EDGE_CURVE('',#2145,#2143,#1826,.T.);
#2631=EDGE_CURVE('',#2146,#2145,#1068,.T.);
#2632=EDGE_CURVE('',#2144,#2146,#1827,.T.);
#2633=EDGE_CURVE('',#2137,#2147,#1828,.T.);
#2634=EDGE_CURVE('',#2148,#2147,#1069,.T.);
#2635=EDGE_CURVE('',#2138,#2148,#1829,.T.);
#2636=EDGE_CURVE('',#2147,#2149,#1070,.T.);
#2637=EDGE_CURVE('',#2150,#2149,#1071,.T.);
#2638=EDGE_CURVE('',#2148,#2150,#1072,.T.);
#2639=EDGE_CURVE('',#2151,#2152,#1830,.T.);
#2640=EDGE_CURVE('',#2151,#2153,#1073,.T.);
#2641=EDGE_CURVE('',#2150,#2153,#1831,.T.);
#2642=EDGE_CURVE('',#2149,#2047,#1832,.T.);
#2643=EDGE_CURVE('',#2152,#2046,#1074,.T.);
#2644=EDGE_CURVE('',#2128,#2154,#1075,.T.);
#2645=EDGE_CURVE('',#2037,#2153,#1076,.T.);
#2646=EDGE_CURVE('',#2155,#2036,#1077,.T.);
#2647=EDGE_CURVE('',#2154,#2155,#1833,.T.);
#2648=EDGE_CURVE('',#2126,#2149,#1078,.T.);
#2649=EDGE_CURVE('',#2047,#2125,#1079,.T.);
#2650=EDGE_CURVE('',#2041,#2124,#1080,.T.);
#2651=EDGE_CURVE('',#2127,#2147,#1081,.T.);
#2652=EDGE_CURVE('',#2132,#2123,#1082,.T.);
#2653=EDGE_CURVE('',#2120,#2137,#1083,.T.);
#2654=EDGE_CURVE('',#2133,#2122,#1084,.T.);
#2655=EDGE_CURVE('',#2121,#2135,#1085,.T.);
#2656=EDGE_CURVE('',#2156,#2152,#1086,.T.);
#2657=EDGE_CURVE('',#2156,#2157,#1087,.T.);
#2658=EDGE_CURVE('',#2157,#2056,#1088,.T.);
#2659=EDGE_CURVE('',#2158,#2057,#1089,.T.);
#2660=EDGE_CURVE('',#2158,#2159,#1090,.T.);
#2661=EDGE_CURVE('',#2159,#2131,#1091,.T.);
#2662=EDGE_CURVE('',#2160,#2130,#1092,.T.);
#2663=EDGE_CURVE('',#2161,#2160,#1093,.T.);
#2664=EDGE_CURVE('',#2151,#2161,#1094,.T.);
#2665=EDGE_CURVE('',#2154,#2162,#1095,.T.);
#2666=EDGE_CURVE('',#2163,#2162,#1096,.T.);
#2667=EDGE_CURVE('',#2160,#2163,#1097,.T.);
#2668=EDGE_CURVE('',#2161,#2164,#1098,.T.);
#2669=EDGE_CURVE('',#2038,#2164,#1099,.T.);
#2670=EDGE_CURVE('',#2155,#2165,#1100,.T.);
#2671=EDGE_CURVE('',#2165,#2039,#1101,.T.);
#2672=EDGE_CURVE('',#2162,#2165,#1834,.T.);
#2673=EDGE_CURVE('',#2164,#2163,#1102,.T.);
#2674=EDGE_CURVE('',#2166,#2167,#1103,.T.);
#2675=EDGE_CURVE('',#2168,#2166,#1104,.T.);
#2676=EDGE_CURVE('',#2169,#2168,#1105,.T.);
#2677=EDGE_CURVE('',#2167,#2169,#1106,.T.);
#2678=EDGE_CURVE('',#2170,#2143,#1107,.T.);
#2679=EDGE_CURVE('',#2171,#2170,#1835,.T.);
#2680=EDGE_CURVE('',#2171,#2145,#1108,.T.);
#2681=EDGE_CURVE('',#2172,#2171,#1109,.T.);
#2682=EDGE_CURVE('',#2172,#2146,#1110,.T.);
#2683=EDGE_CURVE('',#2173,#2172,#1836,.T.);
#2684=EDGE_CURVE('',#2173,#2144,#1111,.T.);
#2685=EDGE_CURVE('',#2170,#2173,#1112,.T.);
#2686=EDGE_CURVE('',#2174,#2139,#1113,.T.);
#2687=EDGE_CURVE('',#2175,#2174,#1837,.T.);
#2688=EDGE_CURVE('',#2175,#2141,#1114,.T.);
#2689=EDGE_CURVE('',#2176,#2175,#1115,.T.);
#2690=EDGE_CURVE('',#2176,#2142,#1116,.T.);
#2691=EDGE_CURVE('',#2177,#2176,#1838,.T.);
#2692=EDGE_CURVE('',#2177,#2140,#1117,.T.);
#2693=EDGE_CURVE('',#2174,#2177,#1118,.T.);
#2694=EDGE_CURVE('',#2178,#2179,#1839,.T.);
#2695=EDGE_CURVE('',#2179,#2180,#1119,.T.);
#2696=EDGE_CURVE('',#2180,#2181,#1840,.T.);
#2697=EDGE_CURVE('',#2181,#2182,#1120,.T.);
#2698=EDGE_CURVE('',#2182,#2183,#1841,.T.);
#2699=EDGE_CURVE('',#2183,#2184,#1121,.T.);
#2700=EDGE_CURVE('',#2184,#2185,#1842,.T.);
#2701=EDGE_CURVE('',#2185,#2178,#1122,.T.);
#2702=EDGE_CURVE('',#2186,#2187,#1843,.T.);
#2703=EDGE_CURVE('',#2186,#2188,#1123,.T.);
#2704=EDGE_CURVE('',#2189,#2188,#1844,.T.);
#2705=EDGE_CURVE('',#2190,#2189,#1124,.T.);
#2706=EDGE_CURVE('',#2191,#2190,#1845,.T.);
#2707=EDGE_CURVE('',#2192,#2191,#1125,.T.);
#2708=EDGE_CURVE('',#2193,#2192,#1846,.T.);
#2709=EDGE_CURVE('',#2187,#2193,#1126,.T.);
#2710=EDGE_CURVE('',#2089,#2186,#21,.T.);
#2711=EDGE_CURVE('',#2181,#2187,#1127,.T.);
#2712=EDGE_CURVE('',#2180,#2088,#22,.T.);
#2713=EDGE_CURVE('',#2182,#2193,#1128,.T.);
#2714=EDGE_CURVE('',#2183,#2192,#1129,.T.);
#2715=EDGE_CURVE('',#2184,#2191,#1130,.T.);
#2716=EDGE_CURVE('',#2185,#2190,#1131,.T.);
#2717=EDGE_CURVE('',#2178,#2189,#1132,.T.);
#2718=EDGE_CURVE('',#2188,#2091,#23,.T.);
#2719=EDGE_CURVE('',#2090,#2179,#24,.T.);
#2720=EDGE_CURVE('',#2194,#2195,#1133,.T.);
#2721=EDGE_CURVE('',#2195,#2112,#1134,.T.);
#2722=EDGE_CURVE('',#2113,#2194,#1135,.T.);
#2723=EDGE_CURVE('',#2196,#2197,#1136,.T.);
#2724=EDGE_CURVE('',#2197,#2198,#1137,.T.);
#2725=EDGE_CURVE('',#2198,#2199,#1138,.T.);
#2726=EDGE_CURVE('',#2199,#2196,#1139,.T.);
#2727=EDGE_CURVE('',#2200,#2201,#1140,.T.);
#2728=EDGE_CURVE('',#2201,#2202,#1141,.T.);
#2729=EDGE_CURVE('',#2202,#2203,#1142,.T.);
#2730=EDGE_CURVE('',#2203,#2200,#1143,.T.);
#2731=EDGE_CURVE('',#2204,#2205,#1144,.T.);
#2732=EDGE_CURVE('',#2205,#2117,#1145,.T.);
#2733=EDGE_CURVE('',#2116,#2204,#1146,.T.);
#2734=EDGE_CURVE('',#2114,#2206,#1147,.T.);
#2735=EDGE_CURVE('',#2207,#2206,#1847,.T.);
#2736=EDGE_CURVE('',#2207,#2208,#1148,.T.);
#2737=EDGE_CURVE('',#2208,#2209,#1149,.T.);
#2738=EDGE_CURVE('',#2209,#2115,#1150,.T.);
#2739=EDGE_CURVE('',#2210,#2211,#1848,.T.);
#2740=EDGE_CURVE('',#2210,#2119,#1151,.T.);
#2741=EDGE_CURVE('',#2118,#2212,#1152,.T.);
#2742=EDGE_CURVE('',#2212,#2213,#1153,.T.);
#2743=EDGE_CURVE('',#2213,#2211,#1154,.T.);
#2744=EDGE_CURVE('',#2214,#2215,#1155,.T.);
#2745=EDGE_CURVE('',#2215,#2077,#1156,.T.);
#2746=EDGE_CURVE('',#2076,#2214,#1157,.T.);
#2747=EDGE_CURVE('',#2216,#2217,#1158,.T.);
#2748=EDGE_CURVE('',#2217,#2218,#1159,.T.);
#2749=EDGE_CURVE('',#2218,#2219,#1160,.T.);
#2750=EDGE_CURVE('',#2219,#2216,#1161,.T.);
#2751=EDGE_CURVE('',#2220,#2221,#1162,.T.);
#2752=EDGE_CURVE('',#2221,#2222,#1163,.T.);
#2753=EDGE_CURVE('',#2222,#2223,#1164,.T.);
#2754=EDGE_CURVE('',#2223,#2220,#1165,.T.);
#2755=EDGE_CURVE('',#2224,#2225,#1166,.T.);
#2756=EDGE_CURVE('',#2225,#2073,#1167,.T.);
#2757=EDGE_CURVE('',#2072,#2224,#1168,.T.);
#2758=EDGE_CURVE('',#2226,#2227,#1849,.T.);
#2759=EDGE_CURVE('',#2226,#2070,#1169,.T.);
#2760=EDGE_CURVE('',#2071,#2228,#1170,.T.);
#2761=EDGE_CURVE('',#2228,#2229,#1171,.T.);
#2762=EDGE_CURVE('',#2229,#2227,#1172,.T.);
#2763=EDGE_CURVE('',#2230,#2231,#1173,.T.);
#2764=EDGE_CURVE('',#2231,#2075,#1174,.T.);
#2765=EDGE_CURVE('',#2074,#2232,#1175,.T.);
#2766=EDGE_CURVE('',#2233,#2232,#1850,.T.);
#2767=EDGE_CURVE('',#2233,#2230,#1176,.T.);
#2768=EDGE_CURVE('',#2212,#2205,#1851,.T.);
#2769=EDGE_CURVE('',#2212,#2203,#1852,.T.);
#2770=EDGE_CURVE('',#2203,#2205,#1853,.T.);
#2771=EDGE_CURVE('',#2204,#2209,#1854,.T.);
#2772=EDGE_CURVE('',#2200,#2204,#1855,.T.);
#2773=EDGE_CURVE('',#2213,#2202,#1856,.T.);
#2774=EDGE_CURVE('',#2200,#2209,#1857,.T.);
#2775=EDGE_CURVE('',#2213,#2197,#1858,.T.);
#2776=EDGE_CURVE('',#2197,#2202,#1859,.T.);
#2777=EDGE_CURVE('',#2201,#2208,#1860,.T.);
#2778=EDGE_CURVE('',#2198,#2201,#1861,.T.);
#2779=EDGE_CURVE('',#2211,#2196,#1862,.T.);
#2780=EDGE_CURVE('',#2194,#2210,#1863,.T.);
#2781=EDGE_CURVE('',#2198,#2208,#1864,.T.);
#2782=EDGE_CURVE('',#2194,#2196,#1865,.T.);
#2783=EDGE_CURVE('',#2199,#2207,#1866,.T.);
#2784=EDGE_CURVE('',#2195,#2199,#1867,.T.);
#2785=EDGE_CURVE('',#2195,#2206,#1868,.T.);
#2786=EDGE_CURVE('',#2224,#2226,#1869,.T.);
#2787=EDGE_CURVE('',#2225,#2220,#1870,.T.);
#2788=EDGE_CURVE('',#2221,#2224,#1871,.T.);
#2789=EDGE_CURVE('',#2232,#2225,#1872,.T.);
#2790=EDGE_CURVE('',#2221,#2227,#1873,.T.);
#2791=EDGE_CURVE('',#2233,#2220,#1874,.T.);
#2792=EDGE_CURVE('',#2222,#2229,#1875,.T.);
#2793=EDGE_CURVE('',#2223,#2219,#1876,.T.);
#2794=EDGE_CURVE('',#2216,#2222,#1877,.T.);
#2795=EDGE_CURVE('',#2230,#2223,#1878,.T.);
#2796=EDGE_CURVE('',#2216,#2229,#1879,.T.);
#2797=EDGE_CURVE('',#2230,#2219,#1880,.T.);
#2798=EDGE_CURVE('',#2228,#2215,#1881,.T.);
#2799=EDGE_CURVE('',#2217,#2228,#1882,.T.);
#2800=EDGE_CURVE('',#2231,#2218,#1883,.T.);
#2801=EDGE_CURVE('',#2214,#2231,#1884,.T.);
#2802=EDGE_CURVE('',#2217,#2215,#1885,.T.);
#2803=EDGE_CURVE('',#2214,#2218,#1886,.T.);
#2804=EDGE_CURVE('',#2053,#2234,#1177,.T.);
#2805=EDGE_CURVE('',#2235,#2234,#1887,.T.);
#2806=EDGE_CURVE('',#2052,#2235,#1178,.T.);
#2807=EDGE_CURVE('',#2055,#2236,#1179,.T.);
#2808=EDGE_CURVE('',#2234,#2236,#1180,.T.);
#2809=EDGE_CURVE('',#2054,#2237,#1181,.T.);
#2810=EDGE_CURVE('',#2236,#2237,#1888,.T.);
#2811=EDGE_CURVE('',#2237,#2235,#1182,.T.);
#2812=EDGE_CURVE('',#2049,#2238,#1183,.T.);
#2813=EDGE_CURVE('',#2239,#2238,#1889,.T.);
#2814=EDGE_CURVE('',#2048,#2239,#1184,.T.);
#2815=EDGE_CURVE('',#2051,#2240,#1185,.T.);
#2816=EDGE_CURVE('',#2238,#2240,#1186,.T.);
#2817=EDGE_CURVE('',#2050,#2241,#1187,.T.);
#2818=EDGE_CURVE('',#2240,#2241,#1890,.T.);
#2819=EDGE_CURVE('',#2241,#2239,#1188,.T.);
#2820=EDGE_CURVE('',#2159,#2242,#1189,.T.);
#2821=EDGE_CURVE('',#2242,#2040,#1190,.T.);
#2822=EDGE_CURVE('',#2242,#2243,#1191,.T.);
#2823=EDGE_CURVE('',#2243,#2042,#1192,.T.);
#2824=EDGE_CURVE('',#2243,#2244,#1193,.T.);
#2825=EDGE_CURVE('',#2244,#2043,#1194,.T.);
#2826=EDGE_CURVE('',#2244,#2245,#1195,.T.);
#2827=EDGE_CURVE('',#2245,#2044,#1196,.T.);
#2828=EDGE_CURVE('',#2245,#2246,#1197,.T.);
#2829=EDGE_CURVE('',#2246,#2045,#1198,.T.);
#2830=EDGE_CURVE('',#2246,#2247,#1199,.T.);
#2831=EDGE_CURVE('',#2247,#2046,#1200,.T.);
#2832=EDGE_CURVE('',#2247,#2156,#1201,.T.);
#2833=EDGE_CURVE('',#2157,#2248,#1202,.T.);
#2834=EDGE_CURVE('',#2248,#2058,#1203,.T.);
#2835=EDGE_CURVE('',#2248,#2249,#1204,.T.);
#2836=EDGE_CURVE('',#2249,#2059,#1205,.T.);
#2837=EDGE_CURVE('',#2249,#2158,#1206,.T.);
#2838=EDGE_CURVE('',#2250,#2167,#1207,.T.);
#2839=EDGE_CURVE('',#2251,#2250,#1208,.T.);
#2840=EDGE_CURVE('',#2251,#2166,#1209,.T.);
#2841=EDGE_CURVE('',#2252,#2251,#1210,.T.);
#2842=EDGE_CURVE('',#2252,#2168,#1211,.T.);
#2843=EDGE_CURVE('',#2253,#2252,#1212,.T.);
#2844=EDGE_CURVE('',#2253,#2169,#1213,.T.);
#2845=EDGE_CURVE('',#2250,#2253,#1214,.T.);
#2846=EDGE_CURVE('',#2102,#2083,#1891,.T.);
#2847=EDGE_CURVE('',#2085,#2082,#1892,.T.);
#2848=EDGE_CURVE('',#2086,#2081,#1893,.T.);
#2849=EDGE_CURVE('',#2106,#2080,#1894,.T.);
#2850=EDGE_CURVE('',#2066,#2103,#1895,.T.);
#2851=EDGE_CURVE('',#2067,#2084,#1896,.T.);
#2852=EDGE_CURVE('',#2068,#2087,#1897,.T.);
#2853=EDGE_CURVE('',#2069,#2107,#1898,.T.);
#2854=EDGE_CURVE('',#2254,#2254,#1899,.T.);
#2855=EDGE_CURVE('',#2254,#2255,#1900,.T.);
#2856=EDGE_CURVE('',#2256,#2255,#1901,.T.);
#2857=EDGE_CURVE('',#2255,#2256,#1902,.T.);
#2858=EDGE_CURVE('',#2257,#2257,#1903,.T.);
#2859=EDGE_CURVE('',#2257,#2256,#1215,.T.);
#2860=EDGE_CURVE('',#2258,#2259,#1216,.T.);
#2861=EDGE_CURVE('',#2259,#2260,#1217,.T.);
#2862=EDGE_CURVE('',#2260,#2261,#1218,.T.);
#2863=EDGE_CURVE('',#2261,#2262,#1219,.T.);
#2864=EDGE_CURVE('',#2263,#2262,#1220,.T.);
#2865=EDGE_CURVE('',#2263,#2264,#1221,.T.);
#2866=EDGE_CURVE('',#2265,#2264,#1222,.T.);
#2867=EDGE_CURVE('',#2266,#2265,#1223,.T.);
#2868=EDGE_CURVE('',#2267,#2266,#1224,.T.);
#2869=EDGE_CURVE('',#2268,#2267,#1225,.T.);
#2870=EDGE_CURVE('',#2268,#2269,#1226,.T.);
#2871=EDGE_CURVE('',#2258,#2269,#1227,.T.);
#2872=EDGE_CURVE('',#2270,#2259,#1228,.T.);
#2873=EDGE_CURVE('',#2270,#2271,#1229,.T.);
#2874=EDGE_CURVE('',#2271,#2260,#1230,.T.);
#2875=EDGE_CURVE('',#2271,#2272,#1231,.T.);
#2876=EDGE_CURVE('',#2272,#2261,#1232,.T.);
#2877=EDGE_CURVE('',#2272,#2273,#1233,.T.);
#2878=EDGE_CURVE('',#2273,#2262,#1234,.T.);
#2879=EDGE_CURVE('',#2274,#2273,#1235,.T.);
#2880=EDGE_CURVE('',#2274,#2263,#1236,.T.);
#2881=EDGE_CURVE('',#2274,#2275,#1237,.T.);
#2882=EDGE_CURVE('',#2275,#2264,#1238,.T.);
#2883=EDGE_CURVE('',#2276,#2275,#1239,.T.);
#2884=EDGE_CURVE('',#2276,#2265,#1240,.T.);
#2885=EDGE_CURVE('',#2277,#2276,#1241,.T.);
#2886=EDGE_CURVE('',#2277,#2266,#1242,.T.);
#2887=EDGE_CURVE('',#2278,#2277,#1243,.T.);
#2888=EDGE_CURVE('',#2278,#2267,#1244,.T.);
#2889=EDGE_CURVE('',#2279,#2278,#1245,.T.);
#2890=EDGE_CURVE('',#2279,#2268,#1246,.T.);
#2891=EDGE_CURVE('',#2279,#2280,#1247,.T.);
#2892=EDGE_CURVE('',#2280,#2269,#1248,.T.);
#2893=EDGE_CURVE('',#2281,#2280,#1249,.T.);
#2894=EDGE_CURVE('',#2281,#2258,#1250,.T.);
#2895=EDGE_CURVE('',#2281,#2270,#1251,.T.);
#2896=EDGE_CURVE('',#2282,#2282,#1904,.T.);
#2897=EDGE_CURVE('',#2282,#2283,#1905,.T.);
#2898=EDGE_CURVE('',#2283,#2284,#1906,.T.);
#2899=EDGE_CURVE('',#2284,#2283,#1907,.T.);
#2900=EDGE_CURVE('',#2285,#2285,#1908,.T.);
#2901=EDGE_CURVE('',#2285,#2284,#1252,.T.);
#2902=EDGE_CURVE('',#2286,#2287,#1253,.T.);
#2903=EDGE_CURVE('',#2286,#2288,#1254,.T.);
#2904=EDGE_CURVE('',#2289,#2288,#1255,.T.);
#2905=EDGE_CURVE('',#2289,#2290,#1256,.T.);
#2906=EDGE_CURVE('',#2290,#2291,#1257,.T.);
#2907=EDGE_CURVE('',#2291,#2292,#1258,.T.);
#2908=EDGE_CURVE('',#2292,#2293,#1259,.T.);
#2909=EDGE_CURVE('',#2294,#2293,#1260,.T.);
#2910=EDGE_CURVE('',#2294,#2295,#1261,.T.);
#2911=EDGE_CURVE('',#2296,#2295,#1262,.T.);
#2912=EDGE_CURVE('',#2297,#2296,#1263,.T.);
#2913=EDGE_CURVE('',#2287,#2297,#1264,.T.);
#2914=EDGE_CURVE('',#2298,#2297,#1265,.T.);
#2915=EDGE_CURVE('',#2299,#2298,#1266,.T.);
#2916=EDGE_CURVE('',#2299,#2287,#1267,.T.);
#2917=EDGE_CURVE('',#2300,#2296,#1268,.T.);
#2918=EDGE_CURVE('',#2298,#2300,#1269,.T.);
#2919=EDGE_CURVE('',#2301,#2295,#1270,.T.);
#2920=EDGE_CURVE('',#2300,#2301,#1271,.T.);
#2921=EDGE_CURVE('',#2302,#2294,#1272,.T.);
#2922=EDGE_CURVE('',#2302,#2301,#1273,.T.);
#2923=EDGE_CURVE('',#2303,#2293,#1274,.T.);
#2924=EDGE_CURVE('',#2302,#2303,#1275,.T.);
#2925=EDGE_CURVE('',#2304,#2292,#1276,.T.);
#2926=EDGE_CURVE('',#2304,#2303,#1277,.T.);
#2927=EDGE_CURVE('',#2305,#2291,#1278,.T.);
#2928=EDGE_CURVE('',#2305,#2304,#1279,.T.);
#2929=EDGE_CURVE('',#2306,#2290,#1280,.T.);
#2930=EDGE_CURVE('',#2306,#2305,#1281,.T.);
#2931=EDGE_CURVE('',#2307,#2289,#1282,.T.);
#2932=EDGE_CURVE('',#2307,#2306,#1283,.T.);
#2933=EDGE_CURVE('',#2308,#2288,#1284,.T.);
#2934=EDGE_CURVE('',#2307,#2308,#1285,.T.);
#2935=EDGE_CURVE('',#2309,#2286,#1286,.T.);
#2936=EDGE_CURVE('',#2309,#2308,#1287,.T.);
#2937=EDGE_CURVE('',#2309,#2299,#1288,.T.);
#2938=ORIENTED_EDGE('',*,*,#2310,.T.);
#2939=ORIENTED_EDGE('',*,*,#2311,.T.);
#2940=ORIENTED_EDGE('',*,*,#2312,.F.);
#2941=ORIENTED_EDGE('',*,*,#2311,.F.);
#2942=ORIENTED_EDGE('',*,*,#2313,.F.);
#2943=ORIENTED_EDGE('',*,*,#2314,.T.);
#2944=ORIENTED_EDGE('',*,*,#2315,.T.);
#2945=ORIENTED_EDGE('',*,*,#2316,.F.);
#2946=ORIENTED_EDGE('',*,*,#2317,.T.);
#2947=ORIENTED_EDGE('',*,*,#2318,.T.);
#2948=ORIENTED_EDGE('',*,*,#2319,.T.);
#2949=ORIENTED_EDGE('',*,*,#2320,.F.);
#2950=ORIENTED_EDGE('',*,*,#2321,.T.);
#2951=ORIENTED_EDGE('',*,*,#2322,.T.);
#2952=ORIENTED_EDGE('',*,*,#2323,.T.);
#2953=ORIENTED_EDGE('',*,*,#2314,.F.);
#2954=ORIENTED_EDGE('',*,*,#2322,.F.);
#2955=ORIENTED_EDGE('',*,*,#2324,.T.);
#2956=ORIENTED_EDGE('',*,*,#2316,.T.);
#2957=ORIENTED_EDGE('',*,*,#2325,.F.);
#2958=ORIENTED_EDGE('',*,*,#2318,.F.);
#2959=ORIENTED_EDGE('',*,*,#2326,.T.);
#2960=ORIENTED_EDGE('',*,*,#2320,.T.);
#2961=ORIENTED_EDGE('',*,*,#2327,.F.);
#2962=ORIENTED_EDGE('',*,*,#2321,.F.);
#2963=ORIENTED_EDGE('',*,*,#2326,.F.);
#2964=ORIENTED_EDGE('',*,*,#2317,.F.);
#2965=ORIENTED_EDGE('',*,*,#2324,.F.);
#2966=ORIENTED_EDGE('',*,*,#2312,.T.);
#2967=ORIENTED_EDGE('',*,*,#2313,.T.);
#2968=ORIENTED_EDGE('',*,*,#2327,.T.);
#2969=ORIENTED_EDGE('',*,*,#2319,.F.);
#2970=ORIENTED_EDGE('',*,*,#2325,.T.);
#2971=ORIENTED_EDGE('',*,*,#2315,.F.);
#2972=ORIENTED_EDGE('',*,*,#2323,.F.);
#2973=ORIENTED_EDGE('',*,*,#2310,.F.);
#2974=ORIENTED_EDGE('',*,*,#2328,.F.);
#2975=ORIENTED_EDGE('',*,*,#2329,.T.);
#2976=ORIENTED_EDGE('',*,*,#2330,.T.);
#2977=ORIENTED_EDGE('',*,*,#2329,.F.);
#2978=ORIENTED_EDGE('',*,*,#2331,.T.);
#2979=ORIENTED_EDGE('',*,*,#2332,.T.);
#2980=ORIENTED_EDGE('',*,*,#2333,.F.);
#2981=ORIENTED_EDGE('',*,*,#2334,.F.);
#2982=ORIENTED_EDGE('',*,*,#2335,.F.);
#2983=ORIENTED_EDGE('',*,*,#2336,.T.);
#2984=ORIENTED_EDGE('',*,*,#2337,.F.);
#2985=ORIENTED_EDGE('',*,*,#2338,.F.);
#2986=ORIENTED_EDGE('',*,*,#2339,.F.);
#2987=ORIENTED_EDGE('',*,*,#2340,.T.);
#2988=ORIENTED_EDGE('',*,*,#2341,.F.);
#2989=ORIENTED_EDGE('',*,*,#2332,.F.);
#2990=ORIENTED_EDGE('',*,*,#2334,.T.);
#2991=ORIENTED_EDGE('',*,*,#2342,.T.);
#2992=ORIENTED_EDGE('',*,*,#2340,.F.);
#2993=ORIENTED_EDGE('',*,*,#2343,.F.);
#2994=ORIENTED_EDGE('',*,*,#2338,.T.);
#2995=ORIENTED_EDGE('',*,*,#2344,.T.);
#2996=ORIENTED_EDGE('',*,*,#2336,.F.);
#2997=ORIENTED_EDGE('',*,*,#2345,.F.);
#2998=ORIENTED_EDGE('',*,*,#2335,.T.);
#2999=ORIENTED_EDGE('',*,*,#2343,.T.);
#3000=ORIENTED_EDGE('',*,*,#2339,.T.);
#3001=ORIENTED_EDGE('',*,*,#2345,.T.);
#3002=ORIENTED_EDGE('',*,*,#2330,.F.);
#3003=ORIENTED_EDGE('',*,*,#2331,.F.);
#3004=ORIENTED_EDGE('',*,*,#2344,.F.);
#3005=ORIENTED_EDGE('',*,*,#2337,.T.);
#3006=ORIENTED_EDGE('',*,*,#2342,.F.);
#3007=ORIENTED_EDGE('',*,*,#2333,.T.);
#3008=ORIENTED_EDGE('',*,*,#2341,.T.);
#3009=ORIENTED_EDGE('',*,*,#2328,.T.);
#3010=ORIENTED_EDGE('',*,*,#2346,.T.);
#3011=ORIENTED_EDGE('',*,*,#2347,.F.);
#3012=ORIENTED_EDGE('',*,*,#2348,.F.);
#3013=ORIENTED_EDGE('',*,*,#2349,.T.);
#3014=ORIENTED_EDGE('',*,*,#2350,.T.);
#3015=ORIENTED_EDGE('',*,*,#2351,.F.);
#3016=ORIENTED_EDGE('',*,*,#2352,.F.);
#3017=ORIENTED_EDGE('',*,*,#2347,.T.);
#3018=ORIENTED_EDGE('',*,*,#2353,.T.);
#3019=ORIENTED_EDGE('',*,*,#2354,.F.);
#3020=ORIENTED_EDGE('',*,*,#2355,.F.);
#3021=ORIENTED_EDGE('',*,*,#2351,.T.);
#3022=ORIENTED_EDGE('',*,*,#2356,.T.);
#3023=ORIENTED_EDGE('',*,*,#2349,.F.);
#3024=ORIENTED_EDGE('',*,*,#2357,.F.);
#3025=ORIENTED_EDGE('',*,*,#2354,.T.);
#3026=ORIENTED_EDGE('',*,*,#2346,.F.);
#3027=ORIENTED_EDGE('',*,*,#2356,.F.);
#3028=ORIENTED_EDGE('',*,*,#2353,.F.);
#3029=ORIENTED_EDGE('',*,*,#2350,.F.);
#3030=ORIENTED_EDGE('',*,*,#2357,.T.);
#3031=ORIENTED_EDGE('',*,*,#2348,.T.);
#3032=ORIENTED_EDGE('',*,*,#2352,.T.);
#3033=ORIENTED_EDGE('',*,*,#2355,.T.);
#3034=ORIENTED_EDGE('',*,*,#2358,.F.);
#3035=ORIENTED_EDGE('',*,*,#2359,.F.);
#3036=ORIENTED_EDGE('',*,*,#2360,.F.);
#3037=ORIENTED_EDGE('',*,*,#2361,.F.);
#3038=ORIENTED_EDGE('',*,*,#2362,.F.);
#3039=ORIENTED_EDGE('',*,*,#2363,.F.);
#3040=ORIENTED_EDGE('',*,*,#2359,.T.);
#3041=ORIENTED_EDGE('',*,*,#2364,.T.);
#3042=ORIENTED_EDGE('',*,*,#2365,.F.);
#3043=ORIENTED_EDGE('',*,*,#2364,.F.);
#3044=ORIENTED_EDGE('',*,*,#2358,.T.);
#3045=ORIENTED_EDGE('',*,*,#2366,.T.);
#3046=ORIENTED_EDGE('',*,*,#2367,.F.);
#3047=ORIENTED_EDGE('',*,*,#2366,.F.);
#3048=ORIENTED_EDGE('',*,*,#2361,.T.);
#3049=ORIENTED_EDGE('',*,*,#2368,.T.);
#3050=ORIENTED_EDGE('',*,*,#2369,.F.);
#3051=ORIENTED_EDGE('',*,*,#2368,.F.);
#3052=ORIENTED_EDGE('',*,*,#2360,.T.);
#3053=ORIENTED_EDGE('',*,*,#2363,.T.);
#3054=ORIENTED_EDGE('',*,*,#2362,.T.);
#3055=ORIENTED_EDGE('',*,*,#2365,.T.);
#3056=ORIENTED_EDGE('',*,*,#2367,.T.);
#3057=ORIENTED_EDGE('',*,*,#2369,.T.);
#3058=ORIENTED_EDGE('',*,*,#2370,.T.);
#3059=ORIENTED_EDGE('',*,*,#2371,.F.);
#3060=ORIENTED_EDGE('',*,*,#2372,.F.);
#3061=ORIENTED_EDGE('',*,*,#2373,.T.);
#3062=ORIENTED_EDGE('',*,*,#2374,.T.);
#3063=ORIENTED_EDGE('',*,*,#2375,.F.);
#3064=ORIENTED_EDGE('',*,*,#2376,.F.);
#3065=ORIENTED_EDGE('',*,*,#2371,.T.);
#3066=ORIENTED_EDGE('',*,*,#2377,.T.);
#3067=ORIENTED_EDGE('',*,*,#2378,.F.);
#3068=ORIENTED_EDGE('',*,*,#2379,.F.);
#3069=ORIENTED_EDGE('',*,*,#2375,.T.);
#3070=ORIENTED_EDGE('',*,*,#2380,.T.);
#3071=ORIENTED_EDGE('',*,*,#2373,.F.);
#3072=ORIENTED_EDGE('',*,*,#2381,.F.);
#3073=ORIENTED_EDGE('',*,*,#2378,.T.);
#3074=ORIENTED_EDGE('',*,*,#2372,.T.);
#3075=ORIENTED_EDGE('',*,*,#2376,.T.);
#3076=ORIENTED_EDGE('',*,*,#2379,.T.);
#3077=ORIENTED_EDGE('',*,*,#2381,.T.);
#3078=ORIENTED_EDGE('',*,*,#2370,.F.);
#3079=ORIENTED_EDGE('',*,*,#2380,.F.);
#3080=ORIENTED_EDGE('',*,*,#2377,.F.);
#3081=ORIENTED_EDGE('',*,*,#2374,.F.);
#3082=ORIENTED_EDGE('',*,*,#2382,.T.);
#3083=ORIENTED_EDGE('',*,*,#2383,.F.);
#3084=ORIENTED_EDGE('',*,*,#2384,.F.);
#3085=ORIENTED_EDGE('',*,*,#2385,.T.);
#3086=ORIENTED_EDGE('',*,*,#2386,.T.);
#3087=ORIENTED_EDGE('',*,*,#2387,.F.);
#3088=ORIENTED_EDGE('',*,*,#2388,.F.);
#3089=ORIENTED_EDGE('',*,*,#2383,.T.);
#3090=ORIENTED_EDGE('',*,*,#2389,.T.);
#3091=ORIENTED_EDGE('',*,*,#2390,.F.);
#3092=ORIENTED_EDGE('',*,*,#2391,.F.);
#3093=ORIENTED_EDGE('',*,*,#2387,.T.);
#3094=ORIENTED_EDGE('',*,*,#2392,.T.);
#3095=ORIENTED_EDGE('',*,*,#2385,.F.);
#3096=ORIENTED_EDGE('',*,*,#2393,.F.);
#3097=ORIENTED_EDGE('',*,*,#2390,.T.);
#3098=ORIENTED_EDGE('',*,*,#2384,.T.);
#3099=ORIENTED_EDGE('',*,*,#2388,.T.);
#3100=ORIENTED_EDGE('',*,*,#2391,.T.);
#3101=ORIENTED_EDGE('',*,*,#2393,.T.);
#3102=ORIENTED_EDGE('',*,*,#2382,.F.);
#3103=ORIENTED_EDGE('',*,*,#2392,.F.);
#3104=ORIENTED_EDGE('',*,*,#2389,.F.);
#3105=ORIENTED_EDGE('',*,*,#2386,.F.);
#3106=ORIENTED_EDGE('',*,*,#2394,.T.);
#3107=ORIENTED_EDGE('',*,*,#2395,.F.);
#3108=ORIENTED_EDGE('',*,*,#2396,.F.);
#3109=ORIENTED_EDGE('',*,*,#2397,.T.);
#3110=ORIENTED_EDGE('',*,*,#2398,.T.);
#3111=ORIENTED_EDGE('',*,*,#2399,.F.);
#3112=ORIENTED_EDGE('',*,*,#2400,.F.);
#3113=ORIENTED_EDGE('',*,*,#2395,.T.);
#3114=ORIENTED_EDGE('',*,*,#2401,.T.);
#3115=ORIENTED_EDGE('',*,*,#2402,.F.);
#3116=ORIENTED_EDGE('',*,*,#2403,.F.);
#3117=ORIENTED_EDGE('',*,*,#2399,.T.);
#3118=ORIENTED_EDGE('',*,*,#2404,.T.);
#3119=ORIENTED_EDGE('',*,*,#2397,.F.);
#3120=ORIENTED_EDGE('',*,*,#2405,.F.);
#3121=ORIENTED_EDGE('',*,*,#2402,.T.);
#3122=ORIENTED_EDGE('',*,*,#2396,.T.);
#3123=ORIENTED_EDGE('',*,*,#2400,.T.);
#3124=ORIENTED_EDGE('',*,*,#2403,.T.);
#3125=ORIENTED_EDGE('',*,*,#2405,.T.);
#3126=ORIENTED_EDGE('',*,*,#2394,.F.);
#3127=ORIENTED_EDGE('',*,*,#2404,.F.);
#3128=ORIENTED_EDGE('',*,*,#2401,.F.);
#3129=ORIENTED_EDGE('',*,*,#2398,.F.);
#3130=ORIENTED_EDGE('',*,*,#2406,.T.);
#3131=ORIENTED_EDGE('',*,*,#2407,.F.);
#3132=ORIENTED_EDGE('',*,*,#2408,.F.);
#3133=ORIENTED_EDGE('',*,*,#2409,.T.);
#3134=ORIENTED_EDGE('',*,*,#2410,.T.);
#3135=ORIENTED_EDGE('',*,*,#2411,.F.);
#3136=ORIENTED_EDGE('',*,*,#2412,.F.);
#3137=ORIENTED_EDGE('',*,*,#2407,.T.);
#3138=ORIENTED_EDGE('',*,*,#2413,.T.);
#3139=ORIENTED_EDGE('',*,*,#2414,.F.);
#3140=ORIENTED_EDGE('',*,*,#2415,.F.);
#3141=ORIENTED_EDGE('',*,*,#2411,.T.);
#3142=ORIENTED_EDGE('',*,*,#2416,.T.);
#3143=ORIENTED_EDGE('',*,*,#2409,.F.);
#3144=ORIENTED_EDGE('',*,*,#2417,.F.);
#3145=ORIENTED_EDGE('',*,*,#2414,.T.);
#3146=ORIENTED_EDGE('',*,*,#2408,.T.);
#3147=ORIENTED_EDGE('',*,*,#2412,.T.);
#3148=ORIENTED_EDGE('',*,*,#2415,.T.);
#3149=ORIENTED_EDGE('',*,*,#2417,.T.);
#3150=ORIENTED_EDGE('',*,*,#2406,.F.);
#3151=ORIENTED_EDGE('',*,*,#2416,.F.);
#3152=ORIENTED_EDGE('',*,*,#2413,.F.);
#3153=ORIENTED_EDGE('',*,*,#2410,.F.);
#3154=ORIENTED_EDGE('',*,*,#2418,.T.);
#3155=ORIENTED_EDGE('',*,*,#2419,.F.);
#3156=ORIENTED_EDGE('',*,*,#2420,.F.);
#3157=ORIENTED_EDGE('',*,*,#2421,.T.);
#3158=ORIENTED_EDGE('',*,*,#2422,.T.);
#3159=ORIENTED_EDGE('',*,*,#2423,.F.);
#3160=ORIENTED_EDGE('',*,*,#2424,.F.);
#3161=ORIENTED_EDGE('',*,*,#2419,.T.);
#3162=ORIENTED_EDGE('',*,*,#2425,.T.);
#3163=ORIENTED_EDGE('',*,*,#2426,.F.);
#3164=ORIENTED_EDGE('',*,*,#2427,.F.);
#3165=ORIENTED_EDGE('',*,*,#2423,.T.);
#3166=ORIENTED_EDGE('',*,*,#2428,.T.);
#3167=ORIENTED_EDGE('',*,*,#2421,.F.);
#3168=ORIENTED_EDGE('',*,*,#2429,.F.);
#3169=ORIENTED_EDGE('',*,*,#2426,.T.);
#3170=ORIENTED_EDGE('',*,*,#2420,.T.);
#3171=ORIENTED_EDGE('',*,*,#2424,.T.);
#3172=ORIENTED_EDGE('',*,*,#2427,.T.);
#3173=ORIENTED_EDGE('',*,*,#2429,.T.);
#3174=ORIENTED_EDGE('',*,*,#2418,.F.);
#3175=ORIENTED_EDGE('',*,*,#2428,.F.);
#3176=ORIENTED_EDGE('',*,*,#2425,.F.);
#3177=ORIENTED_EDGE('',*,*,#2422,.F.);
#3178=ORIENTED_EDGE('',*,*,#2430,.T.);
#3179=ORIENTED_EDGE('',*,*,#2431,.F.);
#3180=ORIENTED_EDGE('',*,*,#2432,.F.);
#3181=ORIENTED_EDGE('',*,*,#2433,.T.);
#3182=ORIENTED_EDGE('',*,*,#2434,.T.);
#3183=ORIENTED_EDGE('',*,*,#2435,.F.);
#3184=ORIENTED_EDGE('',*,*,#2436,.F.);
#3185=ORIENTED_EDGE('',*,*,#2431,.T.);
#3186=ORIENTED_EDGE('',*,*,#2437,.T.);
#3187=ORIENTED_EDGE('',*,*,#2438,.F.);
#3188=ORIENTED_EDGE('',*,*,#2439,.F.);
#3189=ORIENTED_EDGE('',*,*,#2435,.T.);
#3190=ORIENTED_EDGE('',*,*,#2440,.T.);
#3191=ORIENTED_EDGE('',*,*,#2433,.F.);
#3192=ORIENTED_EDGE('',*,*,#2441,.F.);
#3193=ORIENTED_EDGE('',*,*,#2438,.T.);
#3194=ORIENTED_EDGE('',*,*,#2432,.T.);
#3195=ORIENTED_EDGE('',*,*,#2436,.T.);
#3196=ORIENTED_EDGE('',*,*,#2439,.T.);
#3197=ORIENTED_EDGE('',*,*,#2441,.T.);
#3198=ORIENTED_EDGE('',*,*,#2430,.F.);
#3199=ORIENTED_EDGE('',*,*,#2440,.F.);
#3200=ORIENTED_EDGE('',*,*,#2437,.F.);
#3201=ORIENTED_EDGE('',*,*,#2434,.F.);
#3202=ORIENTED_EDGE('',*,*,#2442,.F.);
#3203=ORIENTED_EDGE('',*,*,#2443,.T.);
#3204=ORIENTED_EDGE('',*,*,#2444,.T.);
#3205=ORIENTED_EDGE('',*,*,#2443,.F.);
#3206=ORIENTED_EDGE('',*,*,#2445,.F.);
#3207=ORIENTED_EDGE('',*,*,#2446,.T.);
#3208=ORIENTED_EDGE('',*,*,#2447,.T.);
#3209=ORIENTED_EDGE('',*,*,#2448,.T.);
#3210=ORIENTED_EDGE('',*,*,#2446,.F.);
#3211=ORIENTED_EDGE('',*,*,#2449,.T.);
#3212=ORIENTED_EDGE('',*,*,#2450,.T.);
#3213=ORIENTED_EDGE('',*,*,#2451,.F.);
#3214=ORIENTED_EDGE('',*,*,#2450,.F.);
#3215=ORIENTED_EDGE('',*,*,#2452,.T.);
#3216=ORIENTED_EDGE('',*,*,#2453,.T.);
#3217=ORIENTED_EDGE('',*,*,#2454,.F.);
#3218=ORIENTED_EDGE('',*,*,#2453,.F.);
#3219=ORIENTED_EDGE('',*,*,#2455,.T.);
#3220=ORIENTED_EDGE('',*,*,#2456,.T.);
#3221=ORIENTED_EDGE('',*,*,#2457,.F.);
#3222=ORIENTED_EDGE('',*,*,#2456,.F.);
#3223=ORIENTED_EDGE('',*,*,#2458,.T.);
#3224=ORIENTED_EDGE('',*,*,#2459,.T.);
#3225=ORIENTED_EDGE('',*,*,#2460,.F.);
#3226=ORIENTED_EDGE('',*,*,#2459,.F.);
#3227=ORIENTED_EDGE('',*,*,#2461,.F.);
#3228=ORIENTED_EDGE('',*,*,#2462,.T.);
#3229=ORIENTED_EDGE('',*,*,#2463,.T.);
#3230=ORIENTED_EDGE('',*,*,#2462,.F.);
#3231=ORIENTED_EDGE('',*,*,#2464,.T.);
#3232=ORIENTED_EDGE('',*,*,#2465,.T.);
#3233=ORIENTED_EDGE('',*,*,#2466,.F.);
#3234=ORIENTED_EDGE('',*,*,#2465,.F.);
#3235=ORIENTED_EDGE('',*,*,#2467,.T.);
#3236=ORIENTED_EDGE('',*,*,#2468,.T.);
#3237=ORIENTED_EDGE('',*,*,#2469,.F.);
#3238=ORIENTED_EDGE('',*,*,#2468,.F.);
#3239=ORIENTED_EDGE('',*,*,#2470,.T.);
#3240=ORIENTED_EDGE('',*,*,#2471,.T.);
#3241=ORIENTED_EDGE('',*,*,#2472,.T.);
#3242=ORIENTED_EDGE('',*,*,#2473,.F.);
#3243=ORIENTED_EDGE('',*,*,#2474,.T.);
#3244=ORIENTED_EDGE('',*,*,#2475,.T.);
#3245=ORIENTED_EDGE('',*,*,#2476,.T.);
#3246=ORIENTED_EDGE('',*,*,#2471,.F.);
#3247=ORIENTED_EDGE('',*,*,#2477,.F.);
#3248=ORIENTED_EDGE('',*,*,#2473,.T.);
#3249=ORIENTED_EDGE('',*,*,#2478,.T.);
#3250=ORIENTED_EDGE('',*,*,#2475,.F.);
#3251=ORIENTED_EDGE('',*,*,#2479,.T.);
#3252=ORIENTED_EDGE('',*,*,#2480,.T.);
#3253=ORIENTED_EDGE('',*,*,#2481,.F.);
#3254=ORIENTED_EDGE('',*,*,#2482,.F.);
#3255=ORIENTED_EDGE('',*,*,#2483,.T.);
#3256=ORIENTED_EDGE('',*,*,#2484,.T.);
#3257=ORIENTED_EDGE('',*,*,#2485,.F.);
#3258=ORIENTED_EDGE('',*,*,#2480,.F.);
#3259=ORIENTED_EDGE('',*,*,#2486,.T.);
#3260=ORIENTED_EDGE('',*,*,#2482,.T.);
#3261=ORIENTED_EDGE('',*,*,#2487,.F.);
#3262=ORIENTED_EDGE('',*,*,#2484,.F.);
#3263=ORIENTED_EDGE('',*,*,#2488,.F.);
#3264=ORIENTED_EDGE('',*,*,#2489,.T.);
#3265=ORIENTED_EDGE('',*,*,#2490,.T.);
#3266=ORIENTED_EDGE('',*,*,#2489,.F.);
#3267=ORIENTED_EDGE('',*,*,#2491,.F.);
#3268=ORIENTED_EDGE('',*,*,#2492,.T.);
#3269=ORIENTED_EDGE('',*,*,#2493,.F.);
#3270=ORIENTED_EDGE('',*,*,#2494,.F.);
#3271=ORIENTED_EDGE('',*,*,#2492,.F.);
#3272=ORIENTED_EDGE('',*,*,#2495,.T.);
#3273=ORIENTED_EDGE('',*,*,#2496,.T.);
#3274=ORIENTED_EDGE('',*,*,#2493,.T.);
#3275=ORIENTED_EDGE('',*,*,#2494,.T.);
#3276=ORIENTED_EDGE('',*,*,#2496,.F.);
#3277=ORIENTED_EDGE('',*,*,#2497,.T.);
#3278=ORIENTED_EDGE('',*,*,#2498,.T.);
#3279=ORIENTED_EDGE('',*,*,#2499,.F.);
#3280=ORIENTED_EDGE('',*,*,#2498,.F.);
#3281=ORIENTED_EDGE('',*,*,#2500,.T.);
#3282=ORIENTED_EDGE('',*,*,#2501,.T.);
#3283=ORIENTED_EDGE('',*,*,#2502,.F.);
#3284=ORIENTED_EDGE('',*,*,#2503,.F.);
#3285=ORIENTED_EDGE('',*,*,#2504,.F.);
#3286=ORIENTED_EDGE('',*,*,#2505,.F.);
#3287=ORIENTED_EDGE('',*,*,#2506,.F.);
#3288=ORIENTED_EDGE('',*,*,#2507,.F.);
#3289=ORIENTED_EDGE('',*,*,#2508,.F.);
#3290=ORIENTED_EDGE('',*,*,#2509,.F.);
#3291=ORIENTED_EDGE('',*,*,#2510,.T.);
#3292=ORIENTED_EDGE('',*,*,#2511,.T.);
#3293=ORIENTED_EDGE('',*,*,#2512,.F.);
#3294=ORIENTED_EDGE('',*,*,#2513,.F.);
#3295=ORIENTED_EDGE('',*,*,#2514,.F.);
#3296=ORIENTED_EDGE('',*,*,#2515,.F.);
#3297=ORIENTED_EDGE('',*,*,#2516,.F.);
#3298=ORIENTED_EDGE('',*,*,#2517,.F.);
#3299=ORIENTED_EDGE('',*,*,#2518,.F.);
#3300=ORIENTED_EDGE('',*,*,#2519,.F.);
#3301=ORIENTED_EDGE('',*,*,#2520,.F.);
#3302=ORIENTED_EDGE('',*,*,#2521,.F.);
#3303=ORIENTED_EDGE('',*,*,#2522,.F.);
#3304=ORIENTED_EDGE('',*,*,#2523,.F.);
#3305=ORIENTED_EDGE('',*,*,#2444,.F.);
#3306=ORIENTED_EDGE('',*,*,#2524,.T.);
#3307=ORIENTED_EDGE('',*,*,#2525,.T.);
#3308=ORIENTED_EDGE('',*,*,#2526,.F.);
#3309=ORIENTED_EDGE('',*,*,#2527,.F.);
#3310=ORIENTED_EDGE('',*,*,#2528,.T.);
#3311=ORIENTED_EDGE('',*,*,#2529,.T.);
#3312=ORIENTED_EDGE('',*,*,#2530,.T.);
#3313=ORIENTED_EDGE('',*,*,#2447,.F.);
#3314=ORIENTED_EDGE('',*,*,#2448,.F.);
#3315=ORIENTED_EDGE('',*,*,#2531,.T.);
#3316=ORIENTED_EDGE('',*,*,#2532,.T.);
#3317=ORIENTED_EDGE('',*,*,#2533,.T.);
#3318=ORIENTED_EDGE('',*,*,#2534,.T.);
#3319=ORIENTED_EDGE('',*,*,#2535,.T.);
#3320=ORIENTED_EDGE('',*,*,#2536,.F.);
#3321=ORIENTED_EDGE('',*,*,#2537,.T.);
#3322=ORIENTED_EDGE('',*,*,#2538,.T.);
#3323=ORIENTED_EDGE('',*,*,#2539,.T.);
#3324=ORIENTED_EDGE('',*,*,#2540,.T.);
#3325=ORIENTED_EDGE('',*,*,#2541,.T.);
#3326=ORIENTED_EDGE('',*,*,#2542,.F.);
#3327=ORIENTED_EDGE('',*,*,#2543,.T.);
#3328=ORIENTED_EDGE('',*,*,#2449,.F.);
#3329=ORIENTED_EDGE('',*,*,#2479,.F.);
#3330=ORIENTED_EDGE('',*,*,#2470,.F.);
#3331=ORIENTED_EDGE('',*,*,#2452,.F.);
#3332=ORIENTED_EDGE('',*,*,#2544,.F.);
#3333=ORIENTED_EDGE('',*,*,#2545,.T.);
#3334=ORIENTED_EDGE('',*,*,#2546,.T.);
#3335=ORIENTED_EDGE('',*,*,#2547,.T.);
#3336=ORIENTED_EDGE('',*,*,#2548,.T.);
#3337=ORIENTED_EDGE('',*,*,#2549,.T.);
#3338=ORIENTED_EDGE('',*,*,#2481,.T.);
#3339=ORIENTED_EDGE('',*,*,#2485,.T.);
#3340=ORIENTED_EDGE('',*,*,#2487,.T.);
#3341=ORIENTED_EDGE('',*,*,#2466,.T.);
#3342=ORIENTED_EDGE('',*,*,#2455,.F.);
#3343=ORIENTED_EDGE('',*,*,#2463,.F.);
#3344=ORIENTED_EDGE('',*,*,#2469,.T.);
#3345=ORIENTED_EDGE('',*,*,#2478,.F.);
#3346=ORIENTED_EDGE('',*,*,#2472,.F.);
#3347=ORIENTED_EDGE('',*,*,#2476,.F.);
#3348=ORIENTED_EDGE('',*,*,#2490,.F.);
#3349=ORIENTED_EDGE('',*,*,#2495,.F.);
#3350=ORIENTED_EDGE('',*,*,#2550,.T.);
#3351=ORIENTED_EDGE('',*,*,#2551,.T.);
#3352=ORIENTED_EDGE('',*,*,#2552,.F.);
#3353=ORIENTED_EDGE('',*,*,#2553,.T.);
#3354=ORIENTED_EDGE('',*,*,#2554,.F.);
#3355=ORIENTED_EDGE('',*,*,#2555,.T.);
#3356=ORIENTED_EDGE('',*,*,#2556,.T.);
#3357=ORIENTED_EDGE('',*,*,#2557,.T.);
#3358=ORIENTED_EDGE('',*,*,#2525,.F.);
#3359=ORIENTED_EDGE('',*,*,#2558,.T.);
#3360=ORIENTED_EDGE('',*,*,#2559,.T.);
#3361=ORIENTED_EDGE('',*,*,#2560,.F.);
#3362=ORIENTED_EDGE('',*,*,#2561,.F.);
#3363=ORIENTED_EDGE('',*,*,#2562,.T.);
#3364=ORIENTED_EDGE('',*,*,#2529,.F.);
#3365=ORIENTED_EDGE('',*,*,#2563,.F.);
#3366=ORIENTED_EDGE('',*,*,#2564,.T.);
#3367=ORIENTED_EDGE('',*,*,#2565,.T.);
#3368=ORIENTED_EDGE('',*,*,#2544,.T.);
#3369=ORIENTED_EDGE('',*,*,#2566,.T.);
#3370=ORIENTED_EDGE('',*,*,#2567,.F.);
#3371=ORIENTED_EDGE('',*,*,#2568,.F.);
#3372=ORIENTED_EDGE('',*,*,#2569,.F.);
#3373=ORIENTED_EDGE('',*,*,#2570,.F.);
#3374=ORIENTED_EDGE('',*,*,#2567,.T.);
#3375=ORIENTED_EDGE('',*,*,#2571,.T.);
#3376=ORIENTED_EDGE('',*,*,#2572,.F.);
#3377=ORIENTED_EDGE('',*,*,#2573,.T.);
#3378=ORIENTED_EDGE('',*,*,#2561,.T.);
#3379=ORIENTED_EDGE('',*,*,#2574,.F.);
#3380=ORIENTED_EDGE('',*,*,#2575,.F.);
#3381=ORIENTED_EDGE('',*,*,#2576,.T.);
#3382=ORIENTED_EDGE('',*,*,#2572,.T.);
#3383=ORIENTED_EDGE('',*,*,#2577,.T.);
#3384=ORIENTED_EDGE('',*,*,#2550,.F.);
#3385=ORIENTED_EDGE('',*,*,#2578,.T.);
#3386=ORIENTED_EDGE('',*,*,#2552,.T.);
#3387=ORIENTED_EDGE('',*,*,#2579,.T.);
#3388=ORIENTED_EDGE('',*,*,#2580,.F.);
#3389=ORIENTED_EDGE('',*,*,#2581,.T.);
#3390=ORIENTED_EDGE('',*,*,#2580,.T.);
#3391=ORIENTED_EDGE('',*,*,#2582,.T.);
#3392=ORIENTED_EDGE('',*,*,#2564,.F.);
#3393=ORIENTED_EDGE('',*,*,#2583,.F.);
#3394=ORIENTED_EDGE('',*,*,#2584,.F.);
#3395=ORIENTED_EDGE('',*,*,#2585,.T.);
#3396=ORIENTED_EDGE('',*,*,#2559,.F.);
#3397=ORIENTED_EDGE('',*,*,#2586,.T.);
#3398=ORIENTED_EDGE('',*,*,#2570,.T.);
#3399=ORIENTED_EDGE('',*,*,#2587,.F.);
#3400=ORIENTED_EDGE('',*,*,#2588,.F.);
#3401=ORIENTED_EDGE('',*,*,#2583,.T.);
#3402=ORIENTED_EDGE('',*,*,#2569,.T.);
#3403=ORIENTED_EDGE('',*,*,#2589,.F.);
#3404=ORIENTED_EDGE('',*,*,#2590,.F.);
#3405=ORIENTED_EDGE('',*,*,#2587,.T.);
#3406=ORIENTED_EDGE('',*,*,#2591,.F.);
#3407=ORIENTED_EDGE('',*,*,#2592,.T.);
#3408=ORIENTED_EDGE('',*,*,#2593,.F.);
#3409=ORIENTED_EDGE('',*,*,#2594,.T.);
#3410=ORIENTED_EDGE('',*,*,#2595,.T.);
#3411=ORIENTED_EDGE('',*,*,#2596,.T.);
#3412=ORIENTED_EDGE('',*,*,#2597,.T.);
#3413=ORIENTED_EDGE('',*,*,#2598,.T.);
#3414=ORIENTED_EDGE('',*,*,#2568,.T.);
#3415=ORIENTED_EDGE('',*,*,#2576,.F.);
#3416=ORIENTED_EDGE('',*,*,#2599,.F.);
#3417=ORIENTED_EDGE('',*,*,#2589,.T.);
#3418=ORIENTED_EDGE('',*,*,#2563,.T.);
#3419=ORIENTED_EDGE('',*,*,#2528,.F.);
#3420=ORIENTED_EDGE('',*,*,#2600,.F.);
#3421=ORIENTED_EDGE('',*,*,#2574,.T.);
#3422=ORIENTED_EDGE('',*,*,#2560,.T.);
#3423=ORIENTED_EDGE('',*,*,#2585,.F.);
#3424=ORIENTED_EDGE('',*,*,#2601,.F.);
#3425=ORIENTED_EDGE('',*,*,#2526,.T.);
#3426=ORIENTED_EDGE('',*,*,#2602,.T.);
#3427=ORIENTED_EDGE('',*,*,#2603,.T.);
#3428=ORIENTED_EDGE('',*,*,#2604,.T.);
#3429=ORIENTED_EDGE('',*,*,#2605,.T.);
#3430=ORIENTED_EDGE('',*,*,#2606,.T.);
#3431=ORIENTED_EDGE('',*,*,#2607,.T.);
#3432=ORIENTED_EDGE('',*,*,#2608,.T.);
#3433=ORIENTED_EDGE('',*,*,#2609,.T.);
#3434=ORIENTED_EDGE('',*,*,#2584,.T.);
#3435=ORIENTED_EDGE('',*,*,#2588,.T.);
#3436=ORIENTED_EDGE('',*,*,#2590,.T.);
#3437=ORIENTED_EDGE('',*,*,#2599,.T.);
#3438=ORIENTED_EDGE('',*,*,#2575,.T.);
#3439=ORIENTED_EDGE('',*,*,#2600,.T.);
#3440=ORIENTED_EDGE('',*,*,#2527,.T.);
#3441=ORIENTED_EDGE('',*,*,#2601,.T.);
#3442=ORIENTED_EDGE('',*,*,#2610,.F.);
#3443=ORIENTED_EDGE('',*,*,#2611,.T.);
#3444=ORIENTED_EDGE('',*,*,#2612,.F.);
#3445=ORIENTED_EDGE('',*,*,#2613,.T.);
#3446=ORIENTED_EDGE('',*,*,#2504,.T.);
#3447=ORIENTED_EDGE('',*,*,#2614,.T.);
#3448=ORIENTED_EDGE('',*,*,#2615,.F.);
#3449=ORIENTED_EDGE('',*,*,#2615,.T.);
#3450=ORIENTED_EDGE('',*,*,#2616,.T.);
#3451=ORIENTED_EDGE('',*,*,#2617,.F.);
#3452=ORIENTED_EDGE('',*,*,#2618,.F.);
#3453=ORIENTED_EDGE('',*,*,#2617,.T.);
#3454=ORIENTED_EDGE('',*,*,#2619,.T.);
#3455=ORIENTED_EDGE('',*,*,#2620,.F.);
#3456=ORIENTED_EDGE('',*,*,#2621,.F.);
#3457=ORIENTED_EDGE('',*,*,#2620,.T.);
#3458=ORIENTED_EDGE('',*,*,#2622,.T.);
#3459=ORIENTED_EDGE('',*,*,#2623,.F.);
#3460=ORIENTED_EDGE('',*,*,#2624,.F.);
#3461=ORIENTED_EDGE('',*,*,#2625,.F.);
#3462=ORIENTED_EDGE('',*,*,#2626,.F.);
#3463=ORIENTED_EDGE('',*,*,#2627,.F.);
#3464=ORIENTED_EDGE('',*,*,#2628,.F.);
#3465=ORIENTED_EDGE('',*,*,#2629,.F.);
#3466=ORIENTED_EDGE('',*,*,#2630,.F.);
#3467=ORIENTED_EDGE('',*,*,#2631,.F.);
#3468=ORIENTED_EDGE('',*,*,#2632,.F.);
#3469=ORIENTED_EDGE('',*,*,#2623,.T.);
#3470=ORIENTED_EDGE('',*,*,#2633,.T.);
#3471=ORIENTED_EDGE('',*,*,#2634,.F.);
#3472=ORIENTED_EDGE('',*,*,#2635,.F.);
#3473=ORIENTED_EDGE('',*,*,#2634,.T.);
#3474=ORIENTED_EDGE('',*,*,#2636,.T.);
#3475=ORIENTED_EDGE('',*,*,#2637,.F.);
#3476=ORIENTED_EDGE('',*,*,#2638,.F.);
#3477=ORIENTED_EDGE('',*,*,#2639,.F.);
#3478=ORIENTED_EDGE('',*,*,#2640,.T.);
#3479=ORIENTED_EDGE('',*,*,#2641,.F.);
#3480=ORIENTED_EDGE('',*,*,#2637,.T.);
#3481=ORIENTED_EDGE('',*,*,#2642,.T.);
#3482=ORIENTED_EDGE('',*,*,#2510,.F.);
#3483=ORIENTED_EDGE('',*,*,#2643,.F.);
#3484=ORIENTED_EDGE('',*,*,#2644,.F.);
#3485=ORIENTED_EDGE('',*,*,#2610,.T.);
#3486=ORIENTED_EDGE('',*,*,#2618,.T.);
#3487=ORIENTED_EDGE('',*,*,#2621,.T.);
#3488=ORIENTED_EDGE('',*,*,#2624,.T.);
#3489=ORIENTED_EDGE('',*,*,#2635,.T.);
#3490=ORIENTED_EDGE('',*,*,#2638,.T.);
#3491=ORIENTED_EDGE('',*,*,#2641,.T.);
#3492=ORIENTED_EDGE('',*,*,#2645,.F.);
#3493=ORIENTED_EDGE('',*,*,#2500,.F.);
#3494=ORIENTED_EDGE('',*,*,#2646,.F.);
#3495=ORIENTED_EDGE('',*,*,#2647,.F.);
#3496=ORIENTED_EDGE('',*,*,#2648,.F.);
#3497=ORIENTED_EDGE('',*,*,#2607,.F.);
#3498=ORIENTED_EDGE('',*,*,#2649,.F.);
#3499=ORIENTED_EDGE('',*,*,#2642,.F.);
#3500=ORIENTED_EDGE('',*,*,#2649,.T.);
#3501=ORIENTED_EDGE('',*,*,#2606,.F.);
#3502=ORIENTED_EDGE('',*,*,#2650,.F.);
#3503=ORIENTED_EDGE('',*,*,#2511,.F.);
#3504=ORIENTED_EDGE('',*,*,#2648,.T.);
#3505=ORIENTED_EDGE('',*,*,#2636,.F.);
#3506=ORIENTED_EDGE('',*,*,#2651,.F.);
#3507=ORIENTED_EDGE('',*,*,#2608,.F.);
#3508=ORIENTED_EDGE('',*,*,#2650,.T.);
#3509=ORIENTED_EDGE('',*,*,#2605,.F.);
#3510=ORIENTED_EDGE('',*,*,#2652,.F.);
#3511=ORIENTED_EDGE('',*,*,#2614,.F.);
#3512=ORIENTED_EDGE('',*,*,#2651,.T.);
#3513=ORIENTED_EDGE('',*,*,#2633,.F.);
#3514=ORIENTED_EDGE('',*,*,#2653,.F.);
#3515=ORIENTED_EDGE('',*,*,#2609,.F.);
#3516=ORIENTED_EDGE('',*,*,#2652,.T.);
#3517=ORIENTED_EDGE('',*,*,#2604,.F.);
#3518=ORIENTED_EDGE('',*,*,#2654,.F.);
#3519=ORIENTED_EDGE('',*,*,#2616,.F.);
#3520=ORIENTED_EDGE('',*,*,#2653,.T.);
#3521=ORIENTED_EDGE('',*,*,#2622,.F.);
#3522=ORIENTED_EDGE('',*,*,#2655,.F.);
#3523=ORIENTED_EDGE('',*,*,#2602,.F.);
#3524=ORIENTED_EDGE('',*,*,#2654,.T.);
#3525=ORIENTED_EDGE('',*,*,#2603,.F.);
#3526=ORIENTED_EDGE('',*,*,#2655,.T.);
#3527=ORIENTED_EDGE('',*,*,#2619,.F.);
#3528=ORIENTED_EDGE('',*,*,#2639,.T.);
#3529=ORIENTED_EDGE('',*,*,#2656,.F.);
#3530=ORIENTED_EDGE('',*,*,#2657,.T.);
#3531=ORIENTED_EDGE('',*,*,#2658,.T.);
#3532=ORIENTED_EDGE('',*,*,#2520,.T.);
#3533=ORIENTED_EDGE('',*,*,#2659,.F.);
#3534=ORIENTED_EDGE('',*,*,#2660,.T.);
#3535=ORIENTED_EDGE('',*,*,#2661,.T.);
#3536=ORIENTED_EDGE('',*,*,#2612,.T.);
#3537=ORIENTED_EDGE('',*,*,#2662,.F.);
#3538=ORIENTED_EDGE('',*,*,#2663,.F.);
#3539=ORIENTED_EDGE('',*,*,#2664,.F.);
#3540=ORIENTED_EDGE('',*,*,#2611,.F.);
#3541=ORIENTED_EDGE('',*,*,#2644,.T.);
#3542=ORIENTED_EDGE('',*,*,#2665,.T.);
#3543=ORIENTED_EDGE('',*,*,#2666,.F.);
#3544=ORIENTED_EDGE('',*,*,#2667,.F.);
#3545=ORIENTED_EDGE('',*,*,#2662,.T.);
#3546=ORIENTED_EDGE('',*,*,#2640,.F.);
#3547=ORIENTED_EDGE('',*,*,#2664,.T.);
#3548=ORIENTED_EDGE('',*,*,#2668,.T.);
#3549=ORIENTED_EDGE('',*,*,#2669,.F.);
#3550=ORIENTED_EDGE('',*,*,#2501,.F.);
#3551=ORIENTED_EDGE('',*,*,#2645,.T.);
#3552=ORIENTED_EDGE('',*,*,#2670,.F.);
#3553=ORIENTED_EDGE('',*,*,#2646,.T.);
#3554=ORIENTED_EDGE('',*,*,#2503,.T.);
#3555=ORIENTED_EDGE('',*,*,#2671,.F.);
#3556=ORIENTED_EDGE('',*,*,#2665,.F.);
#3557=ORIENTED_EDGE('',*,*,#2647,.T.);
#3558=ORIENTED_EDGE('',*,*,#2670,.T.);
#3559=ORIENTED_EDGE('',*,*,#2672,.F.);
#3560=ORIENTED_EDGE('',*,*,#2667,.T.);
#3561=ORIENTED_EDGE('',*,*,#2673,.F.);
#3562=ORIENTED_EDGE('',*,*,#2668,.F.);
#3563=ORIENTED_EDGE('',*,*,#2663,.T.);
#3564=ORIENTED_EDGE('',*,*,#2674,.F.);
#3565=ORIENTED_EDGE('',*,*,#2675,.F.);
#3566=ORIENTED_EDGE('',*,*,#2676,.F.);
#3567=ORIENTED_EDGE('',*,*,#2677,.F.);
#3568=ORIENTED_EDGE('',*,*,#2502,.T.);
#3569=ORIENTED_EDGE('',*,*,#2669,.T.);
#3570=ORIENTED_EDGE('',*,*,#2673,.T.);
#3571=ORIENTED_EDGE('',*,*,#2666,.T.);
#3572=ORIENTED_EDGE('',*,*,#2672,.T.);
#3573=ORIENTED_EDGE('',*,*,#2671,.T.);
#3574=ORIENTED_EDGE('',*,*,#2630,.T.);
#3575=ORIENTED_EDGE('',*,*,#2678,.F.);
#3576=ORIENTED_EDGE('',*,*,#2679,.F.);
#3577=ORIENTED_EDGE('',*,*,#2680,.T.);
#3578=ORIENTED_EDGE('',*,*,#2631,.T.);
#3579=ORIENTED_EDGE('',*,*,#2680,.F.);
#3580=ORIENTED_EDGE('',*,*,#2681,.F.);
#3581=ORIENTED_EDGE('',*,*,#2682,.T.);
#3582=ORIENTED_EDGE('',*,*,#2632,.T.);
#3583=ORIENTED_EDGE('',*,*,#2682,.F.);
#3584=ORIENTED_EDGE('',*,*,#2683,.F.);
#3585=ORIENTED_EDGE('',*,*,#2684,.T.);
#3586=ORIENTED_EDGE('',*,*,#2629,.T.);
#3587=ORIENTED_EDGE('',*,*,#2684,.F.);
#3588=ORIENTED_EDGE('',*,*,#2685,.F.);
#3589=ORIENTED_EDGE('',*,*,#2678,.T.);
#3590=ORIENTED_EDGE('',*,*,#2679,.T.);
#3591=ORIENTED_EDGE('',*,*,#2685,.T.);
#3592=ORIENTED_EDGE('',*,*,#2683,.T.);
#3593=ORIENTED_EDGE('',*,*,#2681,.T.);
#3594=ORIENTED_EDGE('',*,*,#2626,.T.);
#3595=ORIENTED_EDGE('',*,*,#2686,.F.);
#3596=ORIENTED_EDGE('',*,*,#2687,.F.);
#3597=ORIENTED_EDGE('',*,*,#2688,.T.);
#3598=ORIENTED_EDGE('',*,*,#2627,.T.);
#3599=ORIENTED_EDGE('',*,*,#2688,.F.);
#3600=ORIENTED_EDGE('',*,*,#2689,.F.);
#3601=ORIENTED_EDGE('',*,*,#2690,.T.);
#3602=ORIENTED_EDGE('',*,*,#2628,.T.);
#3603=ORIENTED_EDGE('',*,*,#2690,.F.);
#3604=ORIENTED_EDGE('',*,*,#2691,.F.);
#3605=ORIENTED_EDGE('',*,*,#2692,.T.);
#3606=ORIENTED_EDGE('',*,*,#2625,.T.);
#3607=ORIENTED_EDGE('',*,*,#2692,.F.);
#3608=ORIENTED_EDGE('',*,*,#2693,.F.);
#3609=ORIENTED_EDGE('',*,*,#2686,.T.);
#3610=ORIENTED_EDGE('',*,*,#2687,.T.);
#3611=ORIENTED_EDGE('',*,*,#2693,.T.);
#3612=ORIENTED_EDGE('',*,*,#2691,.T.);
#3613=ORIENTED_EDGE('',*,*,#2689,.T.);
#3614=ORIENTED_EDGE('',*,*,#2694,.T.);
#3615=ORIENTED_EDGE('',*,*,#2695,.T.);
#3616=ORIENTED_EDGE('',*,*,#2696,.T.);
#3617=ORIENTED_EDGE('',*,*,#2697,.T.);
#3618=ORIENTED_EDGE('',*,*,#2698,.T.);
#3619=ORIENTED_EDGE('',*,*,#2699,.T.);
#3620=ORIENTED_EDGE('',*,*,#2700,.T.);
#3621=ORIENTED_EDGE('',*,*,#2701,.T.);
#3622=ORIENTED_EDGE('',*,*,#2497,.F.);
#3623=ORIENTED_EDGE('',*,*,#2702,.F.);
#3624=ORIENTED_EDGE('',*,*,#2703,.T.);
#3625=ORIENTED_EDGE('',*,*,#2704,.F.);
#3626=ORIENTED_EDGE('',*,*,#2705,.F.);
#3627=ORIENTED_EDGE('',*,*,#2706,.F.);
#3628=ORIENTED_EDGE('',*,*,#2707,.F.);
#3629=ORIENTED_EDGE('',*,*,#2708,.F.);
#3630=ORIENTED_EDGE('',*,*,#2709,.F.);
#3631=ORIENTED_EDGE('',*,*,#2499,.T.);
#3632=ORIENTED_EDGE('',*,*,#2554,.T.);
#3633=ORIENTED_EDGE('',*,*,#2710,.T.);
#3634=ORIENTED_EDGE('',*,*,#2702,.T.);
#3635=ORIENTED_EDGE('',*,*,#2711,.F.);
#3636=ORIENTED_EDGE('',*,*,#2696,.F.);
#3637=ORIENTED_EDGE('',*,*,#2712,.T.);
#3638=ORIENTED_EDGE('',*,*,#2709,.T.);
#3639=ORIENTED_EDGE('',*,*,#2713,.F.);
#3640=ORIENTED_EDGE('',*,*,#2697,.F.);
#3641=ORIENTED_EDGE('',*,*,#2711,.T.);
#3642=ORIENTED_EDGE('',*,*,#2708,.T.);
#3643=ORIENTED_EDGE('',*,*,#2714,.F.);
#3644=ORIENTED_EDGE('',*,*,#2698,.F.);
#3645=ORIENTED_EDGE('',*,*,#2713,.T.);
#3646=ORIENTED_EDGE('',*,*,#2707,.T.);
#3647=ORIENTED_EDGE('',*,*,#2715,.F.);
#3648=ORIENTED_EDGE('',*,*,#2699,.F.);
#3649=ORIENTED_EDGE('',*,*,#2714,.T.);
#3650=ORIENTED_EDGE('',*,*,#2706,.T.);
#3651=ORIENTED_EDGE('',*,*,#2716,.F.);
#3652=ORIENTED_EDGE('',*,*,#2700,.F.);
#3653=ORIENTED_EDGE('',*,*,#2715,.T.);
#3654=ORIENTED_EDGE('',*,*,#2705,.T.);
#3655=ORIENTED_EDGE('',*,*,#2717,.F.);
#3656=ORIENTED_EDGE('',*,*,#2701,.F.);
#3657=ORIENTED_EDGE('',*,*,#2716,.T.);
#3658=ORIENTED_EDGE('',*,*,#2704,.T.);
#3659=ORIENTED_EDGE('',*,*,#2718,.T.);
#3660=ORIENTED_EDGE('',*,*,#2556,.F.);
#3661=ORIENTED_EDGE('',*,*,#2719,.T.);
#3662=ORIENTED_EDGE('',*,*,#2694,.F.);
#3663=ORIENTED_EDGE('',*,*,#2717,.T.);
#3664=ORIENTED_EDGE('',*,*,#2719,.F.);
#3665=ORIENTED_EDGE('',*,*,#2555,.F.);
#3666=ORIENTED_EDGE('',*,*,#2712,.F.);
#3667=ORIENTED_EDGE('',*,*,#2695,.F.);
#3668=ORIENTED_EDGE('',*,*,#2718,.F.);
#3669=ORIENTED_EDGE('',*,*,#2703,.F.);
#3670=ORIENTED_EDGE('',*,*,#2710,.F.);
#3671=ORIENTED_EDGE('',*,*,#2557,.F.);
#3672=ORIENTED_EDGE('',*,*,#2491,.T.);
#3673=ORIENTED_EDGE('',*,*,#2488,.T.);
#3674=ORIENTED_EDGE('',*,*,#2483,.F.);
#3675=ORIENTED_EDGE('',*,*,#2486,.F.);
#3676=ORIENTED_EDGE('',*,*,#2474,.F.);
#3677=ORIENTED_EDGE('',*,*,#2477,.T.);
#3678=ORIENTED_EDGE('',*,*,#2467,.F.);
#3679=ORIENTED_EDGE('',*,*,#2464,.F.);
#3680=ORIENTED_EDGE('',*,*,#2461,.T.);
#3681=ORIENTED_EDGE('',*,*,#2457,.T.);
#3682=ORIENTED_EDGE('',*,*,#2458,.F.);
#3683=ORIENTED_EDGE('',*,*,#2720,.T.);
#3684=ORIENTED_EDGE('',*,*,#2721,.T.);
#3685=ORIENTED_EDGE('',*,*,#2591,.T.);
#3686=ORIENTED_EDGE('',*,*,#2722,.T.);
#3687=ORIENTED_EDGE('',*,*,#2723,.T.);
#3688=ORIENTED_EDGE('',*,*,#2724,.T.);
#3689=ORIENTED_EDGE('',*,*,#2725,.T.);
#3690=ORIENTED_EDGE('',*,*,#2726,.T.);
#3691=ORIENTED_EDGE('',*,*,#2727,.T.);
#3692=ORIENTED_EDGE('',*,*,#2728,.T.);
#3693=ORIENTED_EDGE('',*,*,#2729,.T.);
#3694=ORIENTED_EDGE('',*,*,#2730,.T.);
#3695=ORIENTED_EDGE('',*,*,#2731,.T.);
#3696=ORIENTED_EDGE('',*,*,#2732,.T.);
#3697=ORIENTED_EDGE('',*,*,#2595,.F.);
#3698=ORIENTED_EDGE('',*,*,#2733,.T.);
#3699=ORIENTED_EDGE('',*,*,#2593,.T.);
#3700=ORIENTED_EDGE('',*,*,#2734,.T.);
#3701=ORIENTED_EDGE('',*,*,#2735,.F.);
#3702=ORIENTED_EDGE('',*,*,#2736,.T.);
#3703=ORIENTED_EDGE('',*,*,#2737,.T.);
#3704=ORIENTED_EDGE('',*,*,#2738,.T.);
#3705=ORIENTED_EDGE('',*,*,#2739,.F.);
#3706=ORIENTED_EDGE('',*,*,#2740,.T.);
#3707=ORIENTED_EDGE('',*,*,#2597,.F.);
#3708=ORIENTED_EDGE('',*,*,#2741,.T.);
#3709=ORIENTED_EDGE('',*,*,#2742,.T.);
#3710=ORIENTED_EDGE('',*,*,#2743,.T.);
#3711=ORIENTED_EDGE('',*,*,#2744,.T.);
#3712=ORIENTED_EDGE('',*,*,#2745,.T.);
#3713=ORIENTED_EDGE('',*,*,#2542,.T.);
#3714=ORIENTED_EDGE('',*,*,#2746,.T.);
#3715=ORIENTED_EDGE('',*,*,#2747,.T.);
#3716=ORIENTED_EDGE('',*,*,#2748,.T.);
#3717=ORIENTED_EDGE('',*,*,#2749,.T.);
#3718=ORIENTED_EDGE('',*,*,#2750,.T.);
#3719=ORIENTED_EDGE('',*,*,#2751,.T.);
#3720=ORIENTED_EDGE('',*,*,#2752,.T.);
#3721=ORIENTED_EDGE('',*,*,#2753,.T.);
#3722=ORIENTED_EDGE('',*,*,#2754,.T.);
#3723=ORIENTED_EDGE('',*,*,#2755,.T.);
#3724=ORIENTED_EDGE('',*,*,#2756,.T.);
#3725=ORIENTED_EDGE('',*,*,#2538,.F.);
#3726=ORIENTED_EDGE('',*,*,#2757,.T.);
#3727=ORIENTED_EDGE('',*,*,#2758,.F.);
#3728=ORIENTED_EDGE('',*,*,#2759,.T.);
#3729=ORIENTED_EDGE('',*,*,#2536,.T.);
#3730=ORIENTED_EDGE('',*,*,#2760,.T.);
#3731=ORIENTED_EDGE('',*,*,#2761,.T.);
#3732=ORIENTED_EDGE('',*,*,#2762,.T.);
#3733=ORIENTED_EDGE('',*,*,#2763,.T.);
#3734=ORIENTED_EDGE('',*,*,#2764,.T.);
#3735=ORIENTED_EDGE('',*,*,#2540,.F.);
#3736=ORIENTED_EDGE('',*,*,#2765,.T.);
#3737=ORIENTED_EDGE('',*,*,#2766,.F.);
#3738=ORIENTED_EDGE('',*,*,#2767,.T.);
#3739=ORIENTED_EDGE('',*,*,#2768,.F.);
#3740=ORIENTED_EDGE('',*,*,#2741,.F.);
#3741=ORIENTED_EDGE('',*,*,#2596,.F.);
#3742=ORIENTED_EDGE('',*,*,#2732,.F.);
#3743=ORIENTED_EDGE('',*,*,#2769,.F.);
#3744=ORIENTED_EDGE('',*,*,#2768,.T.);
#3745=ORIENTED_EDGE('',*,*,#2770,.F.);
#3746=ORIENTED_EDGE('',*,*,#2594,.F.);
#3747=ORIENTED_EDGE('',*,*,#2738,.F.);
#3748=ORIENTED_EDGE('',*,*,#2771,.F.);
#3749=ORIENTED_EDGE('',*,*,#2733,.F.);
#3750=ORIENTED_EDGE('',*,*,#2770,.T.);
#3751=ORIENTED_EDGE('',*,*,#2731,.F.);
#3752=ORIENTED_EDGE('',*,*,#2772,.F.);
#3753=ORIENTED_EDGE('',*,*,#2730,.F.);
#3754=ORIENTED_EDGE('',*,*,#2769,.T.);
#3755=ORIENTED_EDGE('',*,*,#2729,.F.);
#3756=ORIENTED_EDGE('',*,*,#2773,.F.);
#3757=ORIENTED_EDGE('',*,*,#2742,.F.);
#3758=ORIENTED_EDGE('',*,*,#2772,.T.);
#3759=ORIENTED_EDGE('',*,*,#2771,.T.);
#3760=ORIENTED_EDGE('',*,*,#2774,.F.);
#3761=ORIENTED_EDGE('',*,*,#2775,.F.);
#3762=ORIENTED_EDGE('',*,*,#2773,.T.);
#3763=ORIENTED_EDGE('',*,*,#2776,.F.);
#3764=ORIENTED_EDGE('',*,*,#2774,.T.);
#3765=ORIENTED_EDGE('',*,*,#2737,.F.);
#3766=ORIENTED_EDGE('',*,*,#2777,.F.);
#3767=ORIENTED_EDGE('',*,*,#2727,.F.);
#3768=ORIENTED_EDGE('',*,*,#2776,.T.);
#3769=ORIENTED_EDGE('',*,*,#2728,.F.);
#3770=ORIENTED_EDGE('',*,*,#2778,.F.);
#3771=ORIENTED_EDGE('',*,*,#2724,.F.);
#3772=ORIENTED_EDGE('',*,*,#2775,.T.);
#3773=ORIENTED_EDGE('',*,*,#2723,.F.);
#3774=ORIENTED_EDGE('',*,*,#2779,.F.);
#3775=ORIENTED_EDGE('',*,*,#2743,.F.);
#3776=ORIENTED_EDGE('',*,*,#2598,.F.);
#3777=ORIENTED_EDGE('',*,*,#2740,.F.);
#3778=ORIENTED_EDGE('',*,*,#2780,.F.);
#3779=ORIENTED_EDGE('',*,*,#2722,.F.);
#3780=ORIENTED_EDGE('',*,*,#2778,.T.);
#3781=ORIENTED_EDGE('',*,*,#2777,.T.);
#3782=ORIENTED_EDGE('',*,*,#2781,.F.);
#3783=ORIENTED_EDGE('',*,*,#2739,.T.);
#3784=ORIENTED_EDGE('',*,*,#2779,.T.);
#3785=ORIENTED_EDGE('',*,*,#2782,.F.);
#3786=ORIENTED_EDGE('',*,*,#2780,.T.);
#3787=ORIENTED_EDGE('',*,*,#2781,.T.);
#3788=ORIENTED_EDGE('',*,*,#2736,.F.);
#3789=ORIENTED_EDGE('',*,*,#2783,.F.);
#3790=ORIENTED_EDGE('',*,*,#2725,.F.);
#3791=ORIENTED_EDGE('',*,*,#2782,.T.);
#3792=ORIENTED_EDGE('',*,*,#2726,.F.);
#3793=ORIENTED_EDGE('',*,*,#2784,.F.);
#3794=ORIENTED_EDGE('',*,*,#2720,.F.);
#3795=ORIENTED_EDGE('',*,*,#2783,.T.);
#3796=ORIENTED_EDGE('',*,*,#2735,.T.);
#3797=ORIENTED_EDGE('',*,*,#2785,.F.);
#3798=ORIENTED_EDGE('',*,*,#2784,.T.);
#3799=ORIENTED_EDGE('',*,*,#2592,.F.);
#3800=ORIENTED_EDGE('',*,*,#2721,.F.);
#3801=ORIENTED_EDGE('',*,*,#2785,.T.);
#3802=ORIENTED_EDGE('',*,*,#2734,.F.);
#3803=ORIENTED_EDGE('',*,*,#2537,.F.);
#3804=ORIENTED_EDGE('',*,*,#2759,.F.);
#3805=ORIENTED_EDGE('',*,*,#2786,.F.);
#3806=ORIENTED_EDGE('',*,*,#2757,.F.);
#3807=ORIENTED_EDGE('',*,*,#2787,.F.);
#3808=ORIENTED_EDGE('',*,*,#2755,.F.);
#3809=ORIENTED_EDGE('',*,*,#2788,.F.);
#3810=ORIENTED_EDGE('',*,*,#2751,.F.);
#3811=ORIENTED_EDGE('',*,*,#2539,.F.);
#3812=ORIENTED_EDGE('',*,*,#2756,.F.);
#3813=ORIENTED_EDGE('',*,*,#2789,.F.);
#3814=ORIENTED_EDGE('',*,*,#2765,.F.);
#3815=ORIENTED_EDGE('',*,*,#2786,.T.);
#3816=ORIENTED_EDGE('',*,*,#2758,.T.);
#3817=ORIENTED_EDGE('',*,*,#2790,.F.);
#3818=ORIENTED_EDGE('',*,*,#2788,.T.);
#3819=ORIENTED_EDGE('',*,*,#2789,.T.);
#3820=ORIENTED_EDGE('',*,*,#2787,.T.);
#3821=ORIENTED_EDGE('',*,*,#2791,.F.);
#3822=ORIENTED_EDGE('',*,*,#2766,.T.);
#3823=ORIENTED_EDGE('',*,*,#2790,.T.);
#3824=ORIENTED_EDGE('',*,*,#2762,.F.);
#3825=ORIENTED_EDGE('',*,*,#2792,.F.);
#3826=ORIENTED_EDGE('',*,*,#2752,.F.);
#3827=ORIENTED_EDGE('',*,*,#2793,.F.);
#3828=ORIENTED_EDGE('',*,*,#2753,.F.);
#3829=ORIENTED_EDGE('',*,*,#2794,.F.);
#3830=ORIENTED_EDGE('',*,*,#2750,.F.);
#3831=ORIENTED_EDGE('',*,*,#2791,.T.);
#3832=ORIENTED_EDGE('',*,*,#2754,.F.);
#3833=ORIENTED_EDGE('',*,*,#2795,.F.);
#3834=ORIENTED_EDGE('',*,*,#2767,.F.);
#3835=ORIENTED_EDGE('',*,*,#2794,.T.);
#3836=ORIENTED_EDGE('',*,*,#2792,.T.);
#3837=ORIENTED_EDGE('',*,*,#2796,.F.);
#3838=ORIENTED_EDGE('',*,*,#2795,.T.);
#3839=ORIENTED_EDGE('',*,*,#2793,.T.);
#3840=ORIENTED_EDGE('',*,*,#2797,.F.);
#3841=ORIENTED_EDGE('',*,*,#2543,.F.);
#3842=ORIENTED_EDGE('',*,*,#2745,.F.);
#3843=ORIENTED_EDGE('',*,*,#2798,.F.);
#3844=ORIENTED_EDGE('',*,*,#2760,.F.);
#3845=ORIENTED_EDGE('',*,*,#2796,.T.);
#3846=ORIENTED_EDGE('',*,*,#2761,.F.);
#3847=ORIENTED_EDGE('',*,*,#2799,.F.);
#3848=ORIENTED_EDGE('',*,*,#2747,.F.);
#3849=ORIENTED_EDGE('',*,*,#2797,.T.);
#3850=ORIENTED_EDGE('',*,*,#2749,.F.);
#3851=ORIENTED_EDGE('',*,*,#2800,.F.);
#3852=ORIENTED_EDGE('',*,*,#2763,.F.);
#3853=ORIENTED_EDGE('',*,*,#2541,.F.);
#3854=ORIENTED_EDGE('',*,*,#2764,.F.);
#3855=ORIENTED_EDGE('',*,*,#2801,.F.);
#3856=ORIENTED_EDGE('',*,*,#2746,.F.);
#3857=ORIENTED_EDGE('',*,*,#2799,.T.);
#3858=ORIENTED_EDGE('',*,*,#2798,.T.);
#3859=ORIENTED_EDGE('',*,*,#2802,.F.);
#3860=ORIENTED_EDGE('',*,*,#2801,.T.);
#3861=ORIENTED_EDGE('',*,*,#2800,.T.);
#3862=ORIENTED_EDGE('',*,*,#2803,.F.);
#3863=ORIENTED_EDGE('',*,*,#2802,.T.);
#3864=ORIENTED_EDGE('',*,*,#2744,.F.);
#3865=ORIENTED_EDGE('',*,*,#2803,.T.);
#3866=ORIENTED_EDGE('',*,*,#2748,.F.);
#3867=ORIENTED_EDGE('',*,*,#2460,.T.);
#3868=ORIENTED_EDGE('',*,*,#2516,.T.);
#3869=ORIENTED_EDGE('',*,*,#2804,.T.);
#3870=ORIENTED_EDGE('',*,*,#2805,.F.);
#3871=ORIENTED_EDGE('',*,*,#2806,.F.);
#3872=ORIENTED_EDGE('',*,*,#2519,.T.);
#3873=ORIENTED_EDGE('',*,*,#2807,.T.);
#3874=ORIENTED_EDGE('',*,*,#2808,.F.);
#3875=ORIENTED_EDGE('',*,*,#2804,.F.);
#3876=ORIENTED_EDGE('',*,*,#2518,.T.);
#3877=ORIENTED_EDGE('',*,*,#2809,.T.);
#3878=ORIENTED_EDGE('',*,*,#2810,.F.);
#3879=ORIENTED_EDGE('',*,*,#2807,.F.);
#3880=ORIENTED_EDGE('',*,*,#2517,.T.);
#3881=ORIENTED_EDGE('',*,*,#2806,.T.);
#3882=ORIENTED_EDGE('',*,*,#2811,.F.);
#3883=ORIENTED_EDGE('',*,*,#2809,.F.);
#3884=ORIENTED_EDGE('',*,*,#2805,.T.);
#3885=ORIENTED_EDGE('',*,*,#2808,.T.);
#3886=ORIENTED_EDGE('',*,*,#2810,.T.);
#3887=ORIENTED_EDGE('',*,*,#2811,.T.);
#3888=ORIENTED_EDGE('',*,*,#2512,.T.);
#3889=ORIENTED_EDGE('',*,*,#2812,.T.);
#3890=ORIENTED_EDGE('',*,*,#2813,.F.);
#3891=ORIENTED_EDGE('',*,*,#2814,.F.);
#3892=ORIENTED_EDGE('',*,*,#2515,.T.);
#3893=ORIENTED_EDGE('',*,*,#2815,.T.);
#3894=ORIENTED_EDGE('',*,*,#2816,.F.);
#3895=ORIENTED_EDGE('',*,*,#2812,.F.);
#3896=ORIENTED_EDGE('',*,*,#2514,.T.);
#3897=ORIENTED_EDGE('',*,*,#2817,.T.);
#3898=ORIENTED_EDGE('',*,*,#2818,.F.);
#3899=ORIENTED_EDGE('',*,*,#2815,.F.);
#3900=ORIENTED_EDGE('',*,*,#2513,.T.);
#3901=ORIENTED_EDGE('',*,*,#2814,.T.);
#3902=ORIENTED_EDGE('',*,*,#2819,.F.);
#3903=ORIENTED_EDGE('',*,*,#2817,.F.);
#3904=ORIENTED_EDGE('',*,*,#2813,.T.);
#3905=ORIENTED_EDGE('',*,*,#2816,.T.);
#3906=ORIENTED_EDGE('',*,*,#2818,.T.);
#3907=ORIENTED_EDGE('',*,*,#2819,.T.);
#3908=ORIENTED_EDGE('',*,*,#2454,.T.);
#3909=ORIENTED_EDGE('',*,*,#2451,.T.);
#3910=ORIENTED_EDGE('',*,*,#2820,.T.);
#3911=ORIENTED_EDGE('',*,*,#2821,.T.);
#3912=ORIENTED_EDGE('',*,*,#2613,.F.);
#3913=ORIENTED_EDGE('',*,*,#2661,.F.);
#3914=ORIENTED_EDGE('',*,*,#2822,.T.);
#3915=ORIENTED_EDGE('',*,*,#2823,.T.);
#3916=ORIENTED_EDGE('',*,*,#2505,.T.);
#3917=ORIENTED_EDGE('',*,*,#2821,.F.);
#3918=ORIENTED_EDGE('',*,*,#2824,.T.);
#3919=ORIENTED_EDGE('',*,*,#2825,.T.);
#3920=ORIENTED_EDGE('',*,*,#2506,.T.);
#3921=ORIENTED_EDGE('',*,*,#2823,.F.);
#3922=ORIENTED_EDGE('',*,*,#2826,.T.);
#3923=ORIENTED_EDGE('',*,*,#2827,.T.);
#3924=ORIENTED_EDGE('',*,*,#2507,.T.);
#3925=ORIENTED_EDGE('',*,*,#2825,.F.);
#3926=ORIENTED_EDGE('',*,*,#2828,.T.);
#3927=ORIENTED_EDGE('',*,*,#2829,.T.);
#3928=ORIENTED_EDGE('',*,*,#2508,.T.);
#3929=ORIENTED_EDGE('',*,*,#2827,.F.);
#3930=ORIENTED_EDGE('',*,*,#2830,.T.);
#3931=ORIENTED_EDGE('',*,*,#2831,.T.);
#3932=ORIENTED_EDGE('',*,*,#2509,.T.);
#3933=ORIENTED_EDGE('',*,*,#2829,.F.);
#3934=ORIENTED_EDGE('',*,*,#2832,.T.);
#3935=ORIENTED_EDGE('',*,*,#2656,.T.);
#3936=ORIENTED_EDGE('',*,*,#2643,.T.);
#3937=ORIENTED_EDGE('',*,*,#2831,.F.);
#3938=ORIENTED_EDGE('',*,*,#2833,.T.);
#3939=ORIENTED_EDGE('',*,*,#2834,.T.);
#3940=ORIENTED_EDGE('',*,*,#2521,.T.);
#3941=ORIENTED_EDGE('',*,*,#2658,.F.);
#3942=ORIENTED_EDGE('',*,*,#2835,.T.);
#3943=ORIENTED_EDGE('',*,*,#2836,.T.);
#3944=ORIENTED_EDGE('',*,*,#2522,.T.);
#3945=ORIENTED_EDGE('',*,*,#2834,.F.);
#3946=ORIENTED_EDGE('',*,*,#2837,.T.);
#3947=ORIENTED_EDGE('',*,*,#2659,.T.);
#3948=ORIENTED_EDGE('',*,*,#2523,.T.);
#3949=ORIENTED_EDGE('',*,*,#2836,.F.);
#3950=ORIENTED_EDGE('',*,*,#2660,.F.);
#3951=ORIENTED_EDGE('',*,*,#2837,.F.);
#3952=ORIENTED_EDGE('',*,*,#2835,.F.);
#3953=ORIENTED_EDGE('',*,*,#2833,.F.);
#3954=ORIENTED_EDGE('',*,*,#2657,.F.);
#3955=ORIENTED_EDGE('',*,*,#2832,.F.);
#3956=ORIENTED_EDGE('',*,*,#2830,.F.);
#3957=ORIENTED_EDGE('',*,*,#2828,.F.);
#3958=ORIENTED_EDGE('',*,*,#2826,.F.);
#3959=ORIENTED_EDGE('',*,*,#2824,.F.);
#3960=ORIENTED_EDGE('',*,*,#2822,.F.);
#3961=ORIENTED_EDGE('',*,*,#2820,.F.);
#3962=ORIENTED_EDGE('',*,*,#2674,.T.);
#3963=ORIENTED_EDGE('',*,*,#2838,.F.);
#3964=ORIENTED_EDGE('',*,*,#2839,.F.);
#3965=ORIENTED_EDGE('',*,*,#2840,.T.);
#3966=ORIENTED_EDGE('',*,*,#2675,.T.);
#3967=ORIENTED_EDGE('',*,*,#2840,.F.);
#3968=ORIENTED_EDGE('',*,*,#2841,.F.);
#3969=ORIENTED_EDGE('',*,*,#2842,.T.);
#3970=ORIENTED_EDGE('',*,*,#2676,.T.);
#3971=ORIENTED_EDGE('',*,*,#2842,.F.);
#3972=ORIENTED_EDGE('',*,*,#2843,.F.);
#3973=ORIENTED_EDGE('',*,*,#2844,.T.);
#3974=ORIENTED_EDGE('',*,*,#2677,.T.);
#3975=ORIENTED_EDGE('',*,*,#2844,.F.);
#3976=ORIENTED_EDGE('',*,*,#2845,.F.);
#3977=ORIENTED_EDGE('',*,*,#2838,.T.);
#3978=ORIENTED_EDGE('',*,*,#2839,.T.);
#3979=ORIENTED_EDGE('',*,*,#2845,.T.);
#3980=ORIENTED_EDGE('',*,*,#2843,.T.);
#3981=ORIENTED_EDGE('',*,*,#2841,.T.);
#3982=ORIENTED_EDGE('',*,*,#2445,.T.);
#3983=ORIENTED_EDGE('',*,*,#2442,.T.);
#3984=ORIENTED_EDGE('',*,*,#2566,.F.);
#3985=ORIENTED_EDGE('',*,*,#2549,.F.);
#3986=ORIENTED_EDGE('',*,*,#2846,.F.);
#3987=ORIENTED_EDGE('',*,*,#2571,.F.);
#3988=ORIENTED_EDGE('',*,*,#2846,.T.);
#3989=ORIENTED_EDGE('',*,*,#2548,.F.);
#3990=ORIENTED_EDGE('',*,*,#2847,.F.);
#3991=ORIENTED_EDGE('',*,*,#2577,.F.);
#3992=ORIENTED_EDGE('',*,*,#2847,.T.);
#3993=ORIENTED_EDGE('',*,*,#2547,.F.);
#3994=ORIENTED_EDGE('',*,*,#2848,.F.);
#3995=ORIENTED_EDGE('',*,*,#2551,.F.);
#3996=ORIENTED_EDGE('',*,*,#2848,.T.);
#3997=ORIENTED_EDGE('',*,*,#2546,.F.);
#3998=ORIENTED_EDGE('',*,*,#2849,.F.);
#3999=ORIENTED_EDGE('',*,*,#2579,.F.);
#4000=ORIENTED_EDGE('',*,*,#2849,.T.);
#4001=ORIENTED_EDGE('',*,*,#2545,.F.);
#4002=ORIENTED_EDGE('',*,*,#2565,.F.);
#4003=ORIENTED_EDGE('',*,*,#2582,.F.);
#4004=ORIENTED_EDGE('',*,*,#2562,.F.);
#4005=ORIENTED_EDGE('',*,*,#2573,.F.);
#4006=ORIENTED_EDGE('',*,*,#2850,.F.);
#4007=ORIENTED_EDGE('',*,*,#2531,.F.);
#4008=ORIENTED_EDGE('',*,*,#2530,.F.);
#4009=ORIENTED_EDGE('',*,*,#2850,.T.);
#4010=ORIENTED_EDGE('',*,*,#2578,.F.);
#4011=ORIENTED_EDGE('',*,*,#2851,.F.);
#4012=ORIENTED_EDGE('',*,*,#2532,.F.);
#4013=ORIENTED_EDGE('',*,*,#2851,.T.);
#4014=ORIENTED_EDGE('',*,*,#2553,.F.);
#4015=ORIENTED_EDGE('',*,*,#2852,.F.);
#4016=ORIENTED_EDGE('',*,*,#2533,.F.);
#4017=ORIENTED_EDGE('',*,*,#2852,.T.);
#4018=ORIENTED_EDGE('',*,*,#2581,.F.);
#4019=ORIENTED_EDGE('',*,*,#2853,.F.);
#4020=ORIENTED_EDGE('',*,*,#2534,.F.);
#4021=ORIENTED_EDGE('',*,*,#2853,.T.);
#4022=ORIENTED_EDGE('',*,*,#2586,.F.);
#4023=ORIENTED_EDGE('',*,*,#2558,.F.);
#4024=ORIENTED_EDGE('',*,*,#2524,.F.);
#4025=ORIENTED_EDGE('',*,*,#2535,.F.);
#4026=ORIENTED_EDGE('',*,*,#2854,.F.);
#4027=ORIENTED_EDGE('',*,*,#2855,.T.);
#4028=ORIENTED_EDGE('',*,*,#2856,.F.);
#4029=ORIENTED_EDGE('',*,*,#2857,.F.);
#4030=ORIENTED_EDGE('',*,*,#2855,.F.);
#4031=ORIENTED_EDGE('',*,*,#2858,.T.);
#4032=ORIENTED_EDGE('',*,*,#2859,.T.);
#4033=ORIENTED_EDGE('',*,*,#2856,.T.);
#4034=ORIENTED_EDGE('',*,*,#2857,.T.);
#4035=ORIENTED_EDGE('',*,*,#2859,.F.);
#4036=ORIENTED_EDGE('',*,*,#2854,.T.);
#4037=ORIENTED_EDGE('',*,*,#2860,.T.);
#4038=ORIENTED_EDGE('',*,*,#2861,.T.);
#4039=ORIENTED_EDGE('',*,*,#2862,.T.);
#4040=ORIENTED_EDGE('',*,*,#2863,.T.);
#4041=ORIENTED_EDGE('',*,*,#2864,.F.);
#4042=ORIENTED_EDGE('',*,*,#2865,.T.);
#4043=ORIENTED_EDGE('',*,*,#2866,.F.);
#4044=ORIENTED_EDGE('',*,*,#2867,.F.);
#4045=ORIENTED_EDGE('',*,*,#2868,.F.);
#4046=ORIENTED_EDGE('',*,*,#2869,.F.);
#4047=ORIENTED_EDGE('',*,*,#2870,.T.);
#4048=ORIENTED_EDGE('',*,*,#2871,.F.);
#4049=ORIENTED_EDGE('',*,*,#2858,.F.);
#4050=ORIENTED_EDGE('',*,*,#2861,.F.);
#4051=ORIENTED_EDGE('',*,*,#2872,.F.);
#4052=ORIENTED_EDGE('',*,*,#2873,.T.);
#4053=ORIENTED_EDGE('',*,*,#2874,.T.);
#4054=ORIENTED_EDGE('',*,*,#2862,.F.);
#4055=ORIENTED_EDGE('',*,*,#2874,.F.);
#4056=ORIENTED_EDGE('',*,*,#2875,.T.);
#4057=ORIENTED_EDGE('',*,*,#2876,.T.);
#4058=ORIENTED_EDGE('',*,*,#2863,.F.);
#4059=ORIENTED_EDGE('',*,*,#2876,.F.);
#4060=ORIENTED_EDGE('',*,*,#2877,.T.);
#4061=ORIENTED_EDGE('',*,*,#2878,.T.);
#4062=ORIENTED_EDGE('',*,*,#2864,.T.);
#4063=ORIENTED_EDGE('',*,*,#2878,.F.);
#4064=ORIENTED_EDGE('',*,*,#2879,.F.);
#4065=ORIENTED_EDGE('',*,*,#2880,.T.);
#4066=ORIENTED_EDGE('',*,*,#2865,.F.);
#4067=ORIENTED_EDGE('',*,*,#2880,.F.);
#4068=ORIENTED_EDGE('',*,*,#2881,.T.);
#4069=ORIENTED_EDGE('',*,*,#2882,.T.);
#4070=ORIENTED_EDGE('',*,*,#2866,.T.);
#4071=ORIENTED_EDGE('',*,*,#2882,.F.);
#4072=ORIENTED_EDGE('',*,*,#2883,.F.);
#4073=ORIENTED_EDGE('',*,*,#2884,.T.);
#4074=ORIENTED_EDGE('',*,*,#2867,.T.);
#4075=ORIENTED_EDGE('',*,*,#2884,.F.);
#4076=ORIENTED_EDGE('',*,*,#2885,.F.);
#4077=ORIENTED_EDGE('',*,*,#2886,.T.);
#4078=ORIENTED_EDGE('',*,*,#2868,.T.);
#4079=ORIENTED_EDGE('',*,*,#2886,.F.);
#4080=ORIENTED_EDGE('',*,*,#2887,.F.);
#4081=ORIENTED_EDGE('',*,*,#2888,.T.);
#4082=ORIENTED_EDGE('',*,*,#2869,.T.);
#4083=ORIENTED_EDGE('',*,*,#2888,.F.);
#4084=ORIENTED_EDGE('',*,*,#2889,.F.);
#4085=ORIENTED_EDGE('',*,*,#2890,.T.);
#4086=ORIENTED_EDGE('',*,*,#2870,.F.);
#4087=ORIENTED_EDGE('',*,*,#2890,.F.);
#4088=ORIENTED_EDGE('',*,*,#2891,.T.);
#4089=ORIENTED_EDGE('',*,*,#2892,.T.);
#4090=ORIENTED_EDGE('',*,*,#2871,.T.);
#4091=ORIENTED_EDGE('',*,*,#2892,.F.);
#4092=ORIENTED_EDGE('',*,*,#2893,.F.);
#4093=ORIENTED_EDGE('',*,*,#2894,.T.);
#4094=ORIENTED_EDGE('',*,*,#2860,.F.);
#4095=ORIENTED_EDGE('',*,*,#2894,.F.);
#4096=ORIENTED_EDGE('',*,*,#2895,.T.);
#4097=ORIENTED_EDGE('',*,*,#2872,.T.);
#4098=ORIENTED_EDGE('',*,*,#2873,.F.);
#4099=ORIENTED_EDGE('',*,*,#2895,.F.);
#4100=ORIENTED_EDGE('',*,*,#2893,.T.);
#4101=ORIENTED_EDGE('',*,*,#2891,.F.);
#4102=ORIENTED_EDGE('',*,*,#2889,.T.);
#4103=ORIENTED_EDGE('',*,*,#2887,.T.);
#4104=ORIENTED_EDGE('',*,*,#2885,.T.);
#4105=ORIENTED_EDGE('',*,*,#2883,.T.);
#4106=ORIENTED_EDGE('',*,*,#2881,.F.);
#4107=ORIENTED_EDGE('',*,*,#2879,.T.);
#4108=ORIENTED_EDGE('',*,*,#2877,.F.);
#4109=ORIENTED_EDGE('',*,*,#2875,.F.);
#4110=ORIENTED_EDGE('',*,*,#2896,.T.);
#4111=ORIENTED_EDGE('',*,*,#2897,.T.);
#4112=ORIENTED_EDGE('',*,*,#2898,.T.);
#4113=ORIENTED_EDGE('',*,*,#2899,.T.);
#4114=ORIENTED_EDGE('',*,*,#2897,.F.);
#4115=ORIENTED_EDGE('',*,*,#2900,.F.);
#4116=ORIENTED_EDGE('',*,*,#2901,.T.);
#4117=ORIENTED_EDGE('',*,*,#2898,.F.);
#4118=ORIENTED_EDGE('',*,*,#2899,.F.);
#4119=ORIENTED_EDGE('',*,*,#2901,.F.);
#4120=ORIENTED_EDGE('',*,*,#2896,.F.);
#4121=ORIENTED_EDGE('',*,*,#2902,.F.);
#4122=ORIENTED_EDGE('',*,*,#2903,.T.);
#4123=ORIENTED_EDGE('',*,*,#2904,.F.);
#4124=ORIENTED_EDGE('',*,*,#2905,.T.);
#4125=ORIENTED_EDGE('',*,*,#2906,.T.);
#4126=ORIENTED_EDGE('',*,*,#2907,.T.);
#4127=ORIENTED_EDGE('',*,*,#2908,.T.);
#4128=ORIENTED_EDGE('',*,*,#2909,.F.);
#4129=ORIENTED_EDGE('',*,*,#2910,.T.);
#4130=ORIENTED_EDGE('',*,*,#2911,.F.);
#4131=ORIENTED_EDGE('',*,*,#2912,.F.);
#4132=ORIENTED_EDGE('',*,*,#2913,.F.);
#4133=ORIENTED_EDGE('',*,*,#2900,.T.);
#4134=ORIENTED_EDGE('',*,*,#2913,.T.);
#4135=ORIENTED_EDGE('',*,*,#2914,.F.);
#4136=ORIENTED_EDGE('',*,*,#2915,.F.);
#4137=ORIENTED_EDGE('',*,*,#2916,.T.);
#4138=ORIENTED_EDGE('',*,*,#2912,.T.);
#4139=ORIENTED_EDGE('',*,*,#2917,.F.);
#4140=ORIENTED_EDGE('',*,*,#2918,.F.);
#4141=ORIENTED_EDGE('',*,*,#2914,.T.);
#4142=ORIENTED_EDGE('',*,*,#2911,.T.);
#4143=ORIENTED_EDGE('',*,*,#2919,.F.);
#4144=ORIENTED_EDGE('',*,*,#2920,.F.);
#4145=ORIENTED_EDGE('',*,*,#2917,.T.);
#4146=ORIENTED_EDGE('',*,*,#2910,.F.);
#4147=ORIENTED_EDGE('',*,*,#2921,.F.);
#4148=ORIENTED_EDGE('',*,*,#2922,.T.);
#4149=ORIENTED_EDGE('',*,*,#2919,.T.);
#4150=ORIENTED_EDGE('',*,*,#2909,.T.);
#4151=ORIENTED_EDGE('',*,*,#2923,.F.);
#4152=ORIENTED_EDGE('',*,*,#2924,.F.);
#4153=ORIENTED_EDGE('',*,*,#2921,.T.);
#4154=ORIENTED_EDGE('',*,*,#2908,.F.);
#4155=ORIENTED_EDGE('',*,*,#2925,.F.);
#4156=ORIENTED_EDGE('',*,*,#2926,.T.);
#4157=ORIENTED_EDGE('',*,*,#2923,.T.);
#4158=ORIENTED_EDGE('',*,*,#2907,.F.);
#4159=ORIENTED_EDGE('',*,*,#2927,.F.);
#4160=ORIENTED_EDGE('',*,*,#2928,.T.);
#4161=ORIENTED_EDGE('',*,*,#2925,.T.);
#4162=ORIENTED_EDGE('',*,*,#2906,.F.);
#4163=ORIENTED_EDGE('',*,*,#2929,.F.);
#4164=ORIENTED_EDGE('',*,*,#2930,.T.);
#4165=ORIENTED_EDGE('',*,*,#2927,.T.);
#4166=ORIENTED_EDGE('',*,*,#2905,.F.);
#4167=ORIENTED_EDGE('',*,*,#2931,.F.);
#4168=ORIENTED_EDGE('',*,*,#2932,.T.);
#4169=ORIENTED_EDGE('',*,*,#2929,.T.);
#4170=ORIENTED_EDGE('',*,*,#2904,.T.);
#4171=ORIENTED_EDGE('',*,*,#2933,.F.);
#4172=ORIENTED_EDGE('',*,*,#2934,.F.);
#4173=ORIENTED_EDGE('',*,*,#2931,.T.);
#4174=ORIENTED_EDGE('',*,*,#2903,.F.);
#4175=ORIENTED_EDGE('',*,*,#2935,.F.);
#4176=ORIENTED_EDGE('',*,*,#2936,.T.);
#4177=ORIENTED_EDGE('',*,*,#2933,.T.);
#4178=ORIENTED_EDGE('',*,*,#2902,.T.);
#4179=ORIENTED_EDGE('',*,*,#2916,.F.);
#4180=ORIENTED_EDGE('',*,*,#2937,.F.);
#4181=ORIENTED_EDGE('',*,*,#2935,.T.);
#4182=ORIENTED_EDGE('',*,*,#2915,.T.);
#4183=ORIENTED_EDGE('',*,*,#2918,.T.);
#4184=ORIENTED_EDGE('',*,*,#2920,.T.);
#4185=ORIENTED_EDGE('',*,*,#2922,.F.);
#4186=ORIENTED_EDGE('',*,*,#2924,.T.);
#4187=ORIENTED_EDGE('',*,*,#2926,.F.);
#4188=ORIENTED_EDGE('',*,*,#2928,.F.);
#4189=ORIENTED_EDGE('',*,*,#2930,.F.);
#4190=ORIENTED_EDGE('',*,*,#2932,.F.);
#4191=ORIENTED_EDGE('',*,*,#2934,.T.);
#4192=ORIENTED_EDGE('',*,*,#2936,.F.);
#4193=ORIENTED_EDGE('',*,*,#2937,.T.);
#4194=CYLINDRICAL_SURFACE('',#4569,1.25);
#4195=CYLINDRICAL_SURFACE('',#4572,2.7);
#4196=CYLINDRICAL_SURFACE('',#4586,1.25);
#4197=CYLINDRICAL_SURFACE('',#4589,2.7);
#4198=CYLINDRICAL_SURFACE('',#4650,1.1);
#4199=CYLINDRICAL_SURFACE('',#4653,1.1);
#4200=CYLINDRICAL_SURFACE('',#4657,0.999999999999998);
#4201=CYLINDRICAL_SURFACE('',#4660,0.999999999999998);
#4202=CYLINDRICAL_SURFACE('',#4663,3.5);
#4203=CYLINDRICAL_SURFACE('',#4666,2.7);
#4204=CYLINDRICAL_SURFACE('',#4669,0.999999999999998);
#4205=CYLINDRICAL_SURFACE('',#4672,0.999999999999998);
#4206=CYLINDRICAL_SURFACE('',#4675,1.);
#4207=CYLINDRICAL_SURFACE('',#4678,1.54);
#4208=CYLINDRICAL_SURFACE('',#4683,2.15);
#4209=CYLINDRICAL_SURFACE('',#4686,1.54);
#4210=CYLINDRICAL_SURFACE('',#4691,2.15);
#4211=CYLINDRICAL_SURFACE('',#4694,1.);
#4212=CYLINDRICAL_SURFACE('',#4702,1.99);
#4213=CYLINDRICAL_SURFACE('',#4704,1.49500000000001);
#4214=CYLINDRICAL_SURFACE('',#4707,9.6);
#4215=CYLINDRICAL_SURFACE('',#4739,4.5);
#4216=CYLINDRICAL_SURFACE('',#4742,4.5);
#4217=CYLINDRICAL_SURFACE('',#4746,6.);
#4218=CYLINDRICAL_SURFACE('',#4753,6.);
#4219=CYLINDRICAL_SURFACE('',#4755,6.);
#4220=CYLINDRICAL_SURFACE('',#4757,6.);
#4221=CYLINDRICAL_SURFACE('',#4764,7.4);
#4222=CYLINDRICAL_SURFACE('',#4769,7.4);
#4223=CYLINDRICAL_SURFACE('',#4777,7.4);
#4224=CYLINDRICAL_SURFACE('',#4781,7.4);
#4225=CYLINDRICAL_SURFACE('',#4799,9.6);
#4226=CYLINDRICAL_SURFACE('',#4803,1.);
#4227=CYLINDRICAL_SURFACE('',#4806,1.);
#4228=CYLINDRICAL_SURFACE('',#4810,1.);
#4229=CYLINDRICAL_SURFACE('',#4813,1.);
#4230=CYLINDRICAL_SURFACE('',#4827,0.599999999999999);
#4231=CYLINDRICAL_SURFACE('',#4829,0.600000000000002);
#4232=CYLINDRICAL_SURFACE('',#4831,0.600000000000002);
#4233=CYLINDRICAL_SURFACE('',#4833,0.599999999999999);
#4234=CYLINDRICAL_SURFACE('',#4834,0.5);
#4235=CYLINDRICAL_SURFACE('',#4835,0.5);
#4236=CYLINDRICAL_SURFACE('',#4860,0.2);
#4237=CYLINDRICAL_SURFACE('',#4865,0.2);
#4238=CYLINDRICAL_SURFACE('',#4867,0.2);
#4239=CYLINDRICAL_SURFACE('',#4869,0.2);
#4240=CYLINDRICAL_SURFACE('',#4876,0.2);
#4241=CYLINDRICAL_SURFACE('',#4878,0.200000000000001);
#4242=CYLINDRICAL_SURFACE('',#4880,0.2);
#4243=CYLINDRICAL_SURFACE('',#4882,0.200000000000001);
#4244=CYLINDRICAL_SURFACE('',#4888,0.2);
#4245=CYLINDRICAL_SURFACE('',#4890,0.200000000000001);
#4246=CYLINDRICAL_SURFACE('',#4894,0.2);
#4247=CYLINDRICAL_SURFACE('',#4895,0.2);
#4248=CYLINDRICAL_SURFACE('',#4897,0.200000000000001);
#4249=CYLINDRICAL_SURFACE('',#4900,0.2);
#4250=CYLINDRICAL_SURFACE('',#4906,0.2);
#4251=CYLINDRICAL_SURFACE('',#4908,0.200000000000001);
#4252=CYLINDRICAL_SURFACE('',#4911,0.2);
#4253=CYLINDRICAL_SURFACE('',#4917,0.2);
#4254=CYLINDRICAL_SURFACE('',#4919,0.2);
#4255=CYLINDRICAL_SURFACE('',#4921,0.2);
#4256=CYLINDRICAL_SURFACE('',#4923,0.2);
#4257=CYLINDRICAL_SURFACE('',#4929,0.2);
#4258=CYLINDRICAL_SURFACE('',#4931,1.);
#4259=CYLINDRICAL_SURFACE('',#4934,1.);
#4260=CYLINDRICAL_SURFACE('',#4938,1.);
#4261=CYLINDRICAL_SURFACE('',#4941,1.);
#4262=CYLINDRICAL_SURFACE('',#4965,0.3);
#4263=CYLINDRICAL_SURFACE('',#4969,0.300000000000002);
#4264=CYLINDRICAL_SURFACE('',#4973,0.3);
#4265=CYLINDRICAL_SURFACE('',#4974,0.3);
#4266=CYLINDRICAL_SURFACE('',#4978,0.300000000000002);
#4267=CYLINDRICAL_SURFACE('',#4982,0.3);
#4268=CYLINDRICAL_SURFACE('',#4988,1.9);
#4269=CYLINDRICAL_SURFACE('',#5010,1.9);
#4270=ADVANCED_FACE('',(#272),#4194,.F.);
#4271=ADVANCED_FACE('',(#273),#4195,.T.);
#4272=ADVANCED_FACE('',(#274),#97,.F.);
#4273=ADVANCED_FACE('',(#275),#98,.F.);
#4274=ADVANCED_FACE('',(#276,#68),#99,.T.);
#4275=ADVANCED_FACE('',(#277),#100,.F.);
#4276=ADVANCED_FACE('',(#278),#101,.T.);
#4277=ADVANCED_FACE('',(#279),#102,.T.);
#4278=ADVANCED_FACE('',(#280),#103,.T.);
#4279=ADVANCED_FACE('',(#281),#4196,.F.);
#4280=ADVANCED_FACE('',(#282),#4197,.T.);
#4281=ADVANCED_FACE('',(#283),#104,.F.);
#4282=ADVANCED_FACE('',(#284),#105,.F.);
#4283=ADVANCED_FACE('',(#285,#69),#106,.T.);
#4284=ADVANCED_FACE('',(#286),#107,.F.);
#4285=ADVANCED_FACE('',(#287),#108,.T.);
#4286=ADVANCED_FACE('',(#288),#109,.T.);
#4287=ADVANCED_FACE('',(#289),#110,.T.);
#4288=ADVANCED_FACE('',(#290),#111,.F.);
#4289=ADVANCED_FACE('',(#291),#112,.F.);
#4290=ADVANCED_FACE('',(#292),#113,.F.);
#4291=ADVANCED_FACE('',(#293),#114,.F.);
#4292=ADVANCED_FACE('',(#294),#115,.F.);
#4293=ADVANCED_FACE('',(#295,#70),#116,.T.);
#4294=ADVANCED_FACE('',(#296),#117,.T.);
#4295=ADVANCED_FACE('',(#297),#118,.T.);
#4296=ADVANCED_FACE('',(#298),#119,.T.);
#4297=ADVANCED_FACE('',(#299),#120,.T.);
#4298=ADVANCED_FACE('',(#300),#121,.T.);
#4299=ADVANCED_FACE('',(#301),#122,.F.);
#4300=ADVANCED_FACE('',(#302),#123,.F.);
#4301=ADVANCED_FACE('',(#303),#124,.F.);
#4302=ADVANCED_FACE('',(#304),#125,.F.);
#4303=ADVANCED_FACE('',(#305),#126,.F.);
#4304=ADVANCED_FACE('',(#306),#127,.T.);
#4305=ADVANCED_FACE('',(#307),#128,.F.);
#4306=ADVANCED_FACE('',(#308),#129,.F.);
#4307=ADVANCED_FACE('',(#309),#130,.F.);
#4308=ADVANCED_FACE('',(#310),#131,.F.);
#4309=ADVANCED_FACE('',(#311),#132,.T.);
#4310=ADVANCED_FACE('',(#312),#133,.F.);
#4311=ADVANCED_FACE('',(#313),#134,.F.);
#4312=ADVANCED_FACE('',(#314),#135,.F.);
#4313=ADVANCED_FACE('',(#315),#136,.F.);
#4314=ADVANCED_FACE('',(#316),#137,.F.);
#4315=ADVANCED_FACE('',(#317),#138,.T.);
#4316=ADVANCED_FACE('',(#318),#139,.F.);
#4317=ADVANCED_FACE('',(#319),#140,.F.);
#4318=ADVANCED_FACE('',(#320),#141,.F.);
#4319=ADVANCED_FACE('',(#321),#142,.F.);
#4320=ADVANCED_FACE('',(#322),#143,.F.);
#4321=ADVANCED_FACE('',(#323),#144,.T.);
#4322=ADVANCED_FACE('',(#324),#145,.F.);
#4323=ADVANCED_FACE('',(#325),#146,.F.);
#4324=ADVANCED_FACE('',(#326),#147,.F.);
#4325=ADVANCED_FACE('',(#327),#148,.F.);
#4326=ADVANCED_FACE('',(#328),#149,.F.);
#4327=ADVANCED_FACE('',(#329),#150,.T.);
#4328=ADVANCED_FACE('',(#330),#151,.F.);
#4329=ADVANCED_FACE('',(#331),#152,.F.);
#4330=ADVANCED_FACE('',(#332),#153,.F.);
#4331=ADVANCED_FACE('',(#333),#154,.F.);
#4332=ADVANCED_FACE('',(#334),#155,.F.);
#4333=ADVANCED_FACE('',(#335),#156,.T.);
#4334=ADVANCED_FACE('',(#336),#157,.F.);
#4335=ADVANCED_FACE('',(#337),#4198,.F.);
#4336=ADVANCED_FACE('',(#338),#4199,.F.);
#4337=ADVANCED_FACE('',(#339),#4200,.F.);
#4338=ADVANCED_FACE('',(#340),#4201,.F.);
#4339=ADVANCED_FACE('',(#341),#4202,.T.);
#4340=ADVANCED_FACE('',(#342),#4203,.F.);
#4341=ADVANCED_FACE('',(#343),#4204,.F.);
#4342=ADVANCED_FACE('',(#344),#4205,.F.);
#4343=ADVANCED_FACE('',(#345),#4206,.F.);
#4344=ADVANCED_FACE('',(#346),#4207,.F.);
#4345=ADVANCED_FACE('',(#347),#4208,.F.);
#4346=ADVANCED_FACE('',(#348),#4209,.F.);
#4347=ADVANCED_FACE('',(#349),#4210,.F.);
#4348=ADVANCED_FACE('',(#350),#4211,.F.);
#4349=ADVANCED_FACE('',(#351),#33,.T.);
#4350=ADVANCED_FACE('',(#352),#4212,.T.);
#4351=ADVANCED_FACE('',(#353),#4213,.F.);
#4352=ADVANCED_FACE('',(#354),#4214,.T.);
#4353=ADVANCED_FACE('',(#355,#71,#72),#158,.F.);
#4354=ADVANCED_FACE('',(#356),#159,.F.);
#4355=ADVANCED_FACE('',(#357,#73,#74,#75,#76,#77),#160,.F.);
#4356=ADVANCED_FACE('',(#358,#78,#79,#80,#81,#82,#83,#84,#85),#161,.T.);
#4357=ADVANCED_FACE('',(#359,#86),#162,.F.);
#4358=ADVANCED_FACE('',(#360),#163,.F.);
#4359=ADVANCED_FACE('',(#361),#164,.F.);
#4360=ADVANCED_FACE('',(#362),#165,.F.);
#4361=ADVANCED_FACE('',(#363),#166,.F.);
#4362=ADVANCED_FACE('',(#364),#4215,.T.);
#4363=ADVANCED_FACE('',(#365),#4216,.T.);
#4364=ADVANCED_FACE('',(#366),#167,.F.);
#4365=ADVANCED_FACE('',(#367),#4217,.T.);
#4366=ADVANCED_FACE('',(#368,#87),#168,.F.);
#4367=ADVANCED_FACE('',(#369),#4218,.T.);
#4368=ADVANCED_FACE('',(#370),#4219,.T.);
#4369=ADVANCED_FACE('',(#371),#4220,.T.);
#4370=ADVANCED_FACE('',(#372,#88),#169,.F.);
#4371=ADVANCED_FACE('',(#373),#4221,.T.);
#4372=ADVANCED_FACE('',(#374),#170,.F.);
#4373=ADVANCED_FACE('',(#375),#4222,.T.);
#4374=ADVANCED_FACE('',(#376,#89,#90),#171,.F.);
#4375=ADVANCED_FACE('',(#377),#4223,.T.);
#4376=ADVANCED_FACE('',(#378),#172,.F.);
#4377=ADVANCED_FACE('',(#379),#4224,.T.);
#4378=ADVANCED_FACE('',(#380),#173,.T.);
#4379=ADVANCED_FACE('',(#381),#25,.T.);
#4380=ADVANCED_FACE('',(#382),#174,.F.);
#4381=ADVANCED_FACE('',(#383),#175,.F.);
#4382=ADVANCED_FACE('',(#384),#26,.T.);
#4383=ADVANCED_FACE('',(#385),#27,.T.);
#4384=ADVANCED_FACE('',(#386),#176,.F.);
#4385=ADVANCED_FACE('',(#387),#177,.F.);
#4386=ADVANCED_FACE('',(#388),#28,.T.);
#4387=ADVANCED_FACE('',(#389),#178,.F.);
#4388=ADVANCED_FACE('',(#390),#179,.T.);
#4389=ADVANCED_FACE('',(#391),#180,.T.);
#4390=ADVANCED_FACE('',(#392),#181,.T.);
#4391=ADVANCED_FACE('',(#393),#4225,.T.);
#4392=ADVANCED_FACE('',(#394,#91),#182,.T.);
#4393=ADVANCED_FACE('',(#395),#183,.T.);
#4394=ADVANCED_FACE('',(#396),#4226,.F.);
#4395=ADVANCED_FACE('',(#397),#184,.F.);
#4396=ADVANCED_FACE('',(#398),#4227,.F.);
#4397=ADVANCED_FACE('',(#399),#185,.F.);
#4398=ADVANCED_FACE('',(#400),#186,.F.);
#4399=ADVANCED_FACE('',(#401),#4228,.F.);
#4400=ADVANCED_FACE('',(#402),#187,.F.);
#4401=ADVANCED_FACE('',(#403),#4229,.F.);
#4402=ADVANCED_FACE('',(#404),#188,.F.);
#4403=ADVANCED_FACE('',(#405),#189,.T.);
#4404=ADVANCED_FACE('',(#406,#92),#190,.T.);
#4405=ADVANCED_FACE('',(#407,#93),#191,.F.);
#4406=ADVANCED_FACE('',(#408),#4230,.F.);
#4407=ADVANCED_FACE('',(#409),#192,.F.);
#4408=ADVANCED_FACE('',(#410),#4231,.T.);
#4409=ADVANCED_FACE('',(#411),#193,.F.);
#4410=ADVANCED_FACE('',(#412),#4232,.T.);
#4411=ADVANCED_FACE('',(#413),#194,.F.);
#4412=ADVANCED_FACE('',(#414),#4233,.F.);
#4413=ADVANCED_FACE('',(#415),#4234,.F.);
#4414=ADVANCED_FACE('',(#416),#4235,.F.);
#4415=ADVANCED_FACE('',(#417),#195,.T.);
#4416=ADVANCED_FACE('',(#418),#196,.T.);
#4417=ADVANCED_FACE('',(#419),#197,.T.);
#4418=ADVANCED_FACE('',(#420),#198,.T.);
#4419=ADVANCED_FACE('',(#421),#199,.T.);
#4420=ADVANCED_FACE('',(#422),#200,.T.);
#4421=ADVANCED_FACE('',(#423),#201,.T.);
#4422=ADVANCED_FACE('',(#424,#94),#202,.T.);
#4423=ADVANCED_FACE('',(#425),#203,.F.);
#4424=ADVANCED_FACE('',(#426),#204,.F.);
#4425=ADVANCED_FACE('',(#427),#205,.F.);
#4426=ADVANCED_FACE('',(#428),#206,.F.);
#4427=ADVANCED_FACE('',(#429),#207,.T.);
#4428=ADVANCED_FACE('',(#430),#208,.F.);
#4429=ADVANCED_FACE('',(#431),#209,.F.);
#4430=ADVANCED_FACE('',(#432),#210,.F.);
#4431=ADVANCED_FACE('',(#433),#211,.F.);
#4432=ADVANCED_FACE('',(#434),#212,.F.);
#4433=ADVANCED_FACE('',(#435),#213,.F.);
#4434=ADVANCED_FACE('',(#436),#214,.T.);
#4435=ADVANCED_FACE('',(#437),#4236,.T.);
#4436=ADVANCED_FACE('',(#438),#13,.T.);
#4437=ADVANCED_FACE('',(#439),#4237,.T.);
#4438=ADVANCED_FACE('',(#440),#4238,.T.);
#4439=ADVANCED_FACE('',(#441),#4239,.T.);
#4440=ADVANCED_FACE('',(#442),#14,.T.);
#4441=ADVANCED_FACE('',(#443),#15,.T.);
#4442=ADVANCED_FACE('',(#444),#4240,.T.);
#4443=ADVANCED_FACE('',(#445),#4241,.T.);
#4444=ADVANCED_FACE('',(#446),#4242,.T.);
#4445=ADVANCED_FACE('',(#447),#4243,.T.);
#4446=ADVANCED_FACE('',(#448),#16,.T.);
#4447=ADVANCED_FACE('',(#449),#34,.T.);
#4448=ADVANCED_FACE('',(#450),#4244,.T.);
#4449=ADVANCED_FACE('',(#451),#4245,.F.);
#4450=ADVANCED_FACE('',(#452),#35,.T.);
#4451=ADVANCED_FACE('',(#453),#4246,.T.);
#4452=ADVANCED_FACE('',(#454),#4247,.T.);
#4453=ADVANCED_FACE('',(#455),#4248,.F.);
#4454=ADVANCED_FACE('',(#456),#4249,.T.);
#4455=ADVANCED_FACE('',(#457),#36,.T.);
#4456=ADVANCED_FACE('',(#458),#37,.T.);
#4457=ADVANCED_FACE('',(#459),#4250,.T.);
#4458=ADVANCED_FACE('',(#460),#4251,.T.);
#4459=ADVANCED_FACE('',(#461),#4252,.T.);
#4460=ADVANCED_FACE('',(#462),#17,.T.);
#4461=ADVANCED_FACE('',(#463),#18,.T.);
#4462=ADVANCED_FACE('',(#464),#4253,.T.);
#4463=ADVANCED_FACE('',(#465),#4254,.T.);
#4464=ADVANCED_FACE('',(#466),#4255,.T.);
#4465=ADVANCED_FACE('',(#467),#4256,.T.);
#4466=ADVANCED_FACE('',(#468),#19,.T.);
#4467=ADVANCED_FACE('',(#469),#20,.T.);
#4468=ADVANCED_FACE('',(#470),#4257,.T.);
#4469=ADVANCED_FACE('',(#471),#215,.T.);
#4470=ADVANCED_FACE('',(#472),#4258,.F.);
#4471=ADVANCED_FACE('',(#473),#216,.T.);
#4472=ADVANCED_FACE('',(#474),#4259,.F.);
#4473=ADVANCED_FACE('',(#475),#217,.T.);
#4474=ADVANCED_FACE('',(#476),#218,.T.);
#4475=ADVANCED_FACE('',(#477),#4260,.F.);
#4476=ADVANCED_FACE('',(#478),#219,.T.);
#4477=ADVANCED_FACE('',(#479),#4261,.F.);
#4478=ADVANCED_FACE('',(#480),#220,.T.);
#4479=ADVANCED_FACE('',(#481),#221,.T.);
#4480=ADVANCED_FACE('',(#482),#222,.T.);
#4481=ADVANCED_FACE('',(#483),#223,.T.);
#4482=ADVANCED_FACE('',(#484),#224,.F.);
#4483=ADVANCED_FACE('',(#485),#225,.F.);
#4484=ADVANCED_FACE('',(#486),#226,.F.);
#4485=ADVANCED_FACE('',(#487),#227,.F.);
#4486=ADVANCED_FACE('',(#488),#228,.F.);
#4487=ADVANCED_FACE('',(#489),#229,.F.);
#4488=ADVANCED_FACE('',(#490),#230,.F.);
#4489=ADVANCED_FACE('',(#491),#231,.F.);
#4490=ADVANCED_FACE('',(#492),#232,.F.);
#4491=ADVANCED_FACE('',(#493),#233,.F.);
#4492=ADVANCED_FACE('',(#494),#234,.T.);
#4493=ADVANCED_FACE('',(#495),#235,.F.);
#4494=ADVANCED_FACE('',(#496),#236,.F.);
#4495=ADVANCED_FACE('',(#497),#237,.F.);
#4496=ADVANCED_FACE('',(#498),#238,.F.);
#4497=ADVANCED_FACE('',(#499),#239,.F.);
#4498=ADVANCED_FACE('',(#500),#240,.F.);
#4499=ADVANCED_FACE('',(#501),#241,.T.);
#4500=ADVANCED_FACE('',(#502),#4262,.T.);
#4501=ADVANCED_FACE('',(#503),#38,.T.);
#4502=ADVANCED_FACE('',(#504),#4263,.T.);
#4503=ADVANCED_FACE('',(#505),#39,.T.);
#4504=ADVANCED_FACE('',(#506),#4264,.T.);
#4505=ADVANCED_FACE('',(#507),#4265,.T.);
#4506=ADVANCED_FACE('',(#508),#40,.T.);
#4507=ADVANCED_FACE('',(#509),#4266,.T.);
#4508=ADVANCED_FACE('',(#510),#41,.T.);
#4509=ADVANCED_FACE('',(#511),#4267,.T.);
#4510=ADVANCED_FACE('',(#512),#42,.T.);
#4511=ADVANCED_FACE('',(#513),#4268,.T.);
#4512=ADVANCED_FACE('',(#514,#95),#242,.T.);
#4513=ADVANCED_FACE('',(#515),#243,.F.);
#4514=ADVANCED_FACE('',(#516),#244,.T.);
#4515=ADVANCED_FACE('',(#517),#245,.T.);
#4516=ADVANCED_FACE('',(#518),#246,.T.);
#4517=ADVANCED_FACE('',(#519),#247,.F.);
#4518=ADVANCED_FACE('',(#520),#248,.T.);
#4519=ADVANCED_FACE('',(#521),#249,.F.);
#4520=ADVANCED_FACE('',(#522),#250,.F.);
#4521=ADVANCED_FACE('',(#523),#251,.F.);
#4522=ADVANCED_FACE('',(#524),#252,.F.);
#4523=ADVANCED_FACE('',(#525),#253,.T.);
#4524=ADVANCED_FACE('',(#526),#254,.F.);
#4525=ADVANCED_FACE('',(#527),#255,.T.);
#4526=ADVANCED_FACE('',(#528),#256,.T.);
#4527=ADVANCED_FACE('',(#529),#43,.T.);
#4528=ADVANCED_FACE('',(#530),#4269,.T.);
#4529=ADVANCED_FACE('',(#531,#96),#257,.T.);
#4530=ADVANCED_FACE('',(#532),#258,.F.);
#4531=ADVANCED_FACE('',(#533),#259,.T.);
#4532=ADVANCED_FACE('',(#534),#260,.T.);
#4533=ADVANCED_FACE('',(#535),#261,.T.);
#4534=ADVANCED_FACE('',(#536),#262,.F.);
#4535=ADVANCED_FACE('',(#537),#263,.T.);
#4536=ADVANCED_FACE('',(#538),#264,.F.);
#4537=ADVANCED_FACE('',(#539),#265,.F.);
#4538=ADVANCED_FACE('',(#540),#266,.F.);
#4539=ADVANCED_FACE('',(#541),#267,.F.);
#4540=ADVANCED_FACE('',(#542),#268,.T.);
#4541=ADVANCED_FACE('',(#543),#269,.F.);
#4542=ADVANCED_FACE('',(#544),#270,.T.);
#4543=ADVANCED_FACE('',(#545),#271,.T.);
#4544=CLOSED_SHELL('',(#4270,#4271,#4272,#4273,#4274,#4275,#4276,#4277,
#4278));
#4545=CLOSED_SHELL('',(#4279,#4280,#4281,#4282,#4283,#4284,#4285,#4286,
#4287));
#4546=CLOSED_SHELL('',(#4288,#4289,#4290,#4291,#4292,#4293,#4294,#4295,
#4296,#4297,#4298));
#4547=CLOSED_SHELL('',(#4299,#4300,#4301,#4302,#4303,#4304));
#4548=CLOSED_SHELL('',(#4305,#4306,#4307,#4308,#4309,#4310));
#4549=CLOSED_SHELL('',(#4311,#4312,#4313,#4314,#4315,#4316));
#4550=CLOSED_SHELL('',(#4317,#4318,#4319,#4320,#4321,#4322));
#4551=CLOSED_SHELL('',(#4323,#4324,#4325,#4326,#4327,#4328));
#4552=CLOSED_SHELL('',(#4329,#4330,#4331,#4332,#4333,#4334));
#4553=CLOSED_SHELL('',(#4335,#4336,#4337,#4338,#4339,#4340,#4341,#4342,
#4343,#4344,#4345,#4346,#4347,#4348,#4349,#4350,#4351,#4352,#4353,#4354,
#4355,#4356,#4357,#4358,#4359,#4360,#4361,#4362,#4363,#4364,#4365,#4366,
#4367,#4368,#4369,#4370,#4371,#4372,#4373,#4374,#4375,#4376,#4377,#4378,
#4379,#4380,#4381,#4382,#4383,#4384,#4385,#4386,#4387,#4388,#4389,#4390,
#4391,#4392,#4393,#4394,#4395,#4396,#4397,#4398,#4399,#4400,#4401,#4402,
#4403,#4404,#4405,#4406,#4407,#4408,#4409,#4410,#4411,#4412,#4413,#4414,
#4415,#4416,#4417,#4418,#4419,#4420,#4421,#4422,#4423,#4424,#4425,#4426,
#4427,#4428,#4429,#4430,#4431,#4432,#4433,#4434,#4435,#4436,#4437,#4438,
#4439,#4440,#4441,#4442,#4443,#4444,#4445,#4446,#4447,#4448,#4449,#4450,
#4451,#4452,#4453,#4454,#4455,#4456,#4457,#4458,#4459,#4460,#4461,#4462,
#4463,#4464,#4465,#4466,#4467,#4468,#4469,#4470,#4471,#4472,#4473,#4474,
#4475,#4476,#4477,#4478,#4479,#4480,#4481,#4482,#4483,#4484,#4485,#4486,
#4487,#4488,#4489,#4490,#4491,#4492,#4493,#4494,#4495,#4496,#4497,#4498,
#4499,#4500,#4501,#4502,#4503,#4504,#4505,#4506,#4507,#4508,#4509));
#4554=CLOSED_SHELL('',(#4510,#4511,#4512,#4513,#4514,#4515,#4516,#4517,
#4518,#4519,#4520,#4521,#4522,#4523,#4524,#4525,#4526));
#4555=CLOSED_SHELL('',(#4527,#4528,#4529,#4530,#4531,#4532,#4533,#4534,
#4535,#4536,#4537,#4538,#4539,#4540,#4541,#4542,#4543));
#4556=DERIVED_UNIT_ELEMENT(#4558,1.);
#4557=DERIVED_UNIT_ELEMENT(#7730,-3.);
#4558=(
MASS_UNIT()
NAMED_UNIT(*)
SI_UNIT(.KILO.,.GRAM.)
);
#4559=DERIVED_UNIT((#4556,#4557));
#4560=MEASURE_REPRESENTATION_ITEM('density measure',
POSITIVE_RATIO_MEASURE(7850.),#4559);
#4561=PROPERTY_DEFINITION_REPRESENTATION(#4566,#4563);
#4562=PROPERTY_DEFINITION_REPRESENTATION(#4567,#4564);
#4563=REPRESENTATION('material name',(#4565),#7727);
#4564=REPRESENTATION('density',(#4560),#7727);
#4565=DESCRIPTIVE_REPRESENTATION_ITEM('Steel','Steel');
#4566=PROPERTY_DEFINITION('material property','material name',#7737);
#4567=PROPERTY_DEFINITION('material property','density of part',#7737);
#4568=AXIS2_PLACEMENT_3D('',#6385,#5027,#5028);
#4569=AXIS2_PLACEMENT_3D('',#6386,#5029,#5030);
#4570=AXIS2_PLACEMENT_3D('',#6388,#5031,#5032);
#4571=AXIS2_PLACEMENT_3D('',#6391,#5034,#5035);
#4572=AXIS2_PLACEMENT_3D('',#6392,#5036,#5037);
#4573=AXIS2_PLACEMENT_3D('',#6394,#5038,#5039);
#4574=AXIS2_PLACEMENT_3D('',#6398,#5041,#5042);
#4575=AXIS2_PLACEMENT_3D('',#6402,#5044,#5045);
#4576=AXIS2_PLACEMENT_3D('',#6406,#5047,#5048);
#4577=AXIS2_PLACEMENT_3D('',#6410,#5050,#5051);
#4578=AXIS2_PLACEMENT_3D('',#6413,#5053,#5054);
#4579=AXIS2_PLACEMENT_3D('',#6414,#5055,#5056);
#4580=AXIS2_PLACEMENT_3D('',#6417,#5059,#5060);
#4581=AXIS2_PLACEMENT_3D('',#6420,#5063,#5064);
#4582=AXIS2_PLACEMENT_3D('',#6421,#5065,#5066);
#4583=AXIS2_PLACEMENT_3D('',#6422,#5067,#5068);
#4584=AXIS2_PLACEMENT_3D('',#6423,#5069,#5070);
#4585=AXIS2_PLACEMENT_3D('',#6424,#5071,#5072);
#4586=AXIS2_PLACEMENT_3D('',#6425,#5073,#5074);
#4587=AXIS2_PLACEMENT_3D('',#6427,#5075,#5076);
#4588=AXIS2_PLACEMENT_3D('',#6430,#5078,#5079);
#4589=AXIS2_PLACEMENT_3D('',#6431,#5080,#5081);
#4590=AXIS2_PLACEMENT_3D('',#6433,#5082,#5083);
#4591=AXIS2_PLACEMENT_3D('',#6437,#5085,#5086);
#4592=AXIS2_PLACEMENT_3D('',#6441,#5088,#5089);
#4593=AXIS2_PLACEMENT_3D('',#6445,#5091,#5092);
#4594=AXIS2_PLACEMENT_3D('',#6449,#5094,#5095);
#4595=AXIS2_PLACEMENT_3D('',#6452,#5097,#5098);
#4596=AXIS2_PLACEMENT_3D('',#6453,#5099,#5100);
#4597=AXIS2_PLACEMENT_3D('',#6456,#5103,#5104);
#4598=AXIS2_PLACEMENT_3D('',#6459,#5107,#5108);
#4599=AXIS2_PLACEMENT_3D('',#6460,#5109,#5110);
#4600=AXIS2_PLACEMENT_3D('',#6461,#5111,#5112);
#4601=AXIS2_PLACEMENT_3D('',#6462,#5113,#5114);
#4602=AXIS2_PLACEMENT_3D('',#6463,#5115,#5116);
#4603=AXIS2_PLACEMENT_3D('',#6464,#5117,#5118);
#4604=AXIS2_PLACEMENT_3D('',#6473,#5123,#5124);
#4605=AXIS2_PLACEMENT_3D('',#6479,#5128,#5129);
#4606=AXIS2_PLACEMENT_3D('',#6485,#5133,#5134);
#4607=AXIS2_PLACEMENT_3D('',#6488,#5137,#5138);
#4608=AXIS2_PLACEMENT_3D('',#6489,#5139,#5140);
#4609=AXIS2_PLACEMENT_3D('',#6498,#5145,#5146);
#4610=AXIS2_PLACEMENT_3D('',#6504,#5150,#5151);
#4611=AXIS2_PLACEMENT_3D('',#6508,#5154,#5155);
#4612=AXIS2_PLACEMENT_3D('',#6512,#5158,#5159);
#4613=AXIS2_PLACEMENT_3D('',#6514,#5161,#5162);
#4614=AXIS2_PLACEMENT_3D('',#6515,#5163,#5164);
#4615=AXIS2_PLACEMENT_3D('',#6524,#5169,#5170);
#4616=AXIS2_PLACEMENT_3D('',#6530,#5174,#5175);
#4617=AXIS2_PLACEMENT_3D('',#6536,#5179,#5180);
#4618=AXIS2_PLACEMENT_3D('',#6539,#5183,#5184);
#4619=AXIS2_PLACEMENT_3D('',#6540,#5185,#5186);
#4620=AXIS2_PLACEMENT_3D('',#6541,#5187,#5188);
#4621=AXIS2_PLACEMENT_3D('',#6550,#5193,#5194);
#4622=AXIS2_PLACEMENT_3D('',#6556,#5198,#5199);
#4623=AXIS2_PLACEMENT_3D('',#6562,#5203,#5204);
#4624=AXIS2_PLACEMENT_3D('',#6565,#5207,#5208);
#4625=AXIS2_PLACEMENT_3D('',#6566,#5209,#5210);
#4626=AXIS2_PLACEMENT_3D('',#6567,#5211,#5212);
#4627=AXIS2_PLACEMENT_3D('',#6576,#5217,#5218);
#4628=AXIS2_PLACEMENT_3D('',#6582,#5222,#5223);
#4629=AXIS2_PLACEMENT_3D('',#6588,#5227,#5228);
#4630=AXIS2_PLACEMENT_3D('',#6591,#5231,#5232);
#4631=AXIS2_PLACEMENT_3D('',#6592,#5233,#5234);
#4632=AXIS2_PLACEMENT_3D('',#6593,#5235,#5236);
#4633=AXIS2_PLACEMENT_3D('',#6602,#5241,#5242);
#4634=AXIS2_PLACEMENT_3D('',#6608,#5246,#5247);
#4635=AXIS2_PLACEMENT_3D('',#6614,#5251,#5252);
#4636=AXIS2_PLACEMENT_3D('',#6617,#5255,#5256);
#4637=AXIS2_PLACEMENT_3D('',#6618,#5257,#5258);
#4638=AXIS2_PLACEMENT_3D('',#6619,#5259,#5260);
#4639=AXIS2_PLACEMENT_3D('',#6628,#5265,#5266);
#4640=AXIS2_PLACEMENT_3D('',#6634,#5270,#5271);
#4641=AXIS2_PLACEMENT_3D('',#6640,#5275,#5276);
#4642=AXIS2_PLACEMENT_3D('',#6643,#5279,#5280);
#4643=AXIS2_PLACEMENT_3D('',#6644,#5281,#5282);
#4644=AXIS2_PLACEMENT_3D('',#6645,#5283,#5284);
#4645=AXIS2_PLACEMENT_3D('',#6654,#5289,#5290);
#4646=AXIS2_PLACEMENT_3D('',#6660,#5294,#5295);
#4647=AXIS2_PLACEMENT_3D('',#6666,#5299,#5300);
#4648=AXIS2_PLACEMENT_3D('',#6669,#5303,#5304);
#4649=AXIS2_PLACEMENT_3D('',#6670,#5305,#5306);
#4650=AXIS2_PLACEMENT_3D('',#6671,#5307,#5308);
#4651=AXIS2_PLACEMENT_3D('',#6673,#5309,#5310);
#4652=AXIS2_PLACEMENT_3D('',#6676,#5312,#5313);
#4653=AXIS2_PLACEMENT_3D('',#6677,#5314,#5315);
#4654=AXIS2_PLACEMENT_3D('',#6679,#5316,#5317);
#4655=AXIS2_PLACEMENT_3D('',#6683,#5319,#5320);
#4656=AXIS2_PLACEMENT_3D('',#6684,#5321,#5322);
#4657=AXIS2_PLACEMENT_3D('',#6685,#5323,#5324);
#4658=AXIS2_PLACEMENT_3D('',#6687,#5325,#5326);
#4659=AXIS2_PLACEMENT_3D('',#6690,#5328,#5329);
#4660=AXIS2_PLACEMENT_3D('',#6691,#5330,#5331);
#4661=AXIS2_PLACEMENT_3D('',#6693,#5332,#5333);
#4662=AXIS2_PLACEMENT_3D('',#6696,#5335,#5336);
#4663=AXIS2_PLACEMENT_3D('',#6697,#5337,#5338);
#4664=AXIS2_PLACEMENT_3D('',#6699,#5339,#5340);
#4665=AXIS2_PLACEMENT_3D('',#6702,#5342,#5343);
#4666=AXIS2_PLACEMENT_3D('',#6703,#5344,#5345);
#4667=AXIS2_PLACEMENT_3D('',#6705,#5346,#5347);
#4668=AXIS2_PLACEMENT_3D('',#6708,#5349,#5350);
#4669=AXIS2_PLACEMENT_3D('',#6709,#5351,#5352);
#4670=AXIS2_PLACEMENT_3D('',#6711,#5353,#5354);
#4671=AXIS2_PLACEMENT_3D('',#6714,#5356,#5357);
#4672=AXIS2_PLACEMENT_3D('',#6715,#5358,#5359);
#4673=AXIS2_PLACEMENT_3D('',#6717,#5360,#5361);
#4674=AXIS2_PLACEMENT_3D('',#6720,#5363,#5364);
#4675=AXIS2_PLACEMENT_3D('',#6721,#5365,#5366);
#4676=AXIS2_PLACEMENT_3D('',#6723,#5367,#5368);
#4677=AXIS2_PLACEMENT_3D('',#6726,#5370,#5371);
#4678=AXIS2_PLACEMENT_3D('',#6727,#5372,#5373);
#4679=AXIS2_PLACEMENT_3D('',#6729,#5374,#5375);
#4680=AXIS2_PLACEMENT_3D('',#6733,#5377,#5378);
#4681=AXIS2_PLACEMENT_3D('',#6737,#5380,#5381);
#4682=AXIS2_PLACEMENT_3D('',#6740,#5383,#5384);
#4683=AXIS2_PLACEMENT_3D('',#6741,#5385,#5386);
#4684=AXIS2_PLACEMENT_3D('',#6742,#5387,#5388);
#4685=AXIS2_PLACEMENT_3D('',#6743,#5389,#5390);
#4686=AXIS2_PLACEMENT_3D('',#6744,#5391,#5392);
#4687=AXIS2_PLACEMENT_3D('',#6746,#5393,#5394);
#4688=AXIS2_PLACEMENT_3D('',#6750,#5396,#5397);
#4689=AXIS2_PLACEMENT_3D('',#6754,#5399,#5400);
#4690=AXIS2_PLACEMENT_3D('',#6757,#5402,#5403);
#4691=AXIS2_PLACEMENT_3D('',#6758,#5404,#5405);
#4692=AXIS2_PLACEMENT_3D('',#6759,#5406,#5407);
#4693=AXIS2_PLACEMENT_3D('',#6760,#5408,#5409);
#4694=AXIS2_PLACEMENT_3D('',#6761,#5410,#5411);
#4695=AXIS2_PLACEMENT_3D('',#6763,#5412,#5413);
#4696=AXIS2_PLACEMENT_3D('',#6766,#5415,#5416);
#4697=AXIS2_PLACEMENT_3D('',#6767,#5417,#5418);
#4698=AXIS2_PLACEMENT_3D('',#6769,#5419,#5420);
#4699=AXIS2_PLACEMENT_3D('',#6771,#5421,#5422);
#4700=AXIS2_PLACEMENT_3D('',#6773,#5423,#5424);
#4701=AXIS2_PLACEMENT_3D('',#6774,#5425,#5426);
#4702=AXIS2_PLACEMENT_3D('',#6775,#5427,#5428);
#4703=AXIS2_PLACEMENT_3D('',#6777,#5429,#5430);
#4704=AXIS2_PLACEMENT_3D('',#6779,#5432,#5433);
#4705=AXIS2_PLACEMENT_3D('',#6781,#5434,#5435);
#4706=AXIS2_PLACEMENT_3D('',#6784,#5437,#5438);
#4707=AXIS2_PLACEMENT_3D('',#6785,#5439,#5440);
#4708=AXIS2_PLACEMENT_3D('',#6788,#5441,#5442);
#4709=AXIS2_PLACEMENT_3D('',#6792,#5444,#5445);
#4710=AXIS2_PLACEMENT_3D('',#6794,#5447,#5448);
#4711=AXIS2_PLACEMENT_3D('',#6813,#5457,#5458);
#4712=AXIS2_PLACEMENT_3D('',#6817,#5460,#5461);
#4713=AXIS2_PLACEMENT_3D('',#6821,#5463,#5464);
#4714=AXIS2_PLACEMENT_3D('',#6825,#5466,#5467);
#4715=AXIS2_PLACEMENT_3D('',#6827,#5469,#5470);
#4716=AXIS2_PLACEMENT_3D('',#6836,#5475,#5476);
#4717=AXIS2_PLACEMENT_3D('',#6853,#5485,#5486);
#4718=AXIS2_PLACEMENT_3D('',#6857,#5488,#5489);
#4719=AXIS2_PLACEMENT_3D('',#6863,#5492,#5493);
#4720=AXIS2_PLACEMENT_3D('',#6867,#5495,#5496);
#4721=AXIS2_PLACEMENT_3D('',#6871,#5498,#5499);
#4722=AXIS2_PLACEMENT_3D('',#6874,#5501,#5502);
#4723=AXIS2_PLACEMENT_3D('',#6875,#5503,#5504);
#4724=AXIS2_PLACEMENT_3D('',#6882,#5507,#5508);
#4725=AXIS2_PLACEMENT_3D('',#6886,#5510,#5511);
#4726=AXIS2_PLACEMENT_3D('',#6888,#5513,#5514);
#4727=AXIS2_PLACEMENT_3D('',#6905,#5523,#5524);
#4728=AXIS2_PLACEMENT_3D('',#6907,#5525,#5526);
#4729=AXIS2_PLACEMENT_3D('',#6910,#5528,#5529);
#4730=AXIS2_PLACEMENT_3D('',#6911,#5530,#5531);
#4731=AXIS2_PLACEMENT_3D('',#6915,#5533,#5534);
#4732=AXIS2_PLACEMENT_3D('',#6916,#5535,#5536);
#4733=AXIS2_PLACEMENT_3D('',#6917,#5537,#5538);
#4734=AXIS2_PLACEMENT_3D('',#6921,#5540,#5541);
#4735=AXIS2_PLACEMENT_3D('',#6923,#5542,#5543);
#4736=AXIS2_PLACEMENT_3D('',#6927,#5545,#5546);
#4737=AXIS2_PLACEMENT_3D('',#6930,#5548,#5549);
#4738=AXIS2_PLACEMENT_3D('',#6931,#5550,#5551);
#4739=AXIS2_PLACEMENT_3D('',#6942,#5558,#5559);
#4740=AXIS2_PLACEMENT_3D('',#6943,#5560,#5561);
#4741=AXIS2_PLACEMENT_3D('',#6944,#5562,#5563);
#4742=AXIS2_PLACEMENT_3D('',#6945,#5564,#5565);
#4743=AXIS2_PLACEMENT_3D('',#6947,#5566,#5567);
#4744=AXIS2_PLACEMENT_3D('',#6950,#5569,#5570);
#4745=AXIS2_PLACEMENT_3D('',#6951,#5571,#5572);
#4746=AXIS2_PLACEMENT_3D('',#6959,#5578,#5579);
#4747=AXIS2_PLACEMENT_3D('',#6962,#5581,#5582);
#4748=AXIS2_PLACEMENT_3D('',#6963,#5583,#5584);
#4749=AXIS2_PLACEMENT_3D('',#6971,#5588,#5589);
#4750=AXIS2_PLACEMENT_3D('',#6975,#5591,#5592);
#4751=AXIS2_PLACEMENT_3D('',#6979,#5594,#5595);
#4752=AXIS2_PLACEMENT_3D('',#6982,#5597,#5598);
#4753=AXIS2_PLACEMENT_3D('',#6983,#5599,#5600);
#4754=AXIS2_PLACEMENT_3D('',#6984,#5601,#5602);
#4755=AXIS2_PLACEMENT_3D('',#6985,#5603,#5604);
#4756=AXIS2_PLACEMENT_3D('',#6986,#5605,#5606);
#4757=AXIS2_PLACEMENT_3D('',#6987,#5607,#5608);
#4758=AXIS2_PLACEMENT_3D('',#6988,#5609,#5610);
#4759=AXIS2_PLACEMENT_3D('',#6989,#5611,#5612);
#4760=AXIS2_PLACEMENT_3D('',#6994,#5614,#5615);
#4761=AXIS2_PLACEMENT_3D('',#6998,#5617,#5618);
#4762=AXIS2_PLACEMENT_3D('',#7002,#5620,#5621);
#4763=AXIS2_PLACEMENT_3D('',#7005,#5623,#5624);
#4764=AXIS2_PLACEMENT_3D('',#7006,#5625,#5626);
#4765=AXIS2_PLACEMENT_3D('',#7009,#5627,#5628);
#4766=AXIS2_PLACEMENT_3D('',#7013,#5630,#5631);
#4767=AXIS2_PLACEMENT_3D('',#7016,#5633,#5634);
#4768=AXIS2_PLACEMENT_3D('',#7018,#5636,#5637);
#4769=AXIS2_PLACEMENT_3D('',#7024,#5641,#5642);
#4770=AXIS2_PLACEMENT_3D('',#7026,#5643,#5644);
#4771=AXIS2_PLACEMENT_3D('',#7029,#5646,#5647);
#4772=AXIS2_PLACEMENT_3D('',#7030,#5648,#5649);
#4773=AXIS2_PLACEMENT_3D('',#7040,#5654,#5655);
#4774=AXIS2_PLACEMENT_3D('',#7043,#5657,#5658);
#4775=AXIS2_PLACEMENT_3D('',#7048,#5660,#5661);
#4776=AXIS2_PLACEMENT_3D('',#7051,#5663,#5664);
#4777=AXIS2_PLACEMENT_3D('',#7052,#5665,#5666);
#4778=AXIS2_PLACEMENT_3D('',#7054,#5667,#5668);
#4779=AXIS2_PLACEMENT_3D('',#7057,#5670,#5671);
#4780=AXIS2_PLACEMENT_3D('',#7058,#5672,#5673);
#4781=AXIS2_PLACEMENT_3D('',#7064,#5677,#5678);
#4782=AXIS2_PLACEMENT_3D('',#7067,#5679,#5680);
#4783=AXIS2_PLACEMENT_3D('',#7070,#5682,#5683);
#4784=AXIS2_PLACEMENT_3D('',#7071,#5684,#5685);
#4785=AXIS2_PLACEMENT_3D('',#7073,#5687,#5688);
#4786=AXIS2_PLACEMENT_3D('',#7079,#5692,#5693);
#4787=AXIS2_PLACEMENT_3D('',#7080,#5694,#5695);
#4788=AXIS2_PLACEMENT_3D('',#7083,#5698,#5699);
#4789=AXIS2_PLACEMENT_3D('',#7085,#5701,#5702);
#4790=AXIS2_PLACEMENT_3D('',#7087,#5704,#5705);
#4791=AXIS2_PLACEMENT_3D('',#7089,#5707,#5708);
#4792=AXIS2_PLACEMENT_3D('',#7091,#5710,#5711);
#4793=AXIS2_PLACEMENT_3D('',#7093,#5713,#5714);
#4794=AXIS2_PLACEMENT_3D('',#7095,#5716,#5717);
#4795=AXIS2_PLACEMENT_3D('',#7096,#5718,#5719);
#4796=AXIS2_PLACEMENT_3D('',#7112,#5729,#5730);
#4797=AXIS2_PLACEMENT_3D('',#7118,#5734,#5735);
#4798=AXIS2_PLACEMENT_3D('',#7122,#5738,#5739);
#4799=AXIS2_PLACEMENT_3D('',#7126,#5742,#5743);
#4800=AXIS2_PLACEMENT_3D('',#7127,#5744,#5745);
#4801=AXIS2_PLACEMENT_3D('',#7128,#5746,#5747);
#4802=AXIS2_PLACEMENT_3D('',#7138,#5753,#5754);
#4803=AXIS2_PLACEMENT_3D('',#7139,#5755,#5756);
#4804=AXIS2_PLACEMENT_3D('',#7143,#5758,#5759);
#4805=AXIS2_PLACEMENT_3D('',#7145,#5761,#5762);
#4806=AXIS2_PLACEMENT_3D('',#7149,#5765,#5766);
#4807=AXIS2_PLACEMENT_3D('',#7151,#5767,#5768);
#4808=AXIS2_PLACEMENT_3D('',#7153,#5770,#5771);
#4809=AXIS2_PLACEMENT_3D('',#7155,#5773,#5774);
#4810=AXIS2_PLACEMENT_3D('',#7156,#5775,#5776);
#4811=AXIS2_PLACEMENT_3D('',#7160,#5778,#5779);
#4812=AXIS2_PLACEMENT_3D('',#7162,#5781,#5782);
#4813=AXIS2_PLACEMENT_3D('',#7166,#5785,#5786);
#4814=AXIS2_PLACEMENT_3D('',#7168,#5787,#5788);
#4815=AXIS2_PLACEMENT_3D('',#7170,#5790,#5791);
#4816=AXIS2_PLACEMENT_3D('',#7172,#5793,#5794);
#4817=AXIS2_PLACEMENT_3D('',#7173,#5795,#5796);
#4818=AXIS2_PLACEMENT_3D('',#7176,#5797,#5798);
#4819=AXIS2_PLACEMENT_3D('',#7180,#5800,#5801);
#4820=AXIS2_PLACEMENT_3D('',#7184,#5803,#5804);
#4821=AXIS2_PLACEMENT_3D('',#7188,#5806,#5807);
#4822=AXIS2_PLACEMENT_3D('',#7190,#5809,#5810);
#4823=AXIS2_PLACEMENT_3D('',#7193,#5811,#5812);
#4824=AXIS2_PLACEMENT_3D('',#7197,#5814,#5815);
#4825=AXIS2_PLACEMENT_3D('',#7201,#5817,#5818);
#4826=AXIS2_PLACEMENT_3D('',#7205,#5820,#5821);
#4827=AXIS2_PLACEMENT_3D('',#7207,#5823,#5824);
#4828=AXIS2_PLACEMENT_3D('',#7229,#5826,#5827);
#4829=AXIS2_PLACEMENT_3D('',#7231,#5829,#5830);
#4830=AXIS2_PLACEMENT_3D('',#7233,#5832,#5833);
#4831=AXIS2_PLACEMENT_3D('',#7235,#5835,#5836);
#4832=AXIS2_PLACEMENT_3D('',#7237,#5838,#5839);
#4833=AXIS2_PLACEMENT_3D('',#7239,#5841,#5842);
#4834=AXIS2_PLACEMENT_3D('',#7260,#5843,#5844);
#4835=AXIS2_PLACEMENT_3D('',#7261,#5845,#5846);
#4836=AXIS2_PLACEMENT_3D('',#7262,#5847,#5848);
#4837=AXIS2_PLACEMENT_3D('',#7263,#5849,#5850);
#4838=AXIS2_PLACEMENT_3D('',#7264,#5851,#5852);
#4839=AXIS2_PLACEMENT_3D('',#7265,#5853,#5854);
#4840=AXIS2_PLACEMENT_3D('',#7266,#5855,#5856);
#4841=AXIS2_PLACEMENT_3D('',#7267,#5857,#5858);
#4842=AXIS2_PLACEMENT_3D('',#7268,#5859,#5860);
#4843=AXIS2_PLACEMENT_3D('',#7269,#5861,#5862);
#4844=AXIS2_PLACEMENT_3D('',#7270,#5863,#5864);
#4845=AXIS2_PLACEMENT_3D('',#7276,#5868,#5869);
#4846=AXIS2_PLACEMENT_3D('',#7285,#5874,#5875);
#4847=AXIS2_PLACEMENT_3D('',#7294,#5880,#5881);
#4848=AXIS2_PLACEMENT_3D('',#7300,#5885,#5886);
#4849=AXIS2_PLACEMENT_3D('',#7304,#5888,#5889);
#4850=AXIS2_PLACEMENT_3D('',#7310,#5893,#5894);
#4851=AXIS2_PLACEMENT_3D('',#7313,#5895,#5896);
#4852=AXIS2_PLACEMENT_3D('',#7320,#5901,#5902);
#4853=AXIS2_PLACEMENT_3D('',#7326,#5906,#5907);
#4854=AXIS2_PLACEMENT_3D('',#7335,#5912,#5913);
#4855=AXIS2_PLACEMENT_3D('',#7344,#5918,#5919);
#4856=AXIS2_PLACEMENT_3D('',#7350,#5923,#5924);
#4857=AXIS2_PLACEMENT_3D('',#7353,#5925,#5926);
#4858=AXIS2_PLACEMENT_3D('',#7360,#5931,#5932);
#4859=AXIS2_PLACEMENT_3D('',#7368,#5936,#5937);
#4860=AXIS2_PLACEMENT_3D('',#7370,#5939,#5940);
#4861=AXIS2_PLACEMENT_3D('',#7371,#5941,#5942);
#4862=AXIS2_PLACEMENT_3D('',#7372,#5943,#5944);
#4863=AXIS2_PLACEMENT_3D('',#7373,#5945,#5946);
#4864=AXIS2_PLACEMENT_3D('',#7374,#5947,#5948);
#4865=AXIS2_PLACEMENT_3D('',#7375,#5949,#5950);
#4866=AXIS2_PLACEMENT_3D('',#7376,#5951,#5952);
#4867=AXIS2_PLACEMENT_3D('',#7377,#5953,#5954);
#4868=AXIS2_PLACEMENT_3D('',#7378,#5955,#5956);
#4869=AXIS2_PLACEMENT_3D('',#7379,#5957,#5958);
#4870=AXIS2_PLACEMENT_3D('',#7380,#5959,#5960);
#4871=AXIS2_PLACEMENT_3D('',#7381,#5961,#5962);
#4872=AXIS2_PLACEMENT_3D('',#7382,#5963,#5964);
#4873=AXIS2_PLACEMENT_3D('',#7383,#5965,#5966);
#4874=AXIS2_PLACEMENT_3D('',#7384,#5967,#5968);
#4875=AXIS2_PLACEMENT_3D('',#7385,#5969,#5970);
#4876=AXIS2_PLACEMENT_3D('',#7386,#5971,#5972);
#4877=AXIS2_PLACEMENT_3D('',#7387,#5973,#5974);
#4878=AXIS2_PLACEMENT_3D('',#7388,#5975,#5976);
#4879=AXIS2_PLACEMENT_3D('',#7389,#5977,#5978);
#4880=AXIS2_PLACEMENT_3D('',#7390,#5979,#5980);
#4881=AXIS2_PLACEMENT_3D('',#7391,#5981,#5982);
#4882=AXIS2_PLACEMENT_3D('',#7392,#5983,#5984);
#4883=AXIS2_PLACEMENT_3D('',#7393,#5985,#5986);
#4884=AXIS2_PLACEMENT_3D('',#7394,#5987,#5988);
#4885=AXIS2_PLACEMENT_3D('',#7395,#5989,#5990);
#4886=AXIS2_PLACEMENT_3D('',#7396,#5991,#5992);
#4887=AXIS2_PLACEMENT_3D('',#7397,#5993,#5994);
#4888=AXIS2_PLACEMENT_3D('',#7398,#5995,#5996);
#4889=AXIS2_PLACEMENT_3D('',#7399,#5997,#5998);
#4890=AXIS2_PLACEMENT_3D('',#7400,#5999,#6000);
#4891=AXIS2_PLACEMENT_3D('',#7401,#6001,#6002);
#4892=AXIS2_PLACEMENT_3D('',#7402,#6003,#6004);
#4893=AXIS2_PLACEMENT_3D('',#7403,#6005,#6006);
#4894=AXIS2_PLACEMENT_3D('',#7404,#6007,#6008);
#4895=AXIS2_PLACEMENT_3D('',#7405,#6009,#6010);
#4896=AXIS2_PLACEMENT_3D('',#7406,#6011,#6012);
#4897=AXIS2_PLACEMENT_3D('',#7407,#6013,#6014);
#4898=AXIS2_PLACEMENT_3D('',#7408,#6015,#6016);
#4899=AXIS2_PLACEMENT_3D('',#7409,#6017,#6018);
#4900=AXIS2_PLACEMENT_3D('',#7410,#6019,#6020);
#4901=AXIS2_PLACEMENT_3D('',#7411,#6021,#6022);
#4902=AXIS2_PLACEMENT_3D('',#7412,#6023,#6024);
#4903=AXIS2_PLACEMENT_3D('',#7413,#6025,#6026);
#4904=AXIS2_PLACEMENT_3D('',#7414,#6027,#6028);
#4905=AXIS2_PLACEMENT_3D('',#7415,#6029,#6030);
#4906=AXIS2_PLACEMENT_3D('',#7416,#6031,#6032);
#4907=AXIS2_PLACEMENT_3D('',#7417,#6033,#6034);
#4908=AXIS2_PLACEMENT_3D('',#7418,#6035,#6036);
#4909=AXIS2_PLACEMENT_3D('',#7419,#6037,#6038);
#4910=AXIS2_PLACEMENT_3D('',#7420,#6039,#6040);
#4911=AXIS2_PLACEMENT_3D('',#7421,#6041,#6042);
#4912=AXIS2_PLACEMENT_3D('',#7422,#6043,#6044);
#4913=AXIS2_PLACEMENT_3D('',#7423,#6045,#6046);
#4914=AXIS2_PLACEMENT_3D('',#7424,#6047,#6048);
#4915=AXIS2_PLACEMENT_3D('',#7425,#6049,#6050);
#4916=AXIS2_PLACEMENT_3D('',#7426,#6051,#6052);
#4917=AXIS2_PLACEMENT_3D('',#7427,#6053,#6054);
#4918=AXIS2_PLACEMENT_3D('',#7428,#6055,#6056);
#4919=AXIS2_PLACEMENT_3D('',#7429,#6057,#6058);
#4920=AXIS2_PLACEMENT_3D('',#7430,#6059,#6060);
#4921=AXIS2_PLACEMENT_3D('',#7431,#6061,#6062);
#4922=AXIS2_PLACEMENT_3D('',#7432,#6063,#6064);
#4923=AXIS2_PLACEMENT_3D('',#7433,#6065,#6066);
#4924=AXIS2_PLACEMENT_3D('',#7434,#6067,#6068);
#4925=AXIS2_PLACEMENT_3D('',#7435,#6069,#6070);
#4926=AXIS2_PLACEMENT_3D('',#7436,#6071,#6072);
#4927=AXIS2_PLACEMENT_3D('',#7437,#6073,#6074);
#4928=AXIS2_PLACEMENT_3D('',#7438,#6075,#6076);
#4929=AXIS2_PLACEMENT_3D('',#7439,#6077,#6078);
#4930=AXIS2_PLACEMENT_3D('',#7440,#6079,#6080);
#4931=AXIS2_PLACEMENT_3D('',#7441,#6081,#6082);
#4932=AXIS2_PLACEMENT_3D('',#7445,#6084,#6085);
#4933=AXIS2_PLACEMENT_3D('',#7447,#6087,#6088);
#4934=AXIS2_PLACEMENT_3D('',#7451,#6091,#6092);
#4935=AXIS2_PLACEMENT_3D('',#7454,#6094,#6095);
#4936=AXIS2_PLACEMENT_3D('',#7455,#6096,#6097);
#4937=AXIS2_PLACEMENT_3D('',#7457,#6099,#6100);
#4938=AXIS2_PLACEMENT_3D('',#7458,#6101,#6102);
#4939=AXIS2_PLACEMENT_3D('',#7462,#6104,#6105);
#4940=AXIS2_PLACEMENT_3D('',#7464,#6107,#6108);
#4941=AXIS2_PLACEMENT_3D('',#7468,#6111,#6112);
#4942=AXIS2_PLACEMENT_3D('',#7471,#6114,#6115);
#4943=AXIS2_PLACEMENT_3D('',#7472,#6116,#6117);
#4944=AXIS2_PLACEMENT_3D('',#7474,#6119,#6120);
#4945=AXIS2_PLACEMENT_3D('',#7475,#6121,#6122);
#4946=AXIS2_PLACEMENT_3D('',#7476,#6123,#6124);
#4947=AXIS2_PLACEMENT_3D('',#7477,#6125,#6126);
#4948=AXIS2_PLACEMENT_3D('',#7481,#6129,#6130);
#4949=AXIS2_PLACEMENT_3D('',#7485,#6133,#6134);
#4950=AXIS2_PLACEMENT_3D('',#7489,#6137,#6138);
#4951=AXIS2_PLACEMENT_3D('',#7493,#6141,#6142);
#4952=AXIS2_PLACEMENT_3D('',#7497,#6145,#6146);
#4953=AXIS2_PLACEMENT_3D('',#7501,#6149,#6150);
#4954=AXIS2_PLACEMENT_3D('',#7503,#6152,#6153);
#4955=AXIS2_PLACEMENT_3D('',#7507,#6156,#6157);
#4956=AXIS2_PLACEMENT_3D('',#7511,#6160,#6161);
#4957=AXIS2_PLACEMENT_3D('',#7513,#6163,#6164);
#4958=AXIS2_PLACEMENT_3D('',#7514,#6165,#6166);
#4959=AXIS2_PLACEMENT_3D('',#7520,#6170,#6171);
#4960=AXIS2_PLACEMENT_3D('',#7524,#6174,#6175);
#4961=AXIS2_PLACEMENT_3D('',#7528,#6178,#6179);
#4962=AXIS2_PLACEMENT_3D('',#7530,#6181,#6182);
#4963=AXIS2_PLACEMENT_3D('',#7531,#6183,#6184);
#4964=AXIS2_PLACEMENT_3D('',#7532,#6185,#6186);
#4965=AXIS2_PLACEMENT_3D('',#7533,#6187,#6188);
#4966=AXIS2_PLACEMENT_3D('',#7534,#6189,#6190);
#4967=AXIS2_PLACEMENT_3D('',#7535,#6191,#6192);
#4968=AXIS2_PLACEMENT_3D('',#7536,#6193,#6194);
#4969=AXIS2_PLACEMENT_3D('',#7537,#6195,#6196);
#4970=AXIS2_PLACEMENT_3D('',#7538,#6197,#6198);
#4971=AXIS2_PLACEMENT_3D('',#7539,#6199,#6200);
#4972=AXIS2_PLACEMENT_3D('',#7540,#6201,#6202);
#4973=AXIS2_PLACEMENT_3D('',#7541,#6203,#6204);
#4974=AXIS2_PLACEMENT_3D('',#7542,#6205,#6206);
#4975=AXIS2_PLACEMENT_3D('',#7543,#6207,#6208);
#4976=AXIS2_PLACEMENT_3D('',#7544,#6209,#6210);
#4977=AXIS2_PLACEMENT_3D('',#7545,#6211,#6212);
#4978=AXIS2_PLACEMENT_3D('',#7546,#6213,#6214);
#4979=AXIS2_PLACEMENT_3D('',#7547,#6215,#6216);
#4980=AXIS2_PLACEMENT_3D('',#7548,#6217,#6218);
#4981=AXIS2_PLACEMENT_3D('',#7549,#6219,#6220);
#4982=AXIS2_PLACEMENT_3D('',#7550,#6221,#6222);
#4983=AXIS2_PLACEMENT_3D('',#7551,#6223,#6224);
#4984=AXIS2_PLACEMENT_3D('',#7553,#6225,#6226);
#4985=AXIS2_PLACEMENT_3D('',#7555,#6227,#6228);
#4986=AXIS2_PLACEMENT_3D('',#7557,#6229,#6230);
#4987=AXIS2_PLACEMENT_3D('',#7558,#6231,#6232);
#4988=AXIS2_PLACEMENT_3D('',#7559,#6233,#6234);
#4989=AXIS2_PLACEMENT_3D('',#7561,#6235,#6236);
#4990=AXIS2_PLACEMENT_3D('',#7563,#6238,#6239);
#4991=AXIS2_PLACEMENT_3D('',#7588,#6252,#6253);
#4992=AXIS2_PLACEMENT_3D('',#7589,#6254,#6255);
#4993=AXIS2_PLACEMENT_3D('',#7595,#6259,#6260);
#4994=AXIS2_PLACEMENT_3D('',#7599,#6263,#6264);
#4995=AXIS2_PLACEMENT_3D('',#7603,#6267,#6268);
#4996=AXIS2_PLACEMENT_3D('',#7607,#6271,#6272);
#4997=AXIS2_PLACEMENT_3D('',#7611,#6275,#6276);
#4998=AXIS2_PLACEMENT_3D('',#7615,#6279,#6280);
#4999=AXIS2_PLACEMENT_3D('',#7619,#6283,#6284);
#5000=AXIS2_PLACEMENT_3D('',#7623,#6287,#6288);
#5001=AXIS2_PLACEMENT_3D('',#7627,#6291,#6292);
#5002=AXIS2_PLACEMENT_3D('',#7631,#6295,#6296);
#5003=AXIS2_PLACEMENT_3D('',#7635,#6299,#6300);
#5004=AXIS2_PLACEMENT_3D('',#7637,#6302,#6303);
#5005=AXIS2_PLACEMENT_3D('',#7638,#6304,#6305);
#5006=AXIS2_PLACEMENT_3D('',#7640,#6306,#6307);
#5007=AXIS2_PLACEMENT_3D('',#7642,#6308,#6309);
#5008=AXIS2_PLACEMENT_3D('',#7644,#6310,#6311);
#5009=AXIS2_PLACEMENT_3D('',#7645,#6312,#6313);
#5010=AXIS2_PLACEMENT_3D('',#7646,#6314,#6315);
#5011=AXIS2_PLACEMENT_3D('',#7648,#6316,#6317);
#5012=AXIS2_PLACEMENT_3D('',#7650,#6319,#6320);
#5013=AXIS2_PLACEMENT_3D('',#7675,#6333,#6334);
#5014=AXIS2_PLACEMENT_3D('',#7676,#6335,#6336);
#5015=AXIS2_PLACEMENT_3D('',#7682,#6340,#6341);
#5016=AXIS2_PLACEMENT_3D('',#7686,#6344,#6345);
#5017=AXIS2_PLACEMENT_3D('',#7690,#6348,#6349);
#5018=AXIS2_PLACEMENT_3D('',#7694,#6352,#6353);
#5019=AXIS2_PLACEMENT_3D('',#7698,#6356,#6357);
#5020=AXIS2_PLACEMENT_3D('',#7702,#6360,#6361);
#5021=AXIS2_PLACEMENT_3D('',#7706,#6364,#6365);
#5022=AXIS2_PLACEMENT_3D('',#7710,#6368,#6369);
#5023=AXIS2_PLACEMENT_3D('',#7714,#6372,#6373);
#5024=AXIS2_PLACEMENT_3D('',#7718,#6376,#6377);
#5025=AXIS2_PLACEMENT_3D('',#7722,#6380,#6381);
#5026=AXIS2_PLACEMENT_3D('',#7724,#6383,#6384);
#5027=DIRECTION('axis',(0.,0.,1.));
#5028=DIRECTION('refdir',(1.,0.,0.));
#5029=DIRECTION('center_axis',(0.,1.,0.));
#5030=DIRECTION('ref_axis',(0.,0.,-1.));
#5031=DIRECTION('center_axis',(0.,-1.,0.));
#5032=DIRECTION('ref_axis',(0.,0.,-1.));
#5033=DIRECTION('',(0.,1.,0.));
#5034=DIRECTION('center_axis',(0.,-1.,0.));
#5035=DIRECTION('ref_axis',(0.,0.,-1.));
#5036=DIRECTION('center_axis',(0.,-1.,0.));
#5037=DIRECTION('ref_axis',(0.,0.,1.));
#5038=DIRECTION('center_axis',(0.,-1.,0.));
#5039=DIRECTION('ref_axis',(0.,0.,-1.));
#5040=DIRECTION('',(0.,1.,0.));
#5041=DIRECTION('center_axis',(0.,-1.,0.));
#5042=DIRECTION('ref_axis',(0.,0.,-1.));
#5043=DIRECTION('',(0.,-1.,0.));
#5044=DIRECTION('center_axis',(0.,-1.,0.));
#5045=DIRECTION('ref_axis',(0.,0.,-1.));
#5046=DIRECTION('',(0.,-1.,0.));
#5047=DIRECTION('center_axis',(0.,-1.,0.));
#5048=DIRECTION('ref_axis',(0.,0.,-1.));
#5049=DIRECTION('',(0.,-1.,0.));
#5050=DIRECTION('center_axis',(0.,-1.,0.));
#5051=DIRECTION('ref_axis',(0.,0.,-1.));
#5052=DIRECTION('',(0.,-1.,0.));
#5053=DIRECTION('center_axis',(0.,-1.,0.));
#5054=DIRECTION('ref_axis',(0.,0.,-1.));
#5055=DIRECTION('center_axis',(-2.20523615072268E-16,0.,1.));
#5056=DIRECTION('ref_axis',(1.,0.,2.20523615072268E-16));
#5057=DIRECTION('',(1.,0.,2.20523615072268E-16));
#5058=DIRECTION('',(1.,0.,2.20523615072268E-16));
#5059=DIRECTION('center_axis',(0.,0.,-1.));
#5060=DIRECTION('ref_axis',(-1.,0.,0.));
#5061=DIRECTION('',(-1.,0.,0.));
#5062=DIRECTION('',(-1.,0.,0.));
#5063=DIRECTION('center_axis',(0.,1.,0.));
#5064=DIRECTION('ref_axis',(0.,0.,-1.));
#5065=DIRECTION('center_axis',(0.,1.,0.));
#5066=DIRECTION('ref_axis',(0.,0.,-1.));
#5067=DIRECTION('center_axis',(0.,1.,0.));
#5068=DIRECTION('ref_axis',(0.,0.,-1.));
#5069=DIRECTION('center_axis',(0.,1.,0.));
#5070=DIRECTION('ref_axis',(0.,0.,-1.));
#5071=DIRECTION('center_axis',(0.,1.,0.));
#5072=DIRECTION('ref_axis',(0.,0.,-1.));
#5073=DIRECTION('center_axis',(0.,-1.,0.));
#5074=DIRECTION('ref_axis',(0.,0.,-1.));
#5075=DIRECTION('center_axis',(0.,-1.,0.));
#5076=DIRECTION('ref_axis',(0.,0.,-1.));
#5077=DIRECTION('',(0.,-1.,0.));
#5078=DIRECTION('center_axis',(0.,-1.,0.));
#5079=DIRECTION('ref_axis',(0.,0.,-1.));
#5080=DIRECTION('center_axis',(0.,1.,0.));
#5081=DIRECTION('ref_axis',(0.,0.,1.));
#5082=DIRECTION('center_axis',(0.,-1.,0.));
#5083=DIRECTION('ref_axis',(0.,0.,-1.));
#5084=DIRECTION('',(0.,-1.,0.));
#5085=DIRECTION('center_axis',(0.,-1.,0.));
#5086=DIRECTION('ref_axis',(0.,0.,-1.));
#5087=DIRECTION('',(0.,1.,0.));
#5088=DIRECTION('center_axis',(0.,-1.,0.));
#5089=DIRECTION('ref_axis',(0.,0.,-1.));
#5090=DIRECTION('',(0.,1.,0.));
#5091=DIRECTION('center_axis',(0.,-1.,0.));
#5092=DIRECTION('ref_axis',(0.,0.,-1.));
#5093=DIRECTION('',(0.,1.,0.));
#5094=DIRECTION('center_axis',(0.,-1.,0.));
#5095=DIRECTION('ref_axis',(0.,0.,-1.));
#5096=DIRECTION('',(0.,1.,0.));
#5097=DIRECTION('center_axis',(0.,-1.,0.));
#5098=DIRECTION('ref_axis',(0.,0.,-1.));
#5099=DIRECTION('center_axis',(-2.20523615072268E-16,0.,1.));
#5100=DIRECTION('ref_axis',(1.,0.,2.20523615072268E-16));
#5101=DIRECTION('',(1.,0.,2.20523615072268E-16));
#5102=DIRECTION('',(1.,0.,2.20523615072268E-16));
#5103=DIRECTION('center_axis',(0.,0.,-1.));
#5104=DIRECTION('ref_axis',(-1.,0.,0.));
#5105=DIRECTION('',(-1.,0.,0.));
#5106=DIRECTION('',(-1.,0.,0.));
#5107=DIRECTION('center_axis',(0.,-1.,0.));
#5108=DIRECTION('ref_axis',(0.,0.,-1.));
#5109=DIRECTION('center_axis',(0.,-1.,0.));
#5110=DIRECTION('ref_axis',(0.,0.,-1.));
#5111=DIRECTION('center_axis',(0.,-1.,0.));
#5112=DIRECTION('ref_axis',(0.,0.,-1.));
#5113=DIRECTION('center_axis',(0.,-1.,0.));
#5114=DIRECTION('ref_axis',(0.,0.,-1.));
#5115=DIRECTION('center_axis',(0.,-1.,0.));
#5116=DIRECTION('ref_axis',(0.,0.,-1.));
#5117=DIRECTION('center_axis',(4.33680868994201E-16,0.,-1.));
#5118=DIRECTION('ref_axis',(-1.,0.,-4.33680868994201E-16));
#5119=DIRECTION('',(1.,0.,4.33680868994201E-16));
#5120=DIRECTION('',(0.,-1.,0.));
#5121=DIRECTION('',(1.,0.,4.33680868994201E-16));
#5122=DIRECTION('',(0.,-1.,0.));
#5123=DIRECTION('center_axis',(-1.,0.,0.));
#5124=DIRECTION('ref_axis',(0.,0.,1.));
#5125=DIRECTION('',(0.,0.,-1.));
#5126=DIRECTION('',(0.,-1.,0.));
#5127=DIRECTION('',(0.,0.,-1.));
#5128=DIRECTION('center_axis',(0.,0.,1.));
#5129=DIRECTION('ref_axis',(1.,0.,0.));
#5130=DIRECTION('',(-1.,0.,0.));
#5131=DIRECTION('',(0.,-1.,0.));
#5132=DIRECTION('',(-1.,0.,0.));
#5133=DIRECTION('center_axis',(1.,0.,0.));
#5134=DIRECTION('ref_axis',(0.,0.,-1.));
#5135=DIRECTION('',(0.,0.,1.));
#5136=DIRECTION('',(0.,0.,1.));
#5137=DIRECTION('center_axis',(0.,1.,0.));
#5138=DIRECTION('ref_axis',(0.,0.,1.));
#5139=DIRECTION('center_axis',(0.,1.,0.));
#5140=DIRECTION('ref_axis',(0.,0.,1.));
#5141=DIRECTION('',(0.,0.,-1.));
#5142=DIRECTION('',(1.,0.,0.));
#5143=DIRECTION('',(0.,0.,1.));
#5144=DIRECTION('',(-1.,0.,2.71050543121375E-16));
#5145=DIRECTION('center_axis',(0.,0.,-1.));
#5146=DIRECTION('ref_axis',(-1.,0.,0.));
#5147=DIRECTION('',(1.,0.,0.));
#5148=DIRECTION('',(0.,-1.,0.));
#5149=DIRECTION('',(0.,-1.,0.));
#5150=DIRECTION('center_axis',(-1.,0.,0.));
#5151=DIRECTION('ref_axis',(0.,0.,1.));
#5152=DIRECTION('',(0.,0.,-1.));
#5153=DIRECTION('',(0.,-1.,0.));
#5154=DIRECTION('center_axis',(2.71050543121375E-16,0.,1.));
#5155=DIRECTION('ref_axis',(1.,0.,-2.71050543121375E-16));
#5156=DIRECTION('',(-1.,0.,2.71050543121375E-16));
#5157=DIRECTION('',(0.,-1.,0.));
#5158=DIRECTION('center_axis',(1.,0.,0.));
#5159=DIRECTION('ref_axis',(0.,0.,-1.));
#5160=DIRECTION('',(0.,0.,1.));
#5161=DIRECTION('center_axis',(0.,1.,0.));
#5162=DIRECTION('ref_axis',(0.,0.,1.));
#5163=DIRECTION('center_axis',(-1.,0.,1.98254111540207E-14));
#5164=DIRECTION('ref_axis',(1.98254111540207E-14,0.,1.));
#5165=DIRECTION('',(-1.98254111540207E-14,0.,-1.));
#5166=DIRECTION('',(0.,-1.,0.));
#5167=DIRECTION('',(-1.98254111540207E-14,0.,-1.));
#5168=DIRECTION('',(0.,-1.,0.));
#5169=DIRECTION('center_axis',(9.91270557701024E-15,0.,1.));
#5170=DIRECTION('ref_axis',(1.,0.,-9.91270557701024E-15));
#5171=DIRECTION('',(-1.,0.,9.91270557701024E-15));
#5172=DIRECTION('',(0.,-1.,0.));
#5173=DIRECTION('',(-1.,0.,9.91270557701024E-15));
#5174=DIRECTION('center_axis',(1.,0.,-1.98254111540207E-14));
#5175=DIRECTION('ref_axis',(-1.98254111540207E-14,0.,-1.));
#5176=DIRECTION('',(1.98254111540207E-14,0.,1.));
#5177=DIRECTION('',(0.,-1.,0.));
#5178=DIRECTION('',(1.98254111540207E-14,0.,1.));
#5179=DIRECTION('center_axis',(-9.91270557701024E-15,0.,-1.));
#5180=DIRECTION('ref_axis',(-1.,0.,9.91270557701024E-15));
#5181=DIRECTION('',(1.,0.,-9.91270557701024E-15));
#5182=DIRECTION('',(1.,0.,-9.91270557701024E-15));
#5183=DIRECTION('center_axis',(0.,-1.,0.));
#5184=DIRECTION('ref_axis',(0.,0.,-1.));
#5185=DIRECTION('center_axis',(0.,-1.,0.));
#5186=DIRECTION('ref_axis',(0.,0.,-1.));
#5187=DIRECTION('center_axis',(9.91270557701024E-15,0.,1.));
#5188=DIRECTION('ref_axis',(1.,0.,-9.91270557701024E-15));
#5189=DIRECTION('',(-1.,0.,9.91270557701024E-15));
#5190=DIRECTION('',(0.,-1.,0.));
#5191=DIRECTION('',(-1.,0.,9.91270557701024E-15));
#5192=DIRECTION('',(0.,-1.,0.));
#5193=DIRECTION('center_axis',(1.,0.,-1.98254111540207E-14));
#5194=DIRECTION('ref_axis',(-1.98254111540207E-14,0.,-1.));
#5195=DIRECTION('',(1.98254111540207E-14,0.,1.));
#5196=DIRECTION('',(0.,-1.,0.));
#5197=DIRECTION('',(1.98254111540207E-14,0.,1.));
#5198=DIRECTION('center_axis',(-9.91270557701024E-15,0.,-1.));
#5199=DIRECTION('ref_axis',(-1.,0.,9.91270557701024E-15));
#5200=DIRECTION('',(1.,0.,-9.91270557701024E-15));
#5201=DIRECTION('',(0.,-1.,0.));
#5202=DIRECTION('',(1.,0.,-9.91270557701024E-15));
#5203=DIRECTION('center_axis',(-1.,0.,1.98254111540207E-14));
#5204=DIRECTION('ref_axis',(1.98254111540207E-14,0.,1.));
#5205=DIRECTION('',(-1.98254111540207E-14,0.,-1.));
#5206=DIRECTION('',(-1.98254111540207E-14,0.,-1.));
#5207=DIRECTION('center_axis',(0.,1.,0.));
#5208=DIRECTION('ref_axis',(0.,0.,1.));
#5209=DIRECTION('center_axis',(0.,1.,0.));
#5210=DIRECTION('ref_axis',(0.,0.,1.));
#5211=DIRECTION('center_axis',(9.91270557701024E-15,0.,1.));
#5212=DIRECTION('ref_axis',(1.,0.,-9.91270557701024E-15));
#5213=DIRECTION('',(-1.,0.,9.91270557701024E-15));
#5214=DIRECTION('',(0.,-1.,0.));
#5215=DIRECTION('',(-1.,0.,9.91270557701024E-15));
#5216=DIRECTION('',(0.,-1.,0.));
#5217=DIRECTION('center_axis',(1.,0.,-1.98254111540207E-14));
#5218=DIRECTION('ref_axis',(-1.98254111540207E-14,0.,-1.));
#5219=DIRECTION('',(1.98254111540207E-14,0.,1.));
#5220=DIRECTION('',(0.,-1.,0.));
#5221=DIRECTION('',(1.98254111540207E-14,0.,1.));
#5222=DIRECTION('center_axis',(-9.91270557701024E-15,0.,-1.));
#5223=DIRECTION('ref_axis',(-1.,0.,9.91270557701024E-15));
#5224=DIRECTION('',(1.,0.,-9.91270557701024E-15));
#5225=DIRECTION('',(0.,-1.,0.));
#5226=DIRECTION('',(1.,0.,-9.91270557701024E-15));
#5227=DIRECTION('center_axis',(-1.,0.,1.98254111540207E-14));
#5228=DIRECTION('ref_axis',(1.98254111540207E-14,0.,1.));
#5229=DIRECTION('',(-1.98254111540207E-14,0.,-1.));
#5230=DIRECTION('',(-1.98254111540207E-14,0.,-1.));
#5231=DIRECTION('center_axis',(0.,1.,0.));
#5232=DIRECTION('ref_axis',(0.,0.,1.));
#5233=DIRECTION('center_axis',(0.,1.,0.));
#5234=DIRECTION('ref_axis',(0.,0.,1.));
#5235=DIRECTION('center_axis',(9.91270557701024E-15,0.,1.));
#5236=DIRECTION('ref_axis',(1.,0.,-9.91270557701024E-15));
#5237=DIRECTION('',(-1.,0.,9.91270557701024E-15));
#5238=DIRECTION('',(0.,-1.,0.));
#5239=DIRECTION('',(-1.,0.,9.91270557701024E-15));
#5240=DIRECTION('',(0.,-1.,0.));
#5241=DIRECTION('center_axis',(1.,0.,-1.98254111540207E-14));
#5242=DIRECTION('ref_axis',(-1.98254111540207E-14,0.,-1.));
#5243=DIRECTION('',(1.98254111540207E-14,0.,1.));
#5244=DIRECTION('',(0.,-1.,0.));
#5245=DIRECTION('',(1.98254111540207E-14,0.,1.));
#5246=DIRECTION('center_axis',(-9.91270557701024E-15,0.,-1.));
#5247=DIRECTION('ref_axis',(-1.,0.,9.91270557701024E-15));
#5248=DIRECTION('',(1.,0.,-9.91270557701024E-15));
#5249=DIRECTION('',(0.,-1.,0.));
#5250=DIRECTION('',(1.,0.,-9.91270557701024E-15));
#5251=DIRECTION('center_axis',(-1.,0.,1.98254111540207E-14));
#5252=DIRECTION('ref_axis',(1.98254111540207E-14,0.,1.));
#5253=DIRECTION('',(-1.98254111540207E-14,0.,-1.));
#5254=DIRECTION('',(-1.98254111540207E-14,0.,-1.));
#5255=DIRECTION('center_axis',(0.,1.,0.));
#5256=DIRECTION('ref_axis',(0.,0.,1.));
#5257=DIRECTION('center_axis',(0.,1.,0.));
#5258=DIRECTION('ref_axis',(0.,0.,1.));
#5259=DIRECTION('center_axis',(9.91270557701024E-15,0.,1.));
#5260=DIRECTION('ref_axis',(1.,0.,-9.91270557701024E-15));
#5261=DIRECTION('',(-1.,0.,9.91270557701024E-15));
#5262=DIRECTION('',(0.,-1.,0.));
#5263=DIRECTION('',(-1.,0.,9.91270557701024E-15));
#5264=DIRECTION('',(0.,-1.,0.));
#5265=DIRECTION('center_axis',(1.,0.,-1.98254111540207E-14));
#5266=DIRECTION('ref_axis',(-1.98254111540207E-14,0.,-1.));
#5267=DIRECTION('',(1.98254111540207E-14,0.,1.));
#5268=DIRECTION('',(0.,-1.,0.));
#5269=DIRECTION('',(1.98254111540207E-14,0.,1.));
#5270=DIRECTION('center_axis',(-9.91270557701024E-15,0.,-1.));
#5271=DIRECTION('ref_axis',(-1.,0.,9.91270557701024E-15));
#5272=DIRECTION('',(1.,0.,-9.91270557701024E-15));
#5273=DIRECTION('',(0.,-1.,0.));
#5274=DIRECTION('',(1.,0.,-9.91270557701024E-15));
#5275=DIRECTION('center_axis',(-1.,0.,1.98254111540207E-14));
#5276=DIRECTION('ref_axis',(1.98254111540207E-14,0.,1.));
#5277=DIRECTION('',(-1.98254111540207E-14,0.,-1.));
#5278=DIRECTION('',(-1.98254111540207E-14,0.,-1.));
#5279=DIRECTION('center_axis',(0.,1.,0.));
#5280=DIRECTION('ref_axis',(0.,0.,1.));
#5281=DIRECTION('center_axis',(0.,1.,0.));
#5282=DIRECTION('ref_axis',(0.,0.,1.));
#5283=DIRECTION('center_axis',(9.91270557701024E-15,0.,1.));
#5284=DIRECTION('ref_axis',(1.,0.,-9.91270557701024E-15));
#5285=DIRECTION('',(-1.,0.,9.91270557701024E-15));
#5286=DIRECTION('',(0.,-1.,0.));
#5287=DIRECTION('',(-1.,0.,9.91270557701024E-15));
#5288=DIRECTION('',(0.,-1.,0.));
#5289=DIRECTION('center_axis',(1.,0.,-1.98254111540207E-14));
#5290=DIRECTION('ref_axis',(-1.98254111540207E-14,0.,-1.));
#5291=DIRECTION('',(1.98254111540207E-14,0.,1.));
#5292=DIRECTION('',(0.,-1.,0.));
#5293=DIRECTION('',(1.98254111540207E-14,0.,1.));
#5294=DIRECTION('center_axis',(-9.91270557701024E-15,0.,-1.));
#5295=DIRECTION('ref_axis',(-1.,0.,9.91270557701024E-15));
#5296=DIRECTION('',(1.,0.,-9.91270557701024E-15));
#5297=DIRECTION('',(0.,-1.,0.));
#5298=DIRECTION('',(1.,0.,-9.91270557701024E-15));
#5299=DIRECTION('center_axis',(-1.,0.,1.98254111540207E-14));
#5300=DIRECTION('ref_axis',(1.98254111540207E-14,0.,1.));
#5301=DIRECTION('',(-1.98254111540207E-14,0.,-1.));
#5302=DIRECTION('',(-1.98254111540207E-14,0.,-1.));
#5303=DIRECTION('center_axis',(0.,1.,0.));
#5304=DIRECTION('ref_axis',(0.,0.,1.));
#5305=DIRECTION('center_axis',(0.,1.,0.));
#5306=DIRECTION('ref_axis',(0.,0.,1.));
#5307=DIRECTION('center_axis',(0.,1.,0.));
#5308=DIRECTION('ref_axis',(0.,0.,1.));
#5309=DIRECTION('center_axis',(0.,1.,0.));
#5310=DIRECTION('ref_axis',(0.,0.,1.));
#5311=DIRECTION('',(0.,1.,0.));
#5312=DIRECTION('center_axis',(0.,1.,0.));
#5313=DIRECTION('ref_axis',(0.,0.,1.));
#5314=DIRECTION('center_axis',(0.,1.,0.));
#5315=DIRECTION('ref_axis',(0.,0.,1.));
#5316=DIRECTION('center_axis',(0.,1.,0.));
#5317=DIRECTION('ref_axis',(0.,0.,-1.));
#5318=DIRECTION('',(0.,1.,0.));
#5319=DIRECTION('center_axis',(0.,1.,0.));
#5320=DIRECTION('ref_axis',(0.,0.,-1.));
#5321=DIRECTION('center_axis',(0.,1.,0.));
#5322=DIRECTION('ref_axis',(0.,0.,-1.));
#5323=DIRECTION('center_axis',(0.,-1.,0.));
#5324=DIRECTION('ref_axis',(0.,0.,-1.));
#5325=DIRECTION('center_axis',(0.,1.,0.));
#5326=DIRECTION('ref_axis',(0.,0.,-1.));
#5327=DIRECTION('',(0.,-1.,0.));
#5328=DIRECTION('center_axis',(0.,1.,0.));
#5329=DIRECTION('ref_axis',(0.,0.,1.));
#5330=DIRECTION('center_axis',(0.,-1.,0.));
#5331=DIRECTION('ref_axis',(0.,0.,-1.));
#5332=DIRECTION('center_axis',(0.,1.,0.));
#5333=DIRECTION('ref_axis',(0.,0.,-1.));
#5334=DIRECTION('',(0.,-1.,0.));
#5335=DIRECTION('center_axis',(0.,1.,0.));
#5336=DIRECTION('ref_axis',(0.,0.,1.));
#5337=DIRECTION('center_axis',(0.,1.,0.));
#5338=DIRECTION('ref_axis',(0.,0.,1.));
#5339=DIRECTION('center_axis',(0.,-1.,0.));
#5340=DIRECTION('ref_axis',(0.,0.,-1.));
#5341=DIRECTION('',(0.,-1.,0.));
#5342=DIRECTION('center_axis',(0.,-1.,0.));
#5343=DIRECTION('ref_axis',(0.,0.,-1.));
#5344=DIRECTION('center_axis',(0.,1.,0.));
#5345=DIRECTION('ref_axis',(0.,0.,1.));
#5346=DIRECTION('center_axis',(0.,-1.,0.));
#5347=DIRECTION('ref_axis',(0.,0.,-1.));
#5348=DIRECTION('',(0.,1.,0.));
#5349=DIRECTION('center_axis',(0.,-1.,0.));
#5350=DIRECTION('ref_axis',(0.,0.,-1.));
#5351=DIRECTION('center_axis',(0.,-1.,0.));
#5352=DIRECTION('ref_axis',(0.,0.,-1.));
#5353=DIRECTION('center_axis',(0.,-1.,0.));
#5354=DIRECTION('ref_axis',(0.,0.,-1.));
#5355=DIRECTION('',(0.,-1.,0.));
#5356=DIRECTION('center_axis',(0.,-1.,0.));
#5357=DIRECTION('ref_axis',(0.,0.,-1.));
#5358=DIRECTION('center_axis',(0.,-1.,0.));
#5359=DIRECTION('ref_axis',(0.,0.,-1.));
#5360=DIRECTION('center_axis',(0.,1.,0.));
#5361=DIRECTION('ref_axis',(0.,0.,-1.));
#5362=DIRECTION('',(0.,-1.,0.));
#5363=DIRECTION('center_axis',(0.,1.,0.));
#5364=DIRECTION('ref_axis',(0.,0.,-1.));
#5365=DIRECTION('center_axis',(0.,-1.,0.));
#5366=DIRECTION('ref_axis',(0.,0.,-1.));
#5367=DIRECTION('center_axis',(0.,1.,0.));
#5368=DIRECTION('ref_axis',(0.,0.,-1.));
#5369=DIRECTION('',(0.,-1.,0.));
#5370=DIRECTION('center_axis',(0.,1.,0.));
#5371=DIRECTION('ref_axis',(0.,0.,-1.));
#5372=DIRECTION('center_axis',(0.,-1.,0.));
#5373=DIRECTION('ref_axis',(0.,0.,-1.));
#5374=DIRECTION('center_axis',(0.,1.,0.));
#5375=DIRECTION('ref_axis',(0.,0.,-1.));
#5376=DIRECTION('',(0.,-1.,0.));
#5377=DIRECTION('center_axis',(0.,-1.,0.));
#5378=DIRECTION('ref_axis',(0.,0.,-1.));
#5379=DIRECTION('',(0.,-1.,0.));
#5380=DIRECTION('center_axis',(0.,-1.,0.));
#5381=DIRECTION('ref_axis',(0.,0.,-1.));
#5382=DIRECTION('',(0.,-1.,0.));
#5383=DIRECTION('center_axis',(0.,-1.,0.));
#5384=DIRECTION('ref_axis',(0.,0.,-1.));
#5385=DIRECTION('center_axis',(0.,-1.,0.));
#5386=DIRECTION('ref_axis',(-0.644226327622089,0.,-0.764834909505677));
#5387=DIRECTION('center_axis',(0.,-1.,0.));
#5388=DIRECTION('ref_axis',(0.,0.,-1.));
#5389=DIRECTION('center_axis',(0.,-1.,0.));
#5390=DIRECTION('ref_axis',(0.,0.,-1.));
#5391=DIRECTION('center_axis',(0.,-1.,0.));
#5392=DIRECTION('ref_axis',(0.,0.,-1.));
#5393=DIRECTION('center_axis',(0.,1.,0.));
#5394=DIRECTION('ref_axis',(0.,0.,-1.));
#5395=DIRECTION('',(0.,-1.,0.));
#5396=DIRECTION('center_axis',(0.,1.,0.));
#5397=DIRECTION('ref_axis',(0.,0.,-1.));
#5398=DIRECTION('',(0.,-1.,0.));
#5399=DIRECTION('center_axis',(0.,-1.,0.));
#5400=DIRECTION('ref_axis',(0.,0.,-1.));
#5401=DIRECTION('',(0.,-1.,0.));
#5402=DIRECTION('center_axis',(0.,1.,0.));
#5403=DIRECTION('ref_axis',(0.,0.,-1.));
#5404=DIRECTION('center_axis',(0.,-1.,0.));
#5405=DIRECTION('ref_axis',(-0.644226327622089,0.,0.764834909505677));
#5406=DIRECTION('center_axis',(0.,1.,0.));
#5407=DIRECTION('ref_axis',(0.,0.,-1.));
#5408=DIRECTION('center_axis',(0.,1.,0.));
#5409=DIRECTION('ref_axis',(0.,0.,-1.));
#5410=DIRECTION('center_axis',(0.,-1.,0.));
#5411=DIRECTION('ref_axis',(0.,0.,-1.));
#5412=DIRECTION('center_axis',(0.,-1.,0.));
#5413=DIRECTION('ref_axis',(0.,0.,-1.));
#5414=DIRECTION('',(0.,-1.,0.));
#5415=DIRECTION('center_axis',(0.,-1.,0.));
#5416=DIRECTION('ref_axis',(0.,0.,-1.));
#5417=DIRECTION('center_axis',(0.,-1.,0.));
#5418=DIRECTION('ref_axis',(0.,0.,-1.));
#5419=DIRECTION('center_axis',(0.,-1.,0.));
#5420=DIRECTION('ref_axis',(0.,0.,-1.));
#5421=DIRECTION('center_axis',(-1.,0.,0.));
#5422=DIRECTION('ref_axis',(0.,0.,1.));
#5423=DIRECTION('center_axis',(0.,1.,0.));
#5424=DIRECTION('ref_axis',(0.,0.,-1.));
#5425=DIRECTION('center_axis',(0.,1.,0.));
#5426=DIRECTION('ref_axis',(0.,0.,-1.));
#5427=DIRECTION('center_axis',(0.,1.,0.));
#5428=DIRECTION('ref_axis',(0.,0.,1.));
#5429=DIRECTION('center_axis',(0.,-1.,0.));
#5430=DIRECTION('ref_axis',(0.,0.,-1.));
#5431=DIRECTION('',(0.,-1.,0.));
#5432=DIRECTION('center_axis',(0.,1.,0.));
#5433=DIRECTION('ref_axis',(0.,0.,1.));
#5434=DIRECTION('center_axis',(0.,-1.,0.));
#5435=DIRECTION('ref_axis',(0.,0.,-1.));
#5436=DIRECTION('',(0.,1.,0.));
#5437=DIRECTION('center_axis',(0.,-1.,0.));
#5438=DIRECTION('ref_axis',(0.,0.,-1.));
#5439=DIRECTION('center_axis',(-1.,0.,0.));
#5440=DIRECTION('ref_axis',(0.,0.,1.));
#5441=DIRECTION('center_axis',(-1.,0.,0.));
#5442=DIRECTION('ref_axis',(0.,0.,1.));
#5443=DIRECTION('',(-1.,0.,0.));
#5444=DIRECTION('center_axis',(-1.,0.,0.));
#5445=DIRECTION('ref_axis',(0.,0.,1.));
#5446=DIRECTION('',(-1.,0.,0.));
#5447=DIRECTION('center_axis',(0.,-1.,0.));
#5448=DIRECTION('ref_axis',(0.,0.,-1.));
#5449=DIRECTION('',(1.,0.,0.));
#5450=DIRECTION('',(0.,0.,-1.));
#5451=DIRECTION('',(-1.,0.,0.));
#5452=DIRECTION('',(0.,0.,-1.));
#5453=DIRECTION('',(1.,0.,0.));
#5454=DIRECTION('',(-2.040851148208E-15,0.,-1.));
#5455=DIRECTION('',(1.,0.,0.));
#5456=DIRECTION('',(0.,0.,-1.));
#5457=DIRECTION('center_axis',(0.,1.,0.));
#5458=DIRECTION('ref_axis',(0.,0.,-1.));
#5459=DIRECTION('',(1.,0.,6.67201336914159E-16));
#5460=DIRECTION('center_axis',(0.,1.,0.));
#5461=DIRECTION('ref_axis',(0.,0.,-1.));
#5462=DIRECTION('',(-1.,0.,6.67201336914159E-16));
#5463=DIRECTION('center_axis',(0.,1.,0.));
#5464=DIRECTION('ref_axis',(0.,0.,-1.));
#5465=DIRECTION('',(1.,0.,0.));
#5466=DIRECTION('center_axis',(0.,1.,0.));
#5467=DIRECTION('ref_axis',(0.,0.,-1.));
#5468=DIRECTION('',(-1.,0.,0.));
#5469=DIRECTION('center_axis',(0.,-1.,0.));
#5470=DIRECTION('ref_axis',(0.,0.,-1.));
#5471=DIRECTION('',(0.,0.,-1.));
#5472=DIRECTION('',(-1.,0.,7.35052320329156E-17));
#5473=DIRECTION('',(0.,0.,1.));
#5474=DIRECTION('',(1.,0.,-7.35052320329156E-17));
#5475=DIRECTION('center_axis',(0.,-1.,0.));
#5476=DIRECTION('ref_axis',(0.,0.,-1.));
#5477=DIRECTION('',(-1.,0.,0.));
#5478=DIRECTION('',(0.,0.,1.));
#5479=DIRECTION('',(1.,0.,0.));
#5480=DIRECTION('',(0.,0.,-1.));
#5481=DIRECTION('',(1.,0.,0.));
#5482=DIRECTION('',(0.,0.,1.));
#5483=DIRECTION('',(1.,0.,0.));
#5484=DIRECTION('',(1.,0.,0.));
#5485=DIRECTION('center_axis',(0.,1.,0.));
#5486=DIRECTION('ref_axis',(0.,0.,-1.));
#5487=DIRECTION('',(0.,0.,-1.));
#5488=DIRECTION('center_axis',(0.,1.,0.));
#5489=DIRECTION('ref_axis',(0.,0.,-1.));
#5490=DIRECTION('',(-1.,0.,0.));
#5491=DIRECTION('',(1.,0.,0.));
#5492=DIRECTION('center_axis',(4.64244259740468E-14,-1.,-5.36063096661784E-14));
#5493=DIRECTION('ref_axis',(1.,4.64244259739363E-14,2.06075977546811E-12));
#5494=DIRECTION('',(0.,0.,-1.));
#5495=DIRECTION('center_axis',(2.32122129870221E-14,-1.,2.68031548330883E-14));
#5496=DIRECTION('ref_axis',(1.,2.32122129870353E-14,4.94074300559522E-13));
#5497=DIRECTION('',(1.,0.,0.));
#5498=DIRECTION('center_axis',(0.,-1.,0.));
#5499=DIRECTION('ref_axis',(0.,0.,-1.));
#5500=DIRECTION('',(0.,0.,-1.));
#5501=DIRECTION('center_axis',(0.,-1.,0.));
#5502=DIRECTION('ref_axis',(0.,0.,-1.));
#5503=DIRECTION('center_axis',(0.,-1.,0.));
#5504=DIRECTION('ref_axis',(0.,0.,-1.));
#5505=DIRECTION('',(0.,0.,1.));
#5506=DIRECTION('',(1.,0.,0.));
#5507=DIRECTION('center_axis',(0.,-1.,0.));
#5508=DIRECTION('ref_axis',(0.,0.,-1.));
#5509=DIRECTION('',(0.,0.,1.));
#5510=DIRECTION('center_axis',(0.,-1.,0.));
#5511=DIRECTION('ref_axis',(0.,0.,-1.));
#5512=DIRECTION('',(-1.,0.,0.));
#5513=DIRECTION('center_axis',(-1.,0.,0.));
#5514=DIRECTION('ref_axis',(0.,0.,1.));
#5515=DIRECTION('',(0.,-1.,0.));
#5516=DIRECTION('',(0.,0.,-1.));
#5517=DIRECTION('',(0.,-1.,0.));
#5518=DIRECTION('',(0.,0.,1.));
#5519=DIRECTION('',(0.,1.,0.));
#5520=DIRECTION('',(0.,0.,1.));
#5521=DIRECTION('',(0.,1.,0.));
#5522=DIRECTION('',(0.,0.,-1.));
#5523=DIRECTION('center_axis',(1.,0.,0.));
#5524=DIRECTION('ref_axis',(0.,0.,-1.));
#5525=DIRECTION('center_axis',(-1.,0.,0.));
#5526=DIRECTION('ref_axis',(0.,0.,-1.));
#5527=DIRECTION('',(0.,-1.,0.));
#5528=DIRECTION('center_axis',(-1.,0.,0.));
#5529=DIRECTION('ref_axis',(0.,0.,-1.));
#5530=DIRECTION('center_axis',(1.,0.,0.));
#5531=DIRECTION('ref_axis',(0.,0.,-1.));
#5532=DIRECTION('',(0.,-1.,0.));
#5533=DIRECTION('center_axis',(-1.,0.,0.));
#5534=DIRECTION('ref_axis',(0.,0.,-1.));
#5535=DIRECTION('center_axis',(-1.,0.,0.));
#5536=DIRECTION('ref_axis',(0.,0.,1.));
#5537=DIRECTION('center_axis',(1.,0.,0.));
#5538=DIRECTION('ref_axis',(0.,0.,-1.));
#5539=DIRECTION('',(0.,-1.,0.));
#5540=DIRECTION('center_axis',(-1.,0.,0.));
#5541=DIRECTION('ref_axis',(0.,0.,-1.));
#5542=DIRECTION('center_axis',(-1.,0.,0.));
#5543=DIRECTION('ref_axis',(0.,0.,-1.));
#5544=DIRECTION('',(0.,-1.,0.));
#5545=DIRECTION('center_axis',(-1.,0.,0.));
#5546=DIRECTION('ref_axis',(0.,0.,-1.));
#5547=DIRECTION('',(0.,1.25100250671404E-16,1.));
#5548=DIRECTION('center_axis',(-1.,0.,0.));
#5549=DIRECTION('ref_axis',(0.,0.,1.));
#5550=DIRECTION('center_axis',(0.,0.,-1.));
#5551=DIRECTION('ref_axis',(-1.,0.,0.));
#5552=DIRECTION('',(1.,0.,0.));
#5553=DIRECTION('',(0.,-1.,0.));
#5554=DIRECTION('',(-1.,0.,0.));
#5555=DIRECTION('',(1.,0.,0.));
#5556=DIRECTION('',(0.,1.,0.));
#5557=DIRECTION('',(1.,0.,0.));
#5558=DIRECTION('center_axis',(0.,-1.,0.));
#5559=DIRECTION('ref_axis',(0.,0.,-1.));
#5560=DIRECTION('center_axis',(0.,1.,0.));
#5561=DIRECTION('ref_axis',(0.,0.,-1.));
#5562=DIRECTION('center_axis',(0.,-1.,0.));
#5563=DIRECTION('ref_axis',(0.,0.,-1.));
#5564=DIRECTION('center_axis',(0.,-1.,0.));
#5565=DIRECTION('ref_axis',(0.,0.,-1.));
#5566=DIRECTION('center_axis',(0.,1.,0.));
#5567=DIRECTION('ref_axis',(0.,0.,-1.));
#5568=DIRECTION('',(0.,-1.,0.));
#5569=DIRECTION('center_axis',(0.,-1.,0.));
#5570=DIRECTION('ref_axis',(0.,0.,-1.));
#5571=DIRECTION('center_axis',(0.,0.,1.));
#5572=DIRECTION('ref_axis',(1.,0.,0.));
#5573=DIRECTION('',(-1.,0.,0.));
#5574=DIRECTION('',(1.,0.,0.));
#5575=DIRECTION('',(0.,-1.,6.60847038467355E-16));
#5576=DIRECTION('',(1.,0.,0.));
#5577=DIRECTION('',(1.,0.,0.));
#5578=DIRECTION('center_axis',(1.,0.,0.));
#5579=DIRECTION('ref_axis',(0.,0.,-1.));
#5580=DIRECTION('',(1.,0.,0.));
#5581=DIRECTION('center_axis',(-1.,0.,0.));
#5582=DIRECTION('ref_axis',(0.,0.,1.));
#5583=DIRECTION('center_axis',(0.,1.,-1.25100250671404E-16));
#5584=DIRECTION('ref_axis',(0.,1.25100250671404E-16,1.));
#5585=DIRECTION('',(1.,0.,0.));
#5586=DIRECTION('',(0.,1.25100250671404E-16,1.));
#5587=DIRECTION('',(0.,0.,-1.));
#5588=DIRECTION('center_axis',(0.,1.,0.));
#5589=DIRECTION('ref_axis',(1.,0.,3.30229609628439E-13));
#5590=DIRECTION('',(-1.,0.,0.));
#5591=DIRECTION('center_axis',(0.,1.,-1.25100250671404E-16));
#5592=DIRECTION('ref_axis',(0.,1.25100250671404E-16,1.));
#5593=DIRECTION('',(0.,0.,-1.));
#5594=DIRECTION('center_axis',(0.,1.,-1.25100250671404E-16));
#5595=DIRECTION('ref_axis',(0.,1.25100250671404E-16,1.));
#5596=DIRECTION('',(-1.,0.,0.));
#5597=DIRECTION('center_axis',(0.,1.,0.));
#5598=DIRECTION('ref_axis',(1.,0.,2.28620498973538E-13));
#5599=DIRECTION('center_axis',(1.,0.,0.));
#5600=DIRECTION('ref_axis',(0.,0.,-1.));
#5601=DIRECTION('center_axis',(-1.,0.,0.));
#5602=DIRECTION('ref_axis',(0.,0.,-1.));
#5603=DIRECTION('center_axis',(1.,0.,0.));
#5604=DIRECTION('ref_axis',(0.,0.,-1.));
#5605=DIRECTION('center_axis',(-1.,0.,0.));
#5606=DIRECTION('ref_axis',(0.,0.,1.));
#5607=DIRECTION('center_axis',(1.,0.,0.));
#5608=DIRECTION('ref_axis',(0.,0.,-1.));
#5609=DIRECTION('center_axis',(-1.,0.,0.));
#5610=DIRECTION('ref_axis',(0.,0.,-1.));
#5611=DIRECTION('center_axis',(-1.,0.,0.));
#5612=DIRECTION('ref_axis',(0.,0.,1.));
#5613=DIRECTION('',(0.,-8.34001671142695E-17,-1.));
#5614=DIRECTION('center_axis',(1.,0.,0.));
#5615=DIRECTION('ref_axis',(0.,0.,1.));
#5616=DIRECTION('',(0.,1.,0.));
#5617=DIRECTION('center_axis',(1.,0.,0.));
#5618=DIRECTION('ref_axis',(0.,0.,1.));
#5619=DIRECTION('',(0.,0.,1.));
#5620=DIRECTION('center_axis',(1.,0.,0.));
#5621=DIRECTION('ref_axis',(0.,1.01089615115903E-15,1.));
#5622=DIRECTION('',(0.,-1.,0.));
#5623=DIRECTION('center_axis',(1.,0.,0.));
#5624=DIRECTION('ref_axis',(0.,0.,1.));
#5625=DIRECTION('center_axis',(1.,0.,0.));
#5626=DIRECTION('ref_axis',(0.,0.,-1.));
#5627=DIRECTION('center_axis',(-1.,0.,0.));
#5628=DIRECTION('ref_axis',(0.,0.,1.));
#5629=DIRECTION('',(1.,0.,0.));
#5630=DIRECTION('center_axis',(-1.,0.,0.));
#5631=DIRECTION('ref_axis',(0.,0.,1.));
#5632=DIRECTION('',(1.,0.,0.));
#5633=DIRECTION('center_axis',(-1.,0.,0.));
#5634=DIRECTION('ref_axis',(0.,0.,1.));
#5635=DIRECTION('',(1.,0.,0.));
#5636=DIRECTION('center_axis',(0.,0.,1.));
#5637=DIRECTION('ref_axis',(1.,0.,0.));
#5638=DIRECTION('',(0.,-1.,0.));
#5639=DIRECTION('',(1.,0.,0.));
#5640=DIRECTION('',(0.,-1.,0.));
#5641=DIRECTION('center_axis',(1.,0.,0.));
#5642=DIRECTION('ref_axis',(0.,0.,-1.));
#5643=DIRECTION('center_axis',(-1.,0.,0.));
#5644=DIRECTION('ref_axis',(0.,0.,1.));
#5645=DIRECTION('',(1.,0.,0.));
#5646=DIRECTION('center_axis',(-1.,0.,0.));
#5647=DIRECTION('ref_axis',(0.,0.,1.));
#5648=DIRECTION('center_axis',(0.,1.,-8.34001671142695E-17));
#5649=DIRECTION('ref_axis',(0.,8.34001671142696E-17,1.));
#5650=DIRECTION('',(0.,8.34001671142695E-17,1.));
#5651=DIRECTION('',(1.,0.,0.));
#5652=DIRECTION('',(0.,8.34001671142696E-17,1.));
#5653=DIRECTION('',(1.,0.,0.));
#5654=DIRECTION('center_axis',(0.,-1.,2.12588661271667E-17));
#5655=DIRECTION('ref_axis',(0.,-2.12588661271667E-17,-1.));
#5656=DIRECTION('',(-1.,0.,0.));
#5657=DIRECTION('center_axis',(0.,-1.,2.12588661271667E-17));
#5658=DIRECTION('ref_axis',(0.,-2.12588661271667E-17,-1.));
#5659=DIRECTION('',(1.,0.,0.));
#5660=DIRECTION('center_axis',(0.,-1.,2.12588661271667E-17));
#5661=DIRECTION('ref_axis',(0.,2.12588661271667E-17,1.));
#5662=DIRECTION('',(-1.,0.,0.));
#5663=DIRECTION('center_axis',(0.,-1.,2.12588661271667E-17));
#5664=DIRECTION('ref_axis',(0.,2.12588661271667E-17,1.));
#5665=DIRECTION('center_axis',(1.,0.,0.));
#5666=DIRECTION('ref_axis',(0.,0.,-1.));
#5667=DIRECTION('center_axis',(-1.,0.,0.));
#5668=DIRECTION('ref_axis',(0.,0.,1.));
#5669=DIRECTION('',(1.,0.,0.));
#5670=DIRECTION('center_axis',(-1.,0.,0.));
#5671=DIRECTION('ref_axis',(0.,0.,1.));
#5672=DIRECTION('center_axis',(0.,0.,-1.));
#5673=DIRECTION('ref_axis',(-1.,0.,0.));
#5674=DIRECTION('',(0.,1.,0.));
#5675=DIRECTION('',(1.,0.,0.));
#5676=DIRECTION('',(0.,1.,0.));
#5677=DIRECTION('center_axis',(1.,0.,0.));
#5678=DIRECTION('ref_axis',(0.,0.,-1.));
#5679=DIRECTION('center_axis',(-1.,0.,0.));
#5680=DIRECTION('ref_axis',(0.,0.,1.));
#5681=DIRECTION('',(-1.,0.,0.));
#5682=DIRECTION('center_axis',(-1.,0.,0.));
#5683=DIRECTION('ref_axis',(0.,0.,1.));
#5684=DIRECTION('center_axis',(-1.,0.,0.));
#5685=DIRECTION('ref_axis',(0.,0.,1.));
#5686=DIRECTION('',(1.,0.,0.));
#5687=DIRECTION('center_axis',(-1.,0.,0.));
#5688=DIRECTION('ref_axis',(0.,0.,1.));
#5689=DIRECTION('',(0.,-1.,9.45168798111324E-17));
#5690=DIRECTION('',(0.,1.,-9.45168798111324E-17));
#5691=DIRECTION('',(0.,1.21972744404619E-16,1.));
#5692=DIRECTION('center_axis',(-1.,0.,0.));
#5693=DIRECTION('ref_axis',(0.,0.,1.));
#5694=DIRECTION('center_axis',(-1.,0.,0.));
#5695=DIRECTION('ref_axis',(0.,0.,1.));
#5696=DIRECTION('',(-0.965925826289069,0.,0.258819045102518));
#5697=DIRECTION('',(0.965925826289069,-0.258819045102518,0.));
#5698=DIRECTION('center_axis',(-0.258819045102518,-0.965925826289069,0.));
#5699=DIRECTION('ref_axis',(0.,0.,-1.));
#5700=DIRECTION('',(0.965925826289069,-0.258819045102518,0.));
#5701=DIRECTION('center_axis',(-0.258819045102518,0.,-0.965925826289069));
#5702=DIRECTION('ref_axis',(0.,1.,0.));
#5703=DIRECTION('',(-0.965925826289069,0.,0.258819045102518));
#5704=DIRECTION('center_axis',(-1.,0.,0.));
#5705=DIRECTION('ref_axis',(0.,0.,1.));
#5706=DIRECTION('',(0.965925826289069,0.,0.258819045102519));
#5707=DIRECTION('center_axis',(-1.,0.,0.));
#5708=DIRECTION('ref_axis',(0.,0.,1.));
#5709=DIRECTION('',(-0.965925826289069,-0.258819045102518,0.));
#5710=DIRECTION('center_axis',(-0.258819045102518,0.,0.965925826289069));
#5711=DIRECTION('ref_axis',(0.,-1.,0.));
#5712=DIRECTION('',(0.965925826289069,0.,0.258819045102518));
#5713=DIRECTION('center_axis',(-0.258819045102518,0.965925826289069,-8.05583753324973E-17));
#5714=DIRECTION('ref_axis',(0.,8.34001671142695E-17,1.));
#5715=DIRECTION('',(-0.965925826289069,-0.258819045102518,0.));
#5716=DIRECTION('center_axis',(-1.,0.,0.));
#5717=DIRECTION('ref_axis',(0.,0.,1.));
#5718=DIRECTION('center_axis',(-1.,0.,0.));
#5719=DIRECTION('ref_axis',(0.,0.,1.));
#5720=DIRECTION('',(0.,1.,0.));
#5721=DIRECTION('',(-1.7347234759768E-15,0.,-1.));
#5722=DIRECTION('',(0.,1.,0.));
#5723=DIRECTION('',(0.,1.,0.));
#5724=DIRECTION('',(0.,0.,-1.));
#5725=DIRECTION('',(0.,1.,0.));
#5726=DIRECTION('',(0.,-1.,9.45168798111324E-17));
#5727=DIRECTION('',(0.,0.,-1.));
#5728=DIRECTION('',(0.,1.,-9.45168798111324E-17));
#5729=DIRECTION('center_axis',(0.,-9.45168798111324E-17,-1.));
#5730=DIRECTION('ref_axis',(0.,1.,-9.45168798111324E-17));
#5731=DIRECTION('',(-1.,0.,0.));
#5732=DIRECTION('',(0.,-1.,9.45168798111324E-17));
#5733=DIRECTION('',(-1.,0.,0.));
#5734=DIRECTION('center_axis',(0.,9.45168798111324E-17,1.));
#5735=DIRECTION('ref_axis',(0.,-1.,9.45168798111324E-17));
#5736=DIRECTION('',(-1.,0.,0.));
#5737=DIRECTION('',(0.,1.,-9.45168798111324E-17));
#5738=DIRECTION('center_axis',(0.,-1.,1.21972744404619E-16));
#5739=DIRECTION('ref_axis',(0.,-1.21972744404619E-16,-1.));
#5740=DIRECTION('',(-1.,0.,0.));
#5741=DIRECTION('',(0.,1.21972744404619E-16,1.));
#5742=DIRECTION('center_axis',(-1.,0.,0.));
#5743=DIRECTION('ref_axis',(0.,-0.177705073905186,-0.984083790491619));
#5744=DIRECTION('center_axis',(-1.,0.,0.));
#5745=DIRECTION('ref_axis',(0.,0.,1.));
#5746=DIRECTION('center_axis',(0.,1.,0.));
#5747=DIRECTION('ref_axis',(0.,0.,1.));
#5748=DIRECTION('',(0.,0.,-1.));
#5749=DIRECTION('',(0.,0.,-1.));
#5750=DIRECTION('',(1.,0.,4.33680868994201E-16));
#5751=DIRECTION('',(0.,0.,1.));
#5752=DIRECTION('',(-1.,0.,0.));
#5753=DIRECTION('center_axis',(-1.,0.,0.));
#5754=DIRECTION('ref_axis',(0.,0.,1.));
#5755=DIRECTION('center_axis',(0.,-1.,2.12588661271667E-17));
#5756=DIRECTION('ref_axis',(0.,-2.12588661271667E-17,-1.));
#5757=DIRECTION('',(0.,-1.,2.12588661271667E-17));
#5758=DIRECTION('center_axis',(0.,-1.,2.12588661271667E-17));
#5759=DIRECTION('ref_axis',(0.,2.12588661271667E-17,1.));
#5760=DIRECTION('',(0.,-1.,2.12588661271667E-17));
#5761=DIRECTION('center_axis',(0.,2.12588661271667E-17,1.));
#5762=DIRECTION('ref_axis',(0.,-1.,2.12588661271667E-17));
#5763=DIRECTION('',(-1.,0.,0.));
#5764=DIRECTION('',(0.,-1.,2.12588661271667E-17));
#5765=DIRECTION('center_axis',(0.,-1.,2.12588661271667E-17));
#5766=DIRECTION('ref_axis',(0.,-2.12588661271667E-17,-1.));
#5767=DIRECTION('center_axis',(0.,-1.,2.12588661271667E-17));
#5768=DIRECTION('ref_axis',(0.,2.12588661271667E-17,1.));
#5769=DIRECTION('',(0.,-1.,2.12588661271667E-17));
#5770=DIRECTION('center_axis',(0.,-2.12588661271667E-17,-1.));
#5771=DIRECTION('ref_axis',(0.,1.,-2.12588661271667E-17));
#5772=DIRECTION('',(1.,0.,0.));
#5773=DIRECTION('center_axis',(0.,1.,-2.12588661271667E-17));
#5774=DIRECTION('ref_axis',(0.,2.12588661271667E-17,1.));
#5775=DIRECTION('center_axis',(0.,-1.,2.12588661271667E-17));
#5776=DIRECTION('ref_axis',(0.,-2.12588661271667E-17,-1.));
#5777=DIRECTION('',(0.,-1.,2.12588661271667E-17));
#5778=DIRECTION('center_axis',(0.,-1.,2.12588661271667E-17));
#5779=DIRECTION('ref_axis',(0.,-2.12588661271667E-17,-1.));
#5780=DIRECTION('',(0.,-1.,2.12588661271667E-17));
#5781=DIRECTION('center_axis',(0.,2.12588661271667E-17,1.));
#5782=DIRECTION('ref_axis',(0.,-1.,2.12588661271667E-17));
#5783=DIRECTION('',(-1.,0.,0.));
#5784=DIRECTION('',(0.,-1.,2.12588661271667E-17));
#5785=DIRECTION('center_axis',(0.,-1.,2.12588661271667E-17));
#5786=DIRECTION('ref_axis',(0.,-2.12588661271667E-17,-1.));
#5787=DIRECTION('center_axis',(0.,-1.,2.12588661271667E-17));
#5788=DIRECTION('ref_axis',(0.,-2.12588661271667E-17,-1.));
#5789=DIRECTION('',(0.,-1.,2.12588661271667E-17));
#5790=DIRECTION('center_axis',(0.,-2.12588661271667E-17,-1.));
#5791=DIRECTION('ref_axis',(0.,1.,-2.12588661271667E-17));
#5792=DIRECTION('',(1.,0.,0.));
#5793=DIRECTION('center_axis',(0.,-1.,2.12588661271667E-17));
#5794=DIRECTION('ref_axis',(0.,-2.12588661271667E-17,-1.));
#5795=DIRECTION('center_axis',(0.,-1.,0.));
#5796=DIRECTION('ref_axis',(0.,0.,-1.));
#5797=DIRECTION('center_axis',(0.,1.,0.));
#5798=DIRECTION('ref_axis',(0.,0.,1.));
#5799=DIRECTION('',(0.,0.,-1.));
#5800=DIRECTION('center_axis',(0.,1.,0.));
#5801=DIRECTION('ref_axis',(0.,0.,-1.));
#5802=DIRECTION('',(1.,0.,-1.20466908053945E-16));
#5803=DIRECTION('center_axis',(0.,-1.,0.));
#5804=DIRECTION('ref_axis',(0.,0.,1.));
#5805=DIRECTION('',(0.,0.,1.));
#5806=DIRECTION('center_axis',(0.,-1.,0.));
#5807=DIRECTION('ref_axis',(0.,0.,1.));
#5808=DIRECTION('',(-1.,0.,-1.20466908053945E-16));
#5809=DIRECTION('center_axis',(0.,-1.,0.));
#5810=DIRECTION('ref_axis',(0.,0.,-1.));
#5811=DIRECTION('center_axis',(0.,1.,0.));
#5812=DIRECTION('ref_axis',(0.,0.,-1.));
#5813=DIRECTION('',(0.,0.,1.));
#5814=DIRECTION('center_axis',(0.,1.,0.));
#5815=DIRECTION('ref_axis',(0.,0.,1.));
#5816=DIRECTION('',(-1.,0.,-1.20466908053945E-16));
#5817=DIRECTION('center_axis',(0.,-1.,0.));
#5818=DIRECTION('ref_axis',(0.,0.,1.));
#5819=DIRECTION('',(0.,0.,1.));
#5820=DIRECTION('center_axis',(0.,-1.,0.));
#5821=DIRECTION('ref_axis',(0.,0.,1.));
#5822=DIRECTION('',(1.,0.,-1.20466908053945E-16));
#5823=DIRECTION('center_axis',(0.,1.,0.));
#5824=DIRECTION('ref_axis',(0.,0.,1.));
#5825=DIRECTION('',(0.,1.,0.));
#5826=DIRECTION('center_axis',(1.20466908053945E-16,0.,1.));
#5827=DIRECTION('ref_axis',(1.,0.,-1.20466908053945E-16));
#5828=DIRECTION('',(0.,1.,0.));
#5829=DIRECTION('center_axis',(0.,1.,0.));
#5830=DIRECTION('ref_axis',(0.,0.,1.));
#5831=DIRECTION('',(0.,1.,0.));
#5832=DIRECTION('center_axis',(-1.,0.,0.));
#5833=DIRECTION('ref_axis',(0.,0.,1.));
#5834=DIRECTION('',(0.,1.,0.));
#5835=DIRECTION('center_axis',(0.,1.,0.));
#5836=DIRECTION('ref_axis',(0.,0.,1.));
#5837=DIRECTION('',(0.,1.,0.));
#5838=DIRECTION('center_axis',(1.20466908053945E-16,0.,-1.));
#5839=DIRECTION('ref_axis',(-1.,0.,-1.20466908053945E-16));
#5840=DIRECTION('',(0.,1.,0.));
#5841=DIRECTION('center_axis',(0.,1.,0.));
#5842=DIRECTION('ref_axis',(0.,0.,1.));
#5843=DIRECTION('center_axis',(0.,0.,-1.));
#5844=DIRECTION('ref_axis',(-1.,0.,0.));
#5845=DIRECTION('center_axis',(0.,0.,1.));
#5846=DIRECTION('ref_axis',(1.,0.,0.));
#5847=DIRECTION('center_axis',(0.,-1.,0.));
#5848=DIRECTION('ref_axis',(0.,0.,-1.));
#5849=DIRECTION('center_axis',(0.,-1.,0.));
#5850=DIRECTION('ref_axis',(0.,0.,-1.));
#5851=DIRECTION('center_axis',(0.,-1.,0.));
#5852=DIRECTION('ref_axis',(0.,0.,-1.));
#5853=DIRECTION('center_axis',(0.,-1.,0.));
#5854=DIRECTION('ref_axis',(0.,0.,-1.));
#5855=DIRECTION('center_axis',(0.,-1.,0.));
#5856=DIRECTION('ref_axis',(0.,0.,-1.));
#5857=DIRECTION('center_axis',(0.,-1.,0.));
#5858=DIRECTION('ref_axis',(0.,0.,-1.));
#5859=DIRECTION('center_axis',(0.,-1.,0.));
#5860=DIRECTION('ref_axis',(0.,0.,-1.));
#5861=DIRECTION('center_axis',(0.,-1.,0.));
#5862=DIRECTION('ref_axis',(0.,0.,-1.));
#5863=DIRECTION('center_axis',(0.866025403784438,0.500000000000001,0.));
#5864=DIRECTION('ref_axis',(-0.500000000000001,0.866025403784438,0.));
#5865=DIRECTION('',(0.,0.,1.));
#5866=DIRECTION('',(-0.500000000000001,0.866025403784438,0.));
#5867=DIRECTION('',(0.500000000000001,-0.866025403784438,0.));
#5868=DIRECTION('center_axis',(1.,0.,0.));
#5869=DIRECTION('ref_axis',(0.,0.,-1.));
#5870=DIRECTION('',(0.,-1.,0.));
#5871=DIRECTION('',(0.,0.,1.));
#5872=DIRECTION('',(0.,1.,0.));
#5873=DIRECTION('',(0.,0.,-1.));
#5874=DIRECTION('center_axis',(0.,1.,0.));
#5875=DIRECTION('ref_axis',(0.,0.,1.));
#5876=DIRECTION('',(-1.,0.,0.));
#5877=DIRECTION('',(0.,0.,-1.));
#5878=DIRECTION('',(1.,0.,0.));
#5879=DIRECTION('',(0.,0.,1.));
#5880=DIRECTION('center_axis',(-1.,0.,0.));
#5881=DIRECTION('ref_axis',(0.,0.,1.));
#5882=DIRECTION('',(0.,0.,-1.));
#5883=DIRECTION('',(0.,1.,0.));
#5884=DIRECTION('',(0.,-1.,0.));
#5885=DIRECTION('center_axis',(0.,0.,1.));
#5886=DIRECTION('ref_axis',(1.,0.,0.));
#5887=DIRECTION('',(0.500000000000001,-0.866025403784438,0.));
#5888=DIRECTION('center_axis',(0.,0.,1.));
#5889=DIRECTION('ref_axis',(1.,0.,0.));
#5890=DIRECTION('',(0.,-1.,0.));
#5891=DIRECTION('',(1.,0.,0.));
#5892=DIRECTION('',(0.,1.,0.));
#5893=DIRECTION('center_axis',(0.,0.,1.));
#5894=DIRECTION('ref_axis',(1.,0.,0.));
#5895=DIRECTION('center_axis',(0.,0.,-1.));
#5896=DIRECTION('ref_axis',(1.,2.57498015965308E-14,0.));
#5897=DIRECTION('',(-0.500000000000001,0.866025403784438,0.));
#5898=DIRECTION('',(0.,-1.,0.));
#5899=DIRECTION('',(-1.,0.,0.));
#5900=DIRECTION('',(0.,1.,0.));
#5901=DIRECTION('center_axis',(-1.,0.,0.));
#5902=DIRECTION('ref_axis',(0.,0.,1.));
#5903=DIRECTION('',(0.,0.,1.));
#5904=DIRECTION('',(0.,-1.,0.));
#5905=DIRECTION('',(0.,1.,0.));
#5906=DIRECTION('center_axis',(0.,-1.,0.));
#5907=DIRECTION('ref_axis',(0.,0.,-1.));
#5908=DIRECTION('',(1.,0.,0.));
#5909=DIRECTION('',(0.,0.,-1.));
#5910=DIRECTION('',(-1.,0.,0.));
#5911=DIRECTION('',(0.,0.,1.));
#5912=DIRECTION('center_axis',(1.,0.,0.));
#5913=DIRECTION('ref_axis',(0.,0.,-1.));
#5914=DIRECTION('',(0.,0.,1.));
#5915=DIRECTION('',(0.,1.,0.));
#5916=DIRECTION('',(0.,0.,-1.));
#5917=DIRECTION('',(0.,-1.,0.));
#5918=DIRECTION('center_axis',(0.866025403784438,-0.500000000000001,0.));
#5919=DIRECTION('ref_axis',(0.500000000000001,0.866025403784438,0.));
#5920=DIRECTION('',(0.,0.,-1.));
#5921=DIRECTION('',(-0.500000000000001,-0.866025403784438,0.));
#5922=DIRECTION('',(0.500000000000001,0.866025403784438,0.));
#5923=DIRECTION('center_axis',(0.,0.,-1.));
#5924=DIRECTION('ref_axis',(-1.,0.,0.));
#5925=DIRECTION('center_axis',(0.,0.,1.));
#5926=DIRECTION('ref_axis',(-1.,1.73472347597681E-14,0.));
#5927=DIRECTION('',(-0.500000000000001,-0.866025403784438,0.));
#5928=DIRECTION('',(0.,1.,0.));
#5929=DIRECTION('',(-1.,0.,0.));
#5930=DIRECTION('',(0.,-1.,0.));
#5931=DIRECTION('center_axis',(0.,0.,-1.));
#5932=DIRECTION('ref_axis',(-1.,0.,0.));
#5933=DIRECTION('',(1.,0.,0.));
#5934=DIRECTION('',(0.,-1.,0.));
#5935=DIRECTION('',(0.500000000000001,0.866025403784438,0.));
#5936=DIRECTION('center_axis',(0.,0.,-1.));
#5937=DIRECTION('ref_axis',(-1.,0.,0.));
#5938=DIRECTION('',(0.,1.,0.));
#5939=DIRECTION('center_axis',(0.,1.,0.));
#5940=DIRECTION('ref_axis',(0.,0.,1.));
#5941=DIRECTION('center_axis',(0.,-1.,0.));
#5942=DIRECTION('ref_axis',(0.,0.,-1.));
#5943=DIRECTION('center_axis',(0.,1.,0.));
#5944=DIRECTION('ref_axis',(1.,0.,0.));
#5945=DIRECTION('center_axis',(-1.,0.,0.));
#5946=DIRECTION('ref_axis',(0.,0.,-1.));
#5947=DIRECTION('center_axis',(0.,0.,1.));
#5948=DIRECTION('ref_axis',(-1.,0.,0.));
#5949=DIRECTION('center_axis',(0.,-1.,0.));
#5950=DIRECTION('ref_axis',(0.,0.,-1.));
#5951=DIRECTION('center_axis',(0.,-1.,0.));
#5952=DIRECTION('ref_axis',(0.,0.,-1.));
#5953=DIRECTION('center_axis',(0.,0.,-1.));
#5954=DIRECTION('ref_axis',(-1.,0.,0.));
#5955=DIRECTION('center_axis',(0.,0.,1.));
#5956=DIRECTION('ref_axis',(1.,0.,0.));
#5957=DIRECTION('center_axis',(1.,0.,0.));
#5958=DIRECTION('ref_axis',(0.,0.,-1.));
#5959=DIRECTION('center_axis',(-1.,0.,0.));
#5960=DIRECTION('ref_axis',(0.,0.,1.));
#5961=DIRECTION('center_axis',(0.,1.,0.));
#5962=DIRECTION('ref_axis',(1.,0.,0.));
#5963=DIRECTION('center_axis',(-1.,0.,0.));
#5964=DIRECTION('ref_axis',(0.,0.,-1.));
#5965=DIRECTION('center_axis',(0.,1.,0.));
#5966=DIRECTION('ref_axis',(1.,0.,0.));
#5967=DIRECTION('center_axis',(0.,1.,0.));
#5968=DIRECTION('ref_axis',(0.,0.,-1.));
#5969=DIRECTION('center_axis',(0.,0.,1.));
#5970=DIRECTION('ref_axis',(-1.,0.,0.));
#5971=DIRECTION('center_axis',(-1.,0.,0.));
#5972=DIRECTION('ref_axis',(0.,0.,1.));
#5973=DIRECTION('center_axis',(-1.,0.,0.));
#5974=DIRECTION('ref_axis',(0.,0.,1.));
#5975=DIRECTION('center_axis',(0.,0.,-1.));
#5976=DIRECTION('ref_axis',(-1.,0.,0.));
#5977=DIRECTION('center_axis',(0.,0.,1.));
#5978=DIRECTION('ref_axis',(1.,0.,0.));
#5979=DIRECTION('center_axis',(0.,-1.,0.));
#5980=DIRECTION('ref_axis',(0.,0.,-1.));
#5981=DIRECTION('center_axis',(0.,1.,0.));
#5982=DIRECTION('ref_axis',(0.,0.,1.));
#5983=DIRECTION('center_axis',(0.500000000000001,-0.866025403784438,0.));
#5984=DIRECTION('ref_axis',(0.866025403784438,0.500000000000001,0.));
#5985=DIRECTION('center_axis',(0.5,-0.866025403784439,4.69473312105363E-16));
#5986=DIRECTION('ref_axis',(0.866025403784439,0.5,-4.93038065763132E-31));
#5987=DIRECTION('center_axis',(0.,1.,0.));
#5988=DIRECTION('ref_axis',(1.,0.,0.));
#5989=DIRECTION('center_axis',(0.,1.,0.));
#5990=DIRECTION('ref_axis',(0.,0.,-1.));
#5991=DIRECTION('center_axis',(0.,0.,1.));
#5992=DIRECTION('ref_axis',(1.,0.,0.));
#5993=DIRECTION('center_axis',(0.,0.,-1.));
#5994=DIRECTION('ref_axis',(1.,3.19839640883223E-14,0.));
#5995=DIRECTION('center_axis',(0.,1.,0.));
#5996=DIRECTION('ref_axis',(0.,0.,1.));
#5997=DIRECTION('center_axis',(0.,1.,0.));
#5998=DIRECTION('ref_axis',(0.,0.,1.));
#5999=DIRECTION('center_axis',(0.,0.,1.));
#6000=DIRECTION('ref_axis',(1.,0.,0.));
#6001=DIRECTION('center_axis',(0.,0.,-1.));
#6002=DIRECTION('ref_axis',(1.,3.19839640883223E-14,0.));
#6003=DIRECTION('center_axis',(0.,0.,1.));
#6004=DIRECTION('ref_axis',(1.,0.,0.));
#6005=DIRECTION('center_axis',(-0.5,0.866025403784439,0.));
#6006=DIRECTION('ref_axis',(0.866025403784439,0.5,0.));
#6007=DIRECTION('center_axis',(-0.500000000000001,0.866025403784438,0.));
#6008=DIRECTION('ref_axis',(-0.866025403784438,-0.500000000000001,0.));
#6009=DIRECTION('center_axis',(-0.500000000000001,-0.866025403784438,0.));
#6010=DIRECTION('ref_axis',(0.866025403784438,-0.500000000000001,0.));
#6011=DIRECTION('center_axis',(0.499999999999997,0.866025403784441,4.33680868994199E-15));
#6012=DIRECTION('ref_axis',(-0.866025403784441,0.499999999999997,3.94430452610506E-31));
#6013=DIRECTION('center_axis',(0.,0.,1.));
#6014=DIRECTION('ref_axis',(1.,0.,0.));
#6015=DIRECTION('center_axis',(0.,0.,1.));
#6016=DIRECTION('ref_axis',(-1.,0.,0.));
#6017=DIRECTION('center_axis',(0.,0.,-1.));
#6018=DIRECTION('ref_axis',(-1.,0.,0.));
#6019=DIRECTION('center_axis',(0.500000000000001,0.866025403784438,0.));
#6020=DIRECTION('ref_axis',(-0.866025403784438,0.500000000000001,0.));
#6021=DIRECTION('center_axis',(0.499999999999997,0.866025403784441,0.));
#6022=DIRECTION('ref_axis',(-0.866025403784441,0.499999999999997,0.));
#6023=DIRECTION('center_axis',(0.,0.,-1.));
#6024=DIRECTION('ref_axis',(-1.,0.,0.));
#6025=DIRECTION('center_axis',(0.,1.,0.));
#6026=DIRECTION('ref_axis',(0.,0.,-1.));
#6027=DIRECTION('center_axis',(0.,0.,-1.));
#6028=DIRECTION('ref_axis',(-1.,0.,0.));
#6029=DIRECTION('center_axis',(0.,1.,0.));
#6030=DIRECTION('ref_axis',(0.,0.,-1.));
#6031=DIRECTION('center_axis',(0.,-1.,0.));
#6032=DIRECTION('ref_axis',(0.,0.,-1.));
#6033=DIRECTION('center_axis',(0.,1.,0.));
#6034=DIRECTION('ref_axis',(0.,0.,1.));
#6035=DIRECTION('center_axis',(0.,0.,-1.));
#6036=DIRECTION('ref_axis',(-1.,0.,0.));
#6037=DIRECTION('center_axis',(0.,0.,-1.));
#6038=DIRECTION('ref_axis',(-1.,0.,0.));
#6039=DIRECTION('center_axis',(0.,0.,1.));
#6040=DIRECTION('ref_axis',(1.,0.,0.));
#6041=DIRECTION('center_axis',(0.,1.,0.));
#6042=DIRECTION('ref_axis',(0.,0.,1.));
#6043=DIRECTION('center_axis',(0.,1.,0.));
#6044=DIRECTION('ref_axis',(0.,0.,1.));
#6045=DIRECTION('center_axis',(0.,1.,0.));
#6046=DIRECTION('ref_axis',(1.,0.,0.));
#6047=DIRECTION('center_axis',(1.,0.,0.));
#6048=DIRECTION('ref_axis',(0.,0.,1.));
#6049=DIRECTION('center_axis',(0.,1.,0.));
#6050=DIRECTION('ref_axis',(1.,0.,0.));
#6051=DIRECTION('center_axis',(1.,0.,0.));
#6052=DIRECTION('ref_axis',(0.,0.,1.));
#6053=DIRECTION('center_axis',(0.,1.,0.));
#6054=DIRECTION('ref_axis',(0.,0.,1.));
#6055=DIRECTION('center_axis',(0.,1.,0.));
#6056=DIRECTION('ref_axis',(0.,0.,1.));
#6057=DIRECTION('center_axis',(-1.,0.,0.));
#6058=DIRECTION('ref_axis',(0.,0.,1.));
#6059=DIRECTION('center_axis',(1.,0.,0.));
#6060=DIRECTION('ref_axis',(0.,0.,-1.));
#6061=DIRECTION('center_axis',(1.,0.,0.));
#6062=DIRECTION('ref_axis',(0.,0.,-1.));
#6063=DIRECTION('center_axis',(1.,0.,0.));
#6064=DIRECTION('ref_axis',(0.,0.,-1.));
#6065=DIRECTION('center_axis',(0.,-1.,0.));
#6066=DIRECTION('ref_axis',(0.,0.,-1.));
#6067=DIRECTION('center_axis',(0.,1.,0.));
#6068=DIRECTION('ref_axis',(0.,0.,1.));
#6069=DIRECTION('center_axis',(0.,1.,0.));
#6070=DIRECTION('ref_axis',(1.,0.,0.));
#6071=DIRECTION('center_axis',(0.,0.,-1.));
#6072=DIRECTION('ref_axis',(1.,0.,0.));
#6073=DIRECTION('center_axis',(0.,1.,0.));
#6074=DIRECTION('ref_axis',(1.,0.,0.));
#6075=DIRECTION('center_axis',(0.,0.,1.));
#6076=DIRECTION('ref_axis',(-1.,0.,0.));
#6077=DIRECTION('center_axis',(0.,0.,-1.));
#6078=DIRECTION('ref_axis',(-1.,0.,0.));
#6079=DIRECTION('center_axis',(0.,-1.,0.));
#6080=DIRECTION('ref_axis',(0.,0.,-1.));
#6081=DIRECTION('center_axis',(0.,-1.,0.));
#6082=DIRECTION('ref_axis',(0.,0.,-1.));
#6083=DIRECTION('',(0.,-1.,0.));
#6084=DIRECTION('center_axis',(0.,1.,0.));
#6085=DIRECTION('ref_axis',(0.,0.,1.));
#6086=DIRECTION('',(0.,-1.,0.));
#6087=DIRECTION('center_axis',(0.,0.,1.));
#6088=DIRECTION('ref_axis',(1.,0.,0.));
#6089=DIRECTION('',(0.,-1.,0.));
#6090=DIRECTION('',(-1.,0.,0.));
#6091=DIRECTION('center_axis',(0.,-1.,0.));
#6092=DIRECTION('ref_axis',(0.,0.,-1.));
#6093=DIRECTION('',(0.,-1.,0.));
#6094=DIRECTION('center_axis',(0.,1.,0.));
#6095=DIRECTION('ref_axis',(0.,0.,1.));
#6096=DIRECTION('center_axis',(0.,0.,-1.));
#6097=DIRECTION('ref_axis',(-1.,0.,0.));
#6098=DIRECTION('',(1.,0.,0.));
#6099=DIRECTION('center_axis',(0.,1.,0.));
#6100=DIRECTION('ref_axis',(0.,0.,1.));
#6101=DIRECTION('center_axis',(0.,-1.,0.));
#6102=DIRECTION('ref_axis',(0.,0.,-1.));
#6103=DIRECTION('',(0.,-1.,0.));
#6104=DIRECTION('center_axis',(0.,1.,0.));
#6105=DIRECTION('ref_axis',(0.,0.,1.));
#6106=DIRECTION('',(0.,-1.,0.));
#6107=DIRECTION('center_axis',(6.67201336914159E-16,0.,1.));
#6108=DIRECTION('ref_axis',(1.,0.,-6.67201336914159E-16));
#6109=DIRECTION('',(0.,-1.,0.));
#6110=DIRECTION('',(-1.,0.,6.67201336914159E-16));
#6111=DIRECTION('center_axis',(0.,-1.,0.));
#6112=DIRECTION('ref_axis',(0.,0.,-1.));
#6113=DIRECTION('',(0.,-1.,0.));
#6114=DIRECTION('center_axis',(0.,1.,0.));
#6115=DIRECTION('ref_axis',(0.,0.,1.));
#6116=DIRECTION('center_axis',(6.67201336914159E-16,0.,-1.));
#6117=DIRECTION('ref_axis',(-1.,0.,-6.67201336914159E-16));
#6118=DIRECTION('',(1.,0.,6.67201336914159E-16));
#6119=DIRECTION('center_axis',(0.,1.,0.));
#6120=DIRECTION('ref_axis',(0.,0.,1.));
#6121=DIRECTION('center_axis',(0.,1.,0.));
#6122=DIRECTION('ref_axis',(0.,0.,1.));
#6123=DIRECTION('center_axis',(0.,1.,0.));
#6124=DIRECTION('ref_axis',(0.,0.,1.));
#6125=DIRECTION('center_axis',(0.,0.,-1.));
#6126=DIRECTION('ref_axis',(-1.,0.,0.));
#6127=DIRECTION('',(1.,0.,0.));
#6128=DIRECTION('',(0.,1.,0.));
#6129=DIRECTION('center_axis',(1.,0.,0.));
#6130=DIRECTION('ref_axis',(0.,0.,-1.));
#6131=DIRECTION('',(0.,0.,1.));
#6132=DIRECTION('',(0.,1.,0.));
#6133=DIRECTION('center_axis',(0.,0.,-1.));
#6134=DIRECTION('ref_axis',(-1.,0.,0.));
#6135=DIRECTION('',(1.,0.,0.));
#6136=DIRECTION('',(0.,1.,0.));
#6137=DIRECTION('center_axis',(1.,0.,0.));
#6138=DIRECTION('ref_axis',(0.,0.,-1.));
#6139=DIRECTION('',(0.,0.,1.));
#6140=DIRECTION('',(0.,1.,0.));
#6141=DIRECTION('center_axis',(0.,0.,1.));
#6142=DIRECTION('ref_axis',(1.,0.,0.));
#6143=DIRECTION('',(-1.,0.,0.));
#6144=DIRECTION('',(0.,1.,0.));
#6145=DIRECTION('center_axis',(1.,0.,-2.040851148208E-15));
#6146=DIRECTION('ref_axis',(-2.040851148208E-15,0.,-1.));
#6147=DIRECTION('',(2.040851148208E-15,0.,1.));
#6148=DIRECTION('',(0.,1.,0.));
#6149=DIRECTION('center_axis',(0.,0.,1.));
#6150=DIRECTION('ref_axis',(1.,0.,0.));
#6151=DIRECTION('',(-1.,0.,0.));
#6152=DIRECTION('center_axis',(-7.35052320329156E-17,0.,-1.));
#6153=DIRECTION('ref_axis',(-1.,0.,7.35052320329156E-17));
#6154=DIRECTION('',(1.,0.,-7.35052320329156E-17));
#6155=DIRECTION('',(0.,1.,0.));
#6156=DIRECTION('center_axis',(-1.,0.,0.));
#6157=DIRECTION('ref_axis',(0.,0.,1.));
#6158=DIRECTION('',(0.,0.,-1.));
#6159=DIRECTION('',(0.,1.,0.));
#6160=DIRECTION('center_axis',(7.35052320329156E-17,0.,1.));
#6161=DIRECTION('ref_axis',(1.,0.,-7.35052320329156E-17));
#6162=DIRECTION('',(-1.,0.,7.35052320329156E-17));
#6163=DIRECTION('center_axis',(0.,1.,0.));
#6164=DIRECTION('ref_axis',(0.,0.,1.));
#6165=DIRECTION('center_axis',(1.,0.,0.));
#6166=DIRECTION('ref_axis',(0.,0.,-1.));
#6167=DIRECTION('',(0.,1.,0.));
#6168=DIRECTION('',(0.,0.,-1.));
#6169=DIRECTION('',(0.,1.,0.));
#6170=DIRECTION('center_axis',(-4.33680868994201E-16,0.,1.));
#6171=DIRECTION('ref_axis',(1.,0.,4.33680868994201E-16));
#6172=DIRECTION('',(1.,0.,4.33680868994201E-16));
#6173=DIRECTION('',(0.,1.,0.));
#6174=DIRECTION('center_axis',(-1.,0.,0.));
#6175=DIRECTION('ref_axis',(0.,0.,1.));
#6176=DIRECTION('',(0.,0.,1.));
#6177=DIRECTION('',(0.,1.,0.));
#6178=DIRECTION('center_axis',(0.,0.,-1.));
#6179=DIRECTION('ref_axis',(-1.,0.,0.));
#6180=DIRECTION('',(-1.,0.,0.));
#6181=DIRECTION('center_axis',(0.,-1.,0.));
#6182=DIRECTION('ref_axis',(0.,0.,-1.));
#6183=DIRECTION('center_axis',(0.,-1.,0.));
#6184=DIRECTION('ref_axis',(0.,0.,-1.));
#6185=DIRECTION('center_axis',(0.,1.,0.));
#6186=DIRECTION('ref_axis',(0.,0.,1.));
#6187=DIRECTION('center_axis',(-1.,0.,0.));
#6188=DIRECTION('ref_axis',(0.,0.,1.));
#6189=DIRECTION('center_axis',(1.,0.,0.));
#6190=DIRECTION('ref_axis',(0.,0.,-1.));
#6191=DIRECTION('center_axis',(0.,-1.,0.));
#6192=DIRECTION('ref_axis',(0.,0.,-1.));
#6193=DIRECTION('center_axis',(0.,0.,-1.));
#6194=DIRECTION('ref_axis',(-1.,0.,0.));
#6195=DIRECTION('center_axis',(0.,0.,1.));
#6196=DIRECTION('ref_axis',(1.,0.,0.));
#6197=DIRECTION('center_axis',(0.,0.,-1.));
#6198=DIRECTION('ref_axis',(-1.,0.,0.));
#6199=DIRECTION('center_axis',(0.,-1.,0.));
#6200=DIRECTION('ref_axis',(0.,0.,-1.));
#6201=DIRECTION('center_axis',(-1.,0.,0.));
#6202=DIRECTION('ref_axis',(0.,0.,1.));
#6203=DIRECTION('center_axis',(1.,0.,0.));
#6204=DIRECTION('ref_axis',(0.,0.,-1.));
#6205=DIRECTION('center_axis',(1.,0.,0.));
#6206=DIRECTION('ref_axis',(0.,0.,-1.));
#6207=DIRECTION('center_axis',(1.,0.,0.));
#6208=DIRECTION('ref_axis',(0.,0.,-1.));
#6209=DIRECTION('center_axis',(0.,-1.,0.));
#6210=DIRECTION('ref_axis',(0.,0.,-1.));
#6211=DIRECTION('center_axis',(0.,0.,-1.));
#6212=DIRECTION('ref_axis',(-1.,0.,0.));
#6213=DIRECTION('center_axis',(0.,0.,-1.));
#6214=DIRECTION('ref_axis',(-1.,0.,0.));
#6215=DIRECTION('center_axis',(0.,0.,-1.));
#6216=DIRECTION('ref_axis',(-1.,0.,0.));
#6217=DIRECTION('center_axis',(0.,-1.,0.));
#6218=DIRECTION('ref_axis',(0.,0.,-1.));
#6219=DIRECTION('center_axis',(-1.,0.,0.));
#6220=DIRECTION('ref_axis',(0.,0.,1.));
#6221=DIRECTION('center_axis',(-1.,0.,0.));
#6222=DIRECTION('ref_axis',(0.,0.,1.));
#6223=DIRECTION('center_axis',(0.,-1.,0.));
#6224=DIRECTION('ref_axis',(0.,0.,-1.));
#6225=DIRECTION('center_axis',(0.,-1.,0.));
#6226=DIRECTION('ref_axis',(0.,0.,-1.));
#6227=DIRECTION('center_axis',(-1.,0.,-1.46081976924363E-16));
#6228=DIRECTION('ref_axis',(-1.46081976924363E-16,0.,1.));
#6229=DIRECTION('center_axis',(0.,1.,0.));
#6230=DIRECTION('ref_axis',(0.,0.,-1.));
#6231=DIRECTION('center_axis',(0.,1.,0.));
#6232=DIRECTION('ref_axis',(0.,0.,-1.));
#6233=DIRECTION('center_axis',(0.,1.,0.));
#6234=DIRECTION('ref_axis',(0.,0.,1.));
#6235=DIRECTION('center_axis',(0.,-1.,0.));
#6236=DIRECTION('ref_axis',(0.,0.,-1.));
#6237=DIRECTION('',(0.,-1.,0.));
#6238=DIRECTION('center_axis',(0.,-1.,0.));
#6239=DIRECTION('ref_axis',(0.,0.,-1.));
#6240=DIRECTION('',(0.,0.,1.));
#6241=DIRECTION('',(1.,0.,8.06848128361305E-16));
#6242=DIRECTION('',(0.,0.,1.));
#6243=DIRECTION('',(1.,0.,0.));
#6244=DIRECTION('',(0.,0.,1.));
#6245=DIRECTION('',(1.,0.,-8.06848128361305E-16));
#6246=DIRECTION('',(0.,0.,1.));
#6247=DIRECTION('',(1.,0.,0.));
#6248=DIRECTION('',(0.,0.,1.));
#6249=DIRECTION('',(1.,0.,0.));
#6250=DIRECTION('',(0.,0.,1.));
#6251=DIRECTION('',(1.,0.,0.));
#6252=DIRECTION('center_axis',(0.,-1.,0.));
#6253=DIRECTION('ref_axis',(0.,0.,-1.));
#6254=DIRECTION('center_axis',(8.06848128361305E-16,0.,-1.));
#6255=DIRECTION('ref_axis',(-1.,0.,-8.06848128361305E-16));
#6256=DIRECTION('',(0.,-1.,0.));
#6257=DIRECTION('',(1.,0.,8.06848128361305E-16));
#6258=DIRECTION('',(0.,-1.,0.));
#6259=DIRECTION('center_axis',(1.,0.,0.));
#6260=DIRECTION('ref_axis',(0.,0.,-1.));
#6261=DIRECTION('',(0.,0.,1.));
#6262=DIRECTION('',(0.,-1.,0.));
#6263=DIRECTION('center_axis',(0.,0.,-1.));
#6264=DIRECTION('ref_axis',(-1.,0.,0.));
#6265=DIRECTION('',(1.,0.,0.));
#6266=DIRECTION('',(0.,-1.,0.));
#6267=DIRECTION('center_axis',(1.,0.,0.));
#6268=DIRECTION('ref_axis',(0.,0.,-1.));
#6269=DIRECTION('',(0.,0.,1.));
#6270=DIRECTION('',(0.,-1.,0.));
#6271=DIRECTION('center_axis',(-8.06848128361305E-16,0.,-1.));
#6272=DIRECTION('ref_axis',(-1.,0.,8.06848128361306E-16));
#6273=DIRECTION('',(1.,0.,-8.06848128361305E-16));
#6274=DIRECTION('',(0.,-1.,0.));
#6275=DIRECTION('center_axis',(1.,0.,0.));
#6276=DIRECTION('ref_axis',(0.,0.,-1.));
#6277=DIRECTION('',(0.,0.,1.));
#6278=DIRECTION('',(0.,-1.,0.));
#6279=DIRECTION('center_axis',(0.,0.,-1.));
#6280=DIRECTION('ref_axis',(-1.,0.,0.));
#6281=DIRECTION('',(1.,0.,0.));
#6282=DIRECTION('',(0.,-1.,0.));
#6283=DIRECTION('center_axis',(1.,0.,0.));
#6284=DIRECTION('ref_axis',(0.,0.,-1.));
#6285=DIRECTION('',(0.,0.,1.));
#6286=DIRECTION('',(0.,-1.,0.));
#6287=DIRECTION('center_axis',(0.,0.,-1.));
#6288=DIRECTION('ref_axis',(-1.,0.,0.));
#6289=DIRECTION('',(1.,0.,0.));
#6290=DIRECTION('',(0.,-1.,0.));
#6291=DIRECTION('center_axis',(1.,0.,0.));
#6292=DIRECTION('ref_axis',(0.,0.,-1.));
#6293=DIRECTION('',(0.,0.,1.));
#6294=DIRECTION('',(0.,-1.,0.));
#6295=DIRECTION('center_axis',(0.,0.,-1.));
#6296=DIRECTION('ref_axis',(-1.,0.,0.));
#6297=DIRECTION('',(1.,0.,0.));
#6298=DIRECTION('',(0.,-1.,0.));
#6299=DIRECTION('center_axis',(1.,0.,0.));
#6300=DIRECTION('ref_axis',(0.,0.,-1.));
#6301=DIRECTION('',(0.,0.,1.));
#6302=DIRECTION('center_axis',(0.,-1.,0.));
#6303=DIRECTION('ref_axis',(0.,0.,-1.));
#6304=DIRECTION('center_axis',(0.,-1.,0.));
#6305=DIRECTION('ref_axis',(0.,0.,1.));
#6306=DIRECTION('center_axis',(0.,1.,0.));
#6307=DIRECTION('ref_axis',(0.,0.,1.));
#6308=DIRECTION('center_axis',(1.,0.,1.46081976924363E-16));
#6309=DIRECTION('ref_axis',(1.46081976924363E-16,0.,-1.));
#6310=DIRECTION('center_axis',(0.,-1.,0.));
#6311=DIRECTION('ref_axis',(0.,0.,1.));
#6312=DIRECTION('center_axis',(0.,-1.,0.));
#6313=DIRECTION('ref_axis',(0.,0.,1.));
#6314=DIRECTION('center_axis',(0.,1.,0.));
#6315=DIRECTION('ref_axis',(0.,0.,-1.));
#6316=DIRECTION('center_axis',(0.,1.,0.));
#6317=DIRECTION('ref_axis',(0.,0.,1.));
#6318=DIRECTION('',(0.,-1.,0.));
#6319=DIRECTION('center_axis',(0.,-1.,0.));
#6320=DIRECTION('ref_axis',(0.,0.,1.));
#6321=DIRECTION('',(0.,0.,-1.));
#6322=DIRECTION('',(1.,0.,0.));
#6323=DIRECTION('',(0.,0.,-1.));
#6324=DIRECTION('',(1.,0.,0.));
#6325=DIRECTION('',(0.,0.,-1.));
#6326=DIRECTION('',(1.,0.,0.));
#6327=DIRECTION('',(0.,0.,-1.));
#6328=DIRECTION('',(1.,0.,8.06848128361305E-16));
#6329=DIRECTION('',(0.,0.,-1.));
#6330=DIRECTION('',(1.,0.,0.));
#6331=DIRECTION('',(0.,0.,-1.));
#6332=DIRECTION('',(1.,0.,-8.06848128361305E-16));
#6333=DIRECTION('center_axis',(0.,-1.,0.));
#6334=DIRECTION('ref_axis',(0.,0.,1.));
#6335=DIRECTION('center_axis',(8.06848128361305E-16,0.,1.));
#6336=DIRECTION('ref_axis',(-1.,0.,8.06848128361305E-16));
#6337=DIRECTION('',(0.,-1.,0.));
#6338=DIRECTION('',(1.,0.,-8.06848128361305E-16));
#6339=DIRECTION('',(0.,-1.,0.));
#6340=DIRECTION('center_axis',(1.,0.,0.));
#6341=DIRECTION('ref_axis',(0.,0.,1.));
#6342=DIRECTION('',(0.,-1.,0.));
#6343=DIRECTION('',(0.,0.,-1.));
#6344=DIRECTION('center_axis',(0.,0.,1.));
#6345=DIRECTION('ref_axis',(-1.,0.,0.));
#6346=DIRECTION('',(0.,-1.,0.));
#6347=DIRECTION('',(1.,0.,0.));
#6348=DIRECTION('center_axis',(1.,0.,0.));
#6349=DIRECTION('ref_axis',(0.,0.,1.));
#6350=DIRECTION('',(0.,-1.,0.));
#6351=DIRECTION('',(0.,0.,-1.));
#6352=DIRECTION('center_axis',(-8.06848128361305E-16,0.,1.));
#6353=DIRECTION('ref_axis',(-1.,0.,-8.06848128361306E-16));
#6354=DIRECTION('',(0.,-1.,0.));
#6355=DIRECTION('',(1.,0.,8.06848128361305E-16));
#6356=DIRECTION('center_axis',(1.,0.,0.));
#6357=DIRECTION('ref_axis',(0.,0.,1.));
#6358=DIRECTION('',(0.,-1.,0.));
#6359=DIRECTION('',(0.,0.,-1.));
#6360=DIRECTION('center_axis',(0.,0.,1.));
#6361=DIRECTION('ref_axis',(-1.,0.,0.));
#6362=DIRECTION('',(0.,-1.,0.));
#6363=DIRECTION('',(1.,0.,0.));
#6364=DIRECTION('center_axis',(1.,0.,0.));
#6365=DIRECTION('ref_axis',(0.,0.,1.));
#6366=DIRECTION('',(0.,-1.,0.));
#6367=DIRECTION('',(0.,0.,-1.));
#6368=DIRECTION('center_axis',(0.,0.,1.));
#6369=DIRECTION('ref_axis',(-1.,0.,0.));
#6370=DIRECTION('',(0.,-1.,0.));
#6371=DIRECTION('',(1.,0.,0.));
#6372=DIRECTION('center_axis',(1.,0.,0.));
#6373=DIRECTION('ref_axis',(0.,0.,1.));
#6374=DIRECTION('',(0.,-1.,0.));
#6375=DIRECTION('',(0.,0.,-1.));
#6376=DIRECTION('center_axis',(0.,0.,1.));
#6377=DIRECTION('ref_axis',(-1.,0.,0.));
#6378=DIRECTION('',(0.,-1.,0.));
#6379=DIRECTION('',(1.,0.,0.));
#6380=DIRECTION('center_axis',(1.,0.,0.));
#6381=DIRECTION('ref_axis',(0.,0.,1.));
#6382=DIRECTION('',(0.,0.,-1.));
#6383=DIRECTION('center_axis',(0.,-1.,0.));
#6384=DIRECTION('ref_axis',(0.,0.,1.));
#6385=CARTESIAN_POINT('',(0.,0.,0.));
#6386=CARTESIAN_POINT('Origin',(23.765,26.4,0.));
#6387=CARTESIAN_POINT('',(23.765,26.4,1.25));
#6388=CARTESIAN_POINT('Origin',(23.765,26.4,0.));
#6389=CARTESIAN_POINT('',(23.765,27.4,1.25));
#6390=CARTESIAN_POINT('',(23.765,26.4,1.25));
#6391=CARTESIAN_POINT('Origin',(23.765,27.4,0.));
#6392=CARTESIAN_POINT('Origin',(23.765,27.4,0.));
#6393=CARTESIAN_POINT('',(23.765,18.75,-2.7));
#6394=CARTESIAN_POINT('Origin',(23.765,18.75,0.));
#6395=CARTESIAN_POINT('',(23.765,19.75,-2.7));
#6396=CARTESIAN_POINT('',(23.765,27.4,-2.7));
#6397=CARTESIAN_POINT('',(25.7315960439297,19.75,-1.85));
#6398=CARTESIAN_POINT('Origin',(23.765,19.75,0.));
#6399=CARTESIAN_POINT('',(25.7315960439297,27.4,-1.85));
#6400=CARTESIAN_POINT('',(25.7315960439297,27.4,-1.85));
#6401=CARTESIAN_POINT('',(25.7315960439297,27.4,1.85));
#6402=CARTESIAN_POINT('Origin',(23.765,27.4,0.));
#6403=CARTESIAN_POINT('',(25.7315960439297,19.75,1.85));
#6404=CARTESIAN_POINT('',(25.7315960439297,27.4,1.85));
#6405=CARTESIAN_POINT('',(21.7984039560703,19.75,1.85));
#6406=CARTESIAN_POINT('Origin',(23.765,19.75,0.));
#6407=CARTESIAN_POINT('',(21.7984039560703,27.4,1.85));
#6408=CARTESIAN_POINT('',(21.7984039560703,27.4,1.85));
#6409=CARTESIAN_POINT('',(21.7984039560703,27.4,-1.85));
#6410=CARTESIAN_POINT('Origin',(23.765,27.4,0.));
#6411=CARTESIAN_POINT('',(21.7984039560703,19.75,-1.85));
#6412=CARTESIAN_POINT('',(21.7984039560703,27.4,-1.85));
#6413=CARTESIAN_POINT('Origin',(23.765,19.75,0.));
#6414=CARTESIAN_POINT('Origin',(21.7984039560703,27.4,-1.85));
#6415=CARTESIAN_POINT('',(21.7984039560703,27.4,-1.85));
#6416=CARTESIAN_POINT('',(21.7984039560703,19.75,-1.85));
#6417=CARTESIAN_POINT('Origin',(21.7984039560703,27.4,1.85));
#6418=CARTESIAN_POINT('',(21.7984039560703,27.4,1.85));
#6419=CARTESIAN_POINT('',(21.7984039560703,19.75,1.85));
#6420=CARTESIAN_POINT('Origin',(23.765,27.4,0.));
#6421=CARTESIAN_POINT('Origin',(23.765,18.75,0.));
#6422=CARTESIAN_POINT('Origin',(23.765,19.75,0.));
#6423=CARTESIAN_POINT('Origin',(23.765,19.75,0.));
#6424=CARTESIAN_POINT('Origin',(23.765,26.4,0.));
#6425=CARTESIAN_POINT('Origin',(23.765,-7.65,0.));
#6426=CARTESIAN_POINT('',(23.765,-7.65,1.25));
#6427=CARTESIAN_POINT('Origin',(23.765,-7.65,0.));
#6428=CARTESIAN_POINT('',(23.765,-8.65,1.25));
#6429=CARTESIAN_POINT('',(23.765,-7.65,1.25));
#6430=CARTESIAN_POINT('Origin',(23.765,-8.65,0.));
#6431=CARTESIAN_POINT('Origin',(23.765,-8.65,0.));
#6432=CARTESIAN_POINT('',(23.765,0.,-2.7));
#6433=CARTESIAN_POINT('Origin',(23.765,0.,0.));
#6434=CARTESIAN_POINT('',(23.765,-1.,-2.7));
#6435=CARTESIAN_POINT('',(23.765,-8.65,-2.7));
#6436=CARTESIAN_POINT('',(21.7984039560703,-1.,-1.85));
#6437=CARTESIAN_POINT('Origin',(23.765,-1.,0.));
#6438=CARTESIAN_POINT('',(21.7984039560703,-8.65,-1.85));
#6439=CARTESIAN_POINT('',(21.7984039560703,-8.65,-1.85));
#6440=CARTESIAN_POINT('',(21.7984039560703,-8.65,1.85));
#6441=CARTESIAN_POINT('Origin',(23.765,-8.65,0.));
#6442=CARTESIAN_POINT('',(21.7984039560703,-1.,1.85));
#6443=CARTESIAN_POINT('',(21.7984039560703,-8.65,1.85));
#6444=CARTESIAN_POINT('',(25.7315960439297,-1.,1.85));
#6445=CARTESIAN_POINT('Origin',(23.765,-1.,0.));
#6446=CARTESIAN_POINT('',(25.7315960439297,-8.65,1.85));
#6447=CARTESIAN_POINT('',(25.7315960439297,-8.65,1.85));
#6448=CARTESIAN_POINT('',(25.7315960439297,-8.65,-1.85));
#6449=CARTESIAN_POINT('Origin',(23.765,-8.65,0.));
#6450=CARTESIAN_POINT('',(25.7315960439297,-1.,-1.85));
#6451=CARTESIAN_POINT('',(25.7315960439297,-8.65,-1.85));
#6452=CARTESIAN_POINT('Origin',(23.765,-1.,0.));
#6453=CARTESIAN_POINT('Origin',(21.7984039560703,-8.65,-1.85));
#6454=CARTESIAN_POINT('',(21.7984039560703,-1.,-1.85));
#6455=CARTESIAN_POINT('',(21.7984039560703,-8.65,-1.85));
#6456=CARTESIAN_POINT('Origin',(21.7984039560703,-8.65,1.85));
#6457=CARTESIAN_POINT('',(21.7984039560703,-1.,1.85));
#6458=CARTESIAN_POINT('',(21.7984039560703,-8.65,1.85));
#6459=CARTESIAN_POINT('Origin',(23.765,-8.65,0.));
#6460=CARTESIAN_POINT('Origin',(23.765,0.,0.));
#6461=CARTESIAN_POINT('Origin',(23.765,-1.,0.));
#6462=CARTESIAN_POINT('Origin',(23.765,-1.,0.));
#6463=CARTESIAN_POINT('Origin',(23.765,-7.65,0.));
#6464=CARTESIAN_POINT('Origin',(-33.125,21.3,5.));
#6465=CARTESIAN_POINT('',(-33.125,20.9,5.));
#6466=CARTESIAN_POINT('',(-29.125,20.9,5.));
#6467=CARTESIAN_POINT('',(-33.125,20.9,5.));
#6468=CARTESIAN_POINT('',(-29.125,25.9,5.));
#6469=CARTESIAN_POINT('',(-29.125,21.3,5.));
#6470=CARTESIAN_POINT('',(-33.125,25.9,5.));
#6471=CARTESIAN_POINT('',(-33.125,25.9,5.));
#6472=CARTESIAN_POINT('',(-33.125,21.3,5.));
#6473=CARTESIAN_POINT('Origin',(-29.125,21.3,5.));
#6474=CARTESIAN_POINT('',(-29.125,20.9,-5.));
#6475=CARTESIAN_POINT('',(-29.125,20.9,5.));
#6476=CARTESIAN_POINT('',(-29.125,25.9,-5.));
#6477=CARTESIAN_POINT('',(-29.125,21.3,-5.));
#6478=CARTESIAN_POINT('',(-29.125,25.9,5.));
#6479=CARTESIAN_POINT('Origin',(-29.125,21.3,-5.));
#6480=CARTESIAN_POINT('',(-33.125,20.9,-5.));
#6481=CARTESIAN_POINT('',(-29.125,20.9,-5.));
#6482=CARTESIAN_POINT('',(-33.125,25.9,-5.));
#6483=CARTESIAN_POINT('',(-33.125,21.3,-5.));
#6484=CARTESIAN_POINT('',(-29.125,25.9,-5.));
#6485=CARTESIAN_POINT('Origin',(-33.125,21.3,-5.));
#6486=CARTESIAN_POINT('',(-33.125,20.9,-5.));
#6487=CARTESIAN_POINT('',(-33.125,25.9,-5.));
#6488=CARTESIAN_POINT('Origin',(0.,20.9,0.));
#6489=CARTESIAN_POINT('Origin',(0.,25.9,0.));
#6490=CARTESIAN_POINT('',(-29.525,25.9,4.6));
#6491=CARTESIAN_POINT('',(-29.525,25.9,-4.6));
#6492=CARTESIAN_POINT('',(-29.525,25.9,4.6));
#6493=CARTESIAN_POINT('',(-32.725,25.9,4.6));
#6494=CARTESIAN_POINT('',(-32.725,25.9,4.6));
#6495=CARTESIAN_POINT('',(-32.725,25.9,-4.6));
#6496=CARTESIAN_POINT('',(-32.725,25.9,-4.6));
#6497=CARTESIAN_POINT('',(-29.525,25.9,-4.6));
#6498=CARTESIAN_POINT('Origin',(-32.725,25.9,4.6));
#6499=CARTESIAN_POINT('',(-32.725,21.3,4.6));
#6500=CARTESIAN_POINT('',(-29.525,21.3,4.6));
#6501=CARTESIAN_POINT('',(-32.725,21.3,4.6));
#6502=CARTESIAN_POINT('',(-32.725,25.9,4.6));
#6503=CARTESIAN_POINT('',(-29.525,25.9,4.6));
#6504=CARTESIAN_POINT('Origin',(-29.525,25.9,4.6));
#6505=CARTESIAN_POINT('',(-29.525,21.3,-4.6));
#6506=CARTESIAN_POINT('',(-29.525,21.3,4.6));
#6507=CARTESIAN_POINT('',(-29.525,25.9,-4.6));
#6508=CARTESIAN_POINT('Origin',(-29.525,25.9,-4.6));
#6509=CARTESIAN_POINT('',(-32.725,21.3,-4.6));
#6510=CARTESIAN_POINT('',(-29.525,21.3,-4.6));
#6511=CARTESIAN_POINT('',(-32.725,25.9,-4.6));
#6512=CARTESIAN_POINT('Origin',(-32.725,25.9,-4.6));
#6513=CARTESIAN_POINT('',(-32.725,21.3,-4.6));
#6514=CARTESIAN_POINT('Origin',(0.,21.3,0.));
#6515=CARTESIAN_POINT('Origin',(-31.55,25.3,-3.32499999999967));
#6516=CARTESIAN_POINT('',(-31.55,21.3,-3.32499999999967));
#6517=CARTESIAN_POINT('',(-31.55,21.3,-3.67499999999967));
#6518=CARTESIAN_POINT('',(-31.55,21.3,-3.32499999999967));
#6519=CARTESIAN_POINT('',(-31.55,25.3,-3.67499999999967));
#6520=CARTESIAN_POINT('',(-31.55,25.3,-3.67499999999967));
#6521=CARTESIAN_POINT('',(-31.55,25.3,-3.32499999999967));
#6522=CARTESIAN_POINT('',(-31.55,25.3,-3.32499999999967));
#6523=CARTESIAN_POINT('',(-31.55,25.3,-3.32499999999967));
#6524=CARTESIAN_POINT('Origin',(-31.9,25.3,-3.67499999999967));
#6525=CARTESIAN_POINT('',(-31.9,21.3,-3.67499999999967));
#6526=CARTESIAN_POINT('',(-31.9,21.3,-3.67499999999967));
#6527=CARTESIAN_POINT('',(-31.9,25.3,-3.67499999999967));
#6528=CARTESIAN_POINT('',(-31.9,25.3,-3.67499999999967));
#6529=CARTESIAN_POINT('',(-31.9,25.3,-3.67499999999967));
#6530=CARTESIAN_POINT('Origin',(-31.9,25.3,-3.32499999999967));
#6531=CARTESIAN_POINT('',(-31.9,21.3,-3.32499999999967));
#6532=CARTESIAN_POINT('',(-31.9,21.3,-3.32499999999967));
#6533=CARTESIAN_POINT('',(-31.9,25.3,-3.32499999999967));
#6534=CARTESIAN_POINT('',(-31.9,25.3,-3.32499999999967));
#6535=CARTESIAN_POINT('',(-31.9,25.3,-3.32499999999967));
#6536=CARTESIAN_POINT('Origin',(-31.9,25.3,-3.32499999999967));
#6537=CARTESIAN_POINT('',(-31.9,21.3,-3.32499999999967));
#6538=CARTESIAN_POINT('',(-31.9,25.3,-3.32499999999967));
#6539=CARTESIAN_POINT('Origin',(0.,25.3,0.));
#6540=CARTESIAN_POINT('Origin',(0.,21.3,0.));
#6541=CARTESIAN_POINT('Origin',(-31.9,25.3,-2.27499999999967));
#6542=CARTESIAN_POINT('',(-31.55,21.3,-2.27499999999967));
#6543=CARTESIAN_POINT('',(-31.9,21.3,-2.27499999999967));
#6544=CARTESIAN_POINT('',(-31.9,21.3,-2.27499999999967));
#6545=CARTESIAN_POINT('',(-31.9,25.3,-2.27499999999967));
#6546=CARTESIAN_POINT('',(-31.9,25.3,-2.27499999999967));
#6547=CARTESIAN_POINT('',(-31.55,25.3,-2.27499999999967));
#6548=CARTESIAN_POINT('',(-31.9,25.3,-2.27499999999967));
#6549=CARTESIAN_POINT('',(-31.55,25.3,-2.27499999999967));
#6550=CARTESIAN_POINT('Origin',(-31.9,25.3,-1.92499999999967));
#6551=CARTESIAN_POINT('',(-31.9,21.3,-1.92499999999967));
#6552=CARTESIAN_POINT('',(-31.9,21.3,-1.92499999999967));
#6553=CARTESIAN_POINT('',(-31.9,25.3,-1.92499999999967));
#6554=CARTESIAN_POINT('',(-31.9,25.3,-1.92499999999967));
#6555=CARTESIAN_POINT('',(-31.9,25.3,-1.92499999999967));
#6556=CARTESIAN_POINT('Origin',(-31.9,25.3,-1.92499999999967));
#6557=CARTESIAN_POINT('',(-31.55,21.3,-1.92499999999967));
#6558=CARTESIAN_POINT('',(-31.9,21.3,-1.92499999999967));
#6559=CARTESIAN_POINT('',(-31.55,25.3,-1.92499999999967));
#6560=CARTESIAN_POINT('',(-31.55,25.3,-1.92499999999967));
#6561=CARTESIAN_POINT('',(-31.9,25.3,-1.92499999999967));
#6562=CARTESIAN_POINT('Origin',(-31.55,25.3,-1.92499999999967));
#6563=CARTESIAN_POINT('',(-31.55,21.3,-1.92499999999967));
#6564=CARTESIAN_POINT('',(-31.55,25.3,-1.92499999999967));
#6565=CARTESIAN_POINT('Origin',(0.,25.3,0.));
#6566=CARTESIAN_POINT('Origin',(0.,21.3,0.));
#6567=CARTESIAN_POINT('Origin',(-31.9,25.3,-0.874999999999666));
#6568=CARTESIAN_POINT('',(-31.55,21.3,-0.874999999999669));
#6569=CARTESIAN_POINT('',(-31.9,21.3,-0.874999999999666));
#6570=CARTESIAN_POINT('',(-31.9,21.3,-0.874999999999666));
#6571=CARTESIAN_POINT('',(-31.9,25.3,-0.874999999999666));
#6572=CARTESIAN_POINT('',(-31.9,25.3,-0.874999999999666));
#6573=CARTESIAN_POINT('',(-31.55,25.3,-0.874999999999669));
#6574=CARTESIAN_POINT('',(-31.9,25.3,-0.874999999999666));
#6575=CARTESIAN_POINT('',(-31.55,25.3,-0.874999999999669));
#6576=CARTESIAN_POINT('Origin',(-31.9,25.3,-0.524999999999666));
#6577=CARTESIAN_POINT('',(-31.9,21.3,-0.524999999999666));
#6578=CARTESIAN_POINT('',(-31.9,21.3,-0.524999999999666));
#6579=CARTESIAN_POINT('',(-31.9,25.3,-0.524999999999666));
#6580=CARTESIAN_POINT('',(-31.9,25.3,-0.524999999999666));
#6581=CARTESIAN_POINT('',(-31.9,25.3,-0.524999999999666));
#6582=CARTESIAN_POINT('Origin',(-31.9,25.3,-0.524999999999666));
#6583=CARTESIAN_POINT('',(-31.55,21.3,-0.52499999999967));
#6584=CARTESIAN_POINT('',(-31.9,21.3,-0.524999999999666));
#6585=CARTESIAN_POINT('',(-31.55,25.3,-0.52499999999967));
#6586=CARTESIAN_POINT('',(-31.55,25.3,-0.52499999999967));
#6587=CARTESIAN_POINT('',(-31.9,25.3,-0.524999999999666));
#6588=CARTESIAN_POINT('Origin',(-31.55,25.3,-0.52499999999967));
#6589=CARTESIAN_POINT('',(-31.55,21.3,-0.52499999999967));
#6590=CARTESIAN_POINT('',(-31.55,25.3,-0.52499999999967));
#6591=CARTESIAN_POINT('Origin',(0.,25.3,0.));
#6592=CARTESIAN_POINT('Origin',(0.,21.3,0.));
#6593=CARTESIAN_POINT('Origin',(-31.9,25.3,0.525000000000334));
#6594=CARTESIAN_POINT('',(-31.55,21.3,0.52500000000033));
#6595=CARTESIAN_POINT('',(-31.9,21.3,0.525000000000334));
#6596=CARTESIAN_POINT('',(-31.9,21.3,0.525000000000334));
#6597=CARTESIAN_POINT('',(-31.9,25.3,0.525000000000334));
#6598=CARTESIAN_POINT('',(-31.9,25.3,0.525000000000334));
#6599=CARTESIAN_POINT('',(-31.55,25.3,0.52500000000033));
#6600=CARTESIAN_POINT('',(-31.9,25.3,0.525000000000334));
#6601=CARTESIAN_POINT('',(-31.55,25.3,0.52500000000033));
#6602=CARTESIAN_POINT('Origin',(-31.9,25.3,0.875000000000333));
#6603=CARTESIAN_POINT('',(-31.9,21.3,0.875000000000333));
#6604=CARTESIAN_POINT('',(-31.9,21.3,0.875000000000333));
#6605=CARTESIAN_POINT('',(-31.9,25.3,0.875000000000333));
#6606=CARTESIAN_POINT('',(-31.9,25.3,0.875000000000333));
#6607=CARTESIAN_POINT('',(-31.9,25.3,0.875000000000333));
#6608=CARTESIAN_POINT('Origin',(-31.9,25.3,0.875000000000333));
#6609=CARTESIAN_POINT('',(-31.55,21.3,0.87500000000033));
#6610=CARTESIAN_POINT('',(-31.9,21.3,0.875000000000333));
#6611=CARTESIAN_POINT('',(-31.55,25.3,0.87500000000033));
#6612=CARTESIAN_POINT('',(-31.55,25.3,0.87500000000033));
#6613=CARTESIAN_POINT('',(-31.9,25.3,0.875000000000333));
#6614=CARTESIAN_POINT('Origin',(-31.55,25.3,0.87500000000033));
#6615=CARTESIAN_POINT('',(-31.55,21.3,0.87500000000033));
#6616=CARTESIAN_POINT('',(-31.55,25.3,0.87500000000033));
#6617=CARTESIAN_POINT('Origin',(0.,25.3,0.));
#6618=CARTESIAN_POINT('Origin',(0.,21.3,0.));
#6619=CARTESIAN_POINT('Origin',(-31.9,25.3,1.92500000000033));
#6620=CARTESIAN_POINT('',(-31.55,21.3,1.92500000000033));
#6621=CARTESIAN_POINT('',(-31.9,21.3,1.92500000000033));
#6622=CARTESIAN_POINT('',(-31.9,21.3,1.92500000000033));
#6623=CARTESIAN_POINT('',(-31.9,25.3,1.92500000000033));
#6624=CARTESIAN_POINT('',(-31.9,25.3,1.92500000000033));
#6625=CARTESIAN_POINT('',(-31.55,25.3,1.92500000000033));
#6626=CARTESIAN_POINT('',(-31.9,25.3,1.92500000000033));
#6627=CARTESIAN_POINT('',(-31.55,25.3,1.92500000000033));
#6628=CARTESIAN_POINT('Origin',(-31.9,25.3,2.27500000000033));
#6629=CARTESIAN_POINT('',(-31.9,21.3,2.27500000000033));
#6630=CARTESIAN_POINT('',(-31.9,21.3,2.27500000000033));
#6631=CARTESIAN_POINT('',(-31.9,25.3,2.27500000000033));
#6632=CARTESIAN_POINT('',(-31.9,25.3,2.27500000000033));
#6633=CARTESIAN_POINT('',(-31.9,25.3,2.27500000000033));
#6634=CARTESIAN_POINT('Origin',(-31.9,25.3,2.27500000000033));
#6635=CARTESIAN_POINT('',(-31.55,21.3,2.27500000000033));
#6636=CARTESIAN_POINT('',(-31.9,21.3,2.27500000000033));
#6637=CARTESIAN_POINT('',(-31.55,25.3,2.27500000000033));
#6638=CARTESIAN_POINT('',(-31.55,25.3,2.27500000000033));
#6639=CARTESIAN_POINT('',(-31.9,25.3,2.27500000000033));
#6640=CARTESIAN_POINT('Origin',(-31.55,25.3,2.27500000000033));
#6641=CARTESIAN_POINT('',(-31.55,21.3,2.27500000000033));
#6642=CARTESIAN_POINT('',(-31.55,25.3,2.27500000000033));
#6643=CARTESIAN_POINT('Origin',(0.,25.3,0.));
#6644=CARTESIAN_POINT('Origin',(0.,21.3,0.));
#6645=CARTESIAN_POINT('Origin',(-31.9,25.3,3.32500000000033));
#6646=CARTESIAN_POINT('',(-31.55,21.3,3.32500000000033));
#6647=CARTESIAN_POINT('',(-31.9,21.3,3.32500000000033));
#6648=CARTESIAN_POINT('',(-31.9,21.3,3.32500000000033));
#6649=CARTESIAN_POINT('',(-31.9,25.3,3.32500000000033));
#6650=CARTESIAN_POINT('',(-31.9,25.3,3.32500000000033));
#6651=CARTESIAN_POINT('',(-31.55,25.3,3.32500000000033));
#6652=CARTESIAN_POINT('',(-31.9,25.3,3.32500000000033));
#6653=CARTESIAN_POINT('',(-31.55,25.3,3.32500000000033));
#6654=CARTESIAN_POINT('Origin',(-31.9,25.3,3.67500000000033));
#6655=CARTESIAN_POINT('',(-31.9,21.3,3.67500000000033));
#6656=CARTESIAN_POINT('',(-31.9,21.3,3.67500000000033));
#6657=CARTESIAN_POINT('',(-31.9,25.3,3.67500000000033));
#6658=CARTESIAN_POINT('',(-31.9,25.3,3.67500000000033));
#6659=CARTESIAN_POINT('',(-31.9,25.3,3.67500000000033));
#6660=CARTESIAN_POINT('Origin',(-31.9,25.3,3.67500000000033));
#6661=CARTESIAN_POINT('',(-31.55,21.3,3.67500000000033));
#6662=CARTESIAN_POINT('',(-31.9,21.3,3.67500000000033));
#6663=CARTESIAN_POINT('',(-31.55,25.3,3.67500000000033));
#6664=CARTESIAN_POINT('',(-31.55,25.3,3.67500000000033));
#6665=CARTESIAN_POINT('',(-31.9,25.3,3.67500000000033));
#6666=CARTESIAN_POINT('Origin',(-31.55,25.3,3.67500000000033));
#6667=CARTESIAN_POINT('',(-31.55,21.3,3.67500000000033));
#6668=CARTESIAN_POINT('',(-31.55,25.3,3.67500000000033));
#6669=CARTESIAN_POINT('Origin',(0.,25.3,0.));
#6670=CARTESIAN_POINT('Origin',(0.,21.3,0.));
#6671=CARTESIAN_POINT('Origin',(0.575000000000008,18.35,-9.8));
#6672=CARTESIAN_POINT('',(0.575000000000008,18.35,-10.9));
#6673=CARTESIAN_POINT('Origin',(0.575000000000008,18.35,-9.8));
#6674=CARTESIAN_POINT('',(0.575000000000008,18.75,-10.9));
#6675=CARTESIAN_POINT('',(0.575000000000008,18.35,-10.9));
#6676=CARTESIAN_POINT('Origin',(0.575000000000008,18.75,-9.8));
#6677=CARTESIAN_POINT('Origin',(0.57500000000001,18.35,9.8));
#6678=CARTESIAN_POINT('',(0.57500000000001,18.35,8.7));
#6679=CARTESIAN_POINT('Origin',(0.57500000000001,18.35,9.8));
#6680=CARTESIAN_POINT('',(0.57500000000001,18.75,8.7));
#6681=CARTESIAN_POINT('',(0.57500000000001,18.35,8.7));
#6682=CARTESIAN_POINT('',(0.57500000000001,18.75,10.9));
#6683=CARTESIAN_POINT('Origin',(0.57500000000001,18.75,9.8));
#6684=CARTESIAN_POINT('Origin',(0.57500000000001,18.75,9.8));
#6685=CARTESIAN_POINT('Origin',(32.675,28.8,-8.5));
#6686=CARTESIAN_POINT('',(32.675,18.75,-7.5));
#6687=CARTESIAN_POINT('Origin',(32.675,18.75,-8.5));
#6688=CARTESIAN_POINT('',(32.675,18.55,-7.5));
#6689=CARTESIAN_POINT('',(32.675,28.8,-7.5));
#6690=CARTESIAN_POINT('Origin',(32.675,18.55,-8.5));
#6691=CARTESIAN_POINT('Origin',(32.675,28.8,8.5));
#6692=CARTESIAN_POINT('',(32.675,18.75,9.5));
#6693=CARTESIAN_POINT('Origin',(32.675,18.75,8.5));
#6694=CARTESIAN_POINT('',(32.675,18.55,9.5));
#6695=CARTESIAN_POINT('',(32.675,28.8,9.5));
#6696=CARTESIAN_POINT('Origin',(32.675,18.55,8.5));
#6697=CARTESIAN_POINT('Origin',(23.765,-0.3,0.));
#6698=CARTESIAN_POINT('',(23.765,0.,-3.5));
#6699=CARTESIAN_POINT('Origin',(23.765,0.,0.));
#6700=CARTESIAN_POINT('',(23.765,-0.3,-3.5));
#6701=CARTESIAN_POINT('',(23.765,-0.3,-3.5));
#6702=CARTESIAN_POINT('Origin',(23.765,-0.3,0.));
#6703=CARTESIAN_POINT('Origin',(23.765,-0.3,0.));
#6704=CARTESIAN_POINT('',(23.765,-0.3,-2.7));
#6705=CARTESIAN_POINT('Origin',(23.765,-0.3,0.));
#6706=CARTESIAN_POINT('',(23.765,0.2,-2.7));
#6707=CARTESIAN_POINT('',(23.765,-0.3,-2.7));
#6708=CARTESIAN_POINT('Origin',(23.765,0.2,0.));
#6709=CARTESIAN_POINT('Origin',(32.675,0.7,8.5));
#6710=CARTESIAN_POINT('',(32.675,0.7,9.5));
#6711=CARTESIAN_POINT('Origin',(32.675,0.7,8.5));
#6712=CARTESIAN_POINT('',(32.675,0.,9.5));
#6713=CARTESIAN_POINT('',(32.675,0.7,9.5));
#6714=CARTESIAN_POINT('Origin',(32.675,0.,8.5));
#6715=CARTESIAN_POINT('Origin',(32.675,0.7,-8.5));
#6716=CARTESIAN_POINT('',(32.675,0.7,-7.5));
#6717=CARTESIAN_POINT('Origin',(32.675,0.7,-8.5));
#6718=CARTESIAN_POINT('',(32.675,0.,-7.5));
#6719=CARTESIAN_POINT('',(32.675,0.7,-7.5));
#6720=CARTESIAN_POINT('Origin',(32.675,0.,-8.5));
#6721=CARTESIAN_POINT('Origin',(16.615,0.7,-9.75));
#6722=CARTESIAN_POINT('',(16.615,0.7,-8.75));
#6723=CARTESIAN_POINT('Origin',(16.615,0.7,-9.75));
#6724=CARTESIAN_POINT('',(16.615,0.,-8.75));
#6725=CARTESIAN_POINT('',(16.615,0.7,-8.75));
#6726=CARTESIAN_POINT('Origin',(16.615,0.,-9.75));
#6727=CARTESIAN_POINT('Origin',(3.76500000000001,0.7,8.8));
#6728=CARTESIAN_POINT('',(3.76500000000001,18.75,10.34));
#6729=CARTESIAN_POINT('Origin',(3.76500000000001,18.75,8.8));
#6730=CARTESIAN_POINT('',(3.76500000000001,0.,10.34));
#6731=CARTESIAN_POINT('',(3.76500000000001,0.7,10.34));
#6732=CARTESIAN_POINT('',(2.34332105999033,0.,8.20802956870046));
#6733=CARTESIAN_POINT('Origin',(3.76500000000001,0.,8.8));
#6734=CARTESIAN_POINT('',(2.34332105999033,0.7,8.20802956870046));
#6735=CARTESIAN_POINT('',(2.34332105999033,0.7,8.20802956870046));
#6736=CARTESIAN_POINT('',(3.42324767859796,0.7,7.29839907071942));
#6737=CARTESIAN_POINT('Origin',(3.76500000000001,0.699999999999999,8.8));
#6738=CARTESIAN_POINT('',(3.42324767859796,0.,7.29839907071942));
#6739=CARTESIAN_POINT('',(3.42324767859796,0.7,7.29839907071942));
#6740=CARTESIAN_POINT('Origin',(3.76500000000001,0.,8.8));
#6741=CARTESIAN_POINT('Origin',(1.57500000000001,0.7,6.2));
#6742=CARTESIAN_POINT('Origin',(1.57500000000001,0.7,6.2));
#6743=CARTESIAN_POINT('Origin',(1.57500000000001,0.,6.2));
#6744=CARTESIAN_POINT('Origin',(3.76500000000001,0.7,-8.8));
#6745=CARTESIAN_POINT('',(3.76500000000001,18.75,-7.26));
#6746=CARTESIAN_POINT('Origin',(3.76500000000001,18.75,-8.8));
#6747=CARTESIAN_POINT('',(3.76500000000001,0.,-7.26));
#6748=CARTESIAN_POINT('',(3.76500000000001,0.7,-7.26));
#6749=CARTESIAN_POINT('',(3.42324767859796,0.,-7.29839907071942));
#6750=CARTESIAN_POINT('Origin',(3.76500000000001,0.,-8.8));
#6751=CARTESIAN_POINT('',(3.42324767859796,0.7,-7.29839907071941));
#6752=CARTESIAN_POINT('',(3.42324767859796,0.7,-7.29839907071942));
#6753=CARTESIAN_POINT('',(2.34332105999033,0.7,-8.20802956870046));
#6754=CARTESIAN_POINT('Origin',(3.76500000000001,0.699999999999999,-8.8));
#6755=CARTESIAN_POINT('',(2.34332105999033,0.,-8.20802956870046));
#6756=CARTESIAN_POINT('',(2.34332105999033,0.7,-8.20802956870046));
#6757=CARTESIAN_POINT('Origin',(3.76500000000001,0.,-8.8));
#6758=CARTESIAN_POINT('Origin',(1.57500000000001,0.7,-6.2));
#6759=CARTESIAN_POINT('Origin',(1.57500000000001,0.7,-6.2));
#6760=CARTESIAN_POINT('Origin',(1.57500000000001,0.,-6.2));
#6761=CARTESIAN_POINT('Origin',(16.615,0.7,9.75));
#6762=CARTESIAN_POINT('',(16.615,0.7,10.75));
#6763=CARTESIAN_POINT('Origin',(16.615,0.7,9.75));
#6764=CARTESIAN_POINT('',(16.615,0.,10.75));
#6765=CARTESIAN_POINT('',(16.615,0.7,10.75));
#6766=CARTESIAN_POINT('Origin',(16.615,0.,9.75));
#6767=CARTESIAN_POINT('Origin',(12.765,-1.27,0.));
#6768=CARTESIAN_POINT('',(12.765,-1.77,1.49));
#6769=CARTESIAN_POINT('Origin',(12.765,-1.77,0.));
#6770=CARTESIAN_POINT('',(12.765,-1.27,1.99));
#6771=CARTESIAN_POINT('Origin',(12.765,-1.27,1.49));
#6772=CARTESIAN_POINT('',(12.765,-1.27,-1.99));
#6773=CARTESIAN_POINT('Origin',(12.765,-1.27,0.));
#6774=CARTESIAN_POINT('Origin',(12.765,-1.27,0.));
#6775=CARTESIAN_POINT('Origin',(12.765,-1.77,0.));
#6776=CARTESIAN_POINT('',(12.765,0.,-1.99));
#6777=CARTESIAN_POINT('Origin',(12.765,0.,0.));
#6778=CARTESIAN_POINT('',(12.765,-1.77,-1.99));
#6779=CARTESIAN_POINT('Origin',(37.575,7.975,0.));
#6780=CARTESIAN_POINT('',(37.575,7.975,-1.49500000000001));
#6781=CARTESIAN_POINT('Origin',(37.575,7.975,0.));
#6782=CARTESIAN_POINT('',(37.575,10.775,-1.49500000000001));
#6783=CARTESIAN_POINT('',(37.575,7.975,-1.49500000000001));
#6784=CARTESIAN_POINT('Origin',(37.575,10.775,0.));
#6785=CARTESIAN_POINT('Origin',(-26.625,9.2292104921424,1.30104260698261E-15));
#6786=CARTESIAN_POINT('',(-34.125,0.109999999999999,3.));
#6787=CARTESIAN_POINT('',(-34.125,16.7232080902205,6.));
#6788=CARTESIAN_POINT('Origin',(-34.125,9.2292104921424,1.30104260698261E-15));
#6789=CARTESIAN_POINT('',(-39.975,16.7232080902205,6.));
#6790=CARTESIAN_POINT('',(-26.625,16.7232080902205,6.));
#6791=CARTESIAN_POINT('',(-39.975,0.11,3.));
#6792=CARTESIAN_POINT('Origin',(-39.975,9.2292104921424,1.30104260698261E-15));
#6793=CARTESIAN_POINT('',(-26.625,0.11,3.));
#6794=CARTESIAN_POINT('Origin',(-34.125,20.15,5.2));
#6795=CARTESIAN_POINT('',(-25.125,20.15,-5.2));
#6796=CARTESIAN_POINT('',(-13.825,20.15,-5.2));
#6797=CARTESIAN_POINT('',(-34.125,20.15,-5.2));
#6798=CARTESIAN_POINT('',(-25.125,20.15,-3.5));
#6799=CARTESIAN_POINT('',(-25.125,20.15,-5.2));
#6800=CARTESIAN_POINT('',(-20.425,20.15,-3.5));
#6801=CARTESIAN_POINT('',(-25.125,20.15,-3.5));
#6802=CARTESIAN_POINT('',(-20.425,20.15,3.5));
#6803=CARTESIAN_POINT('',(-20.425,20.15,-3.5));
#6804=CARTESIAN_POINT('',(-25.125,20.15,3.5));
#6805=CARTESIAN_POINT('',(-25.125,20.15,3.5));
#6806=CARTESIAN_POINT('',(-25.125,20.15,5.2));
#6807=CARTESIAN_POINT('',(-25.125,20.15,5.2));
#6808=CARTESIAN_POINT('',(-13.825,20.15,5.2));
#6809=CARTESIAN_POINT('',(-34.125,20.15,5.2));
#6810=CARTESIAN_POINT('',(-13.825,20.15,5.2));
#6811=CARTESIAN_POINT('',(-16.025,20.15,-2.5));
#6812=CARTESIAN_POINT('',(-16.025,20.15,-4.5));
#6813=CARTESIAN_POINT('Origin',(-16.025,20.15,-3.5));
#6814=CARTESIAN_POINT('',(-17.325,20.15,-2.5));
#6815=CARTESIAN_POINT('',(-34.125,20.15,-2.50000000000001));
#6816=CARTESIAN_POINT('',(-17.325,20.15,-4.5));
#6817=CARTESIAN_POINT('Origin',(-17.325,20.15,-3.5));
#6818=CARTESIAN_POINT('',(-34.125,20.15,-4.49999999999999));
#6819=CARTESIAN_POINT('',(-16.025,20.15,4.5));
#6820=CARTESIAN_POINT('',(-16.025,20.15,2.5));
#6821=CARTESIAN_POINT('Origin',(-16.025,20.15,3.5));
#6822=CARTESIAN_POINT('',(-17.325,20.15,4.5));
#6823=CARTESIAN_POINT('',(-34.125,20.15,4.5));
#6824=CARTESIAN_POINT('',(-17.325,20.15,2.5));
#6825=CARTESIAN_POINT('Origin',(-17.325,20.15,3.5));
#6826=CARTESIAN_POINT('',(-34.125,20.15,2.5));
#6827=CARTESIAN_POINT('Origin',(-34.125,20.15,5.2));
#6828=CARTESIAN_POINT('',(-26.625,20.15,3.2));
#6829=CARTESIAN_POINT('',(-26.625,20.15,-3.2));
#6830=CARTESIAN_POINT('',(-26.625,20.15,5.2));
#6831=CARTESIAN_POINT('',(-20.725,20.15,3.2));
#6832=CARTESIAN_POINT('',(-26.625,20.15,3.2));
#6833=CARTESIAN_POINT('',(-20.725,20.15,-3.2));
#6834=CARTESIAN_POINT('',(-20.725,20.15,3.2));
#6835=CARTESIAN_POINT('',(-26.625,20.15,-3.2));
#6836=CARTESIAN_POINT('Origin',(30.675,18.75,-6.7));
#6837=CARTESIAN_POINT('',(-0.824999999999992,18.75,-10.9));
#6838=CARTESIAN_POINT('',(30.675,18.75,-10.9));
#6839=CARTESIAN_POINT('',(-0.824999999999992,18.75,-5.2));
#6840=CARTESIAN_POINT('',(-0.824999999999992,18.75,11.2));
#6841=CARTESIAN_POINT('',(-11.825,18.75,-5.2));
#6842=CARTESIAN_POINT('',(-11.825,18.75,-5.2));
#6843=CARTESIAN_POINT('',(-11.825,18.75,5.2));
#6844=CARTESIAN_POINT('',(-11.825,18.75,-5.2));
#6845=CARTESIAN_POINT('',(-0.824999999999992,18.75,5.2));
#6846=CARTESIAN_POINT('',(-11.825,18.75,5.2));
#6847=CARTESIAN_POINT('',(-0.824999999999992,18.75,10.9));
#6848=CARTESIAN_POINT('',(-0.824999999999992,18.75,11.2));
#6849=CARTESIAN_POINT('',(30.675,18.75,10.9));
#6850=CARTESIAN_POINT('',(30.675,18.75,10.9));
#6851=CARTESIAN_POINT('',(30.675,18.75,10.9));
#6852=CARTESIAN_POINT('',(34.875,18.75,6.7));
#6853=CARTESIAN_POINT('Origin',(30.675,18.75,6.7));
#6854=CARTESIAN_POINT('',(34.875,18.75,-6.7));
#6855=CARTESIAN_POINT('',(34.875,18.75,-6.7));
#6856=CARTESIAN_POINT('',(30.675,18.75,-10.9));
#6857=CARTESIAN_POINT('Origin',(30.675,18.75,-6.7));
#6858=CARTESIAN_POINT('',(30.675,18.75,-10.9));
#6859=CARTESIAN_POINT('',(-9.56008529610859,18.75,2.5));
#6860=CARTESIAN_POINT('',(-6.625,18.75,2.5));
#6861=CARTESIAN_POINT('',(-6.425,18.75,2.5));
#6862=CARTESIAN_POINT('',(-9.79102540378444,18.75,2.3));
#6863=CARTESIAN_POINT('Origin',(-9.56008529610876,18.75,2.30000000000015));
#6864=CARTESIAN_POINT('',(-9.79102540378444,18.75,-2.3));
#6865=CARTESIAN_POINT('',(-9.79102540378444,18.75,2.5));
#6866=CARTESIAN_POINT('',(-9.56008529610859,18.75,-2.5));
#6867=CARTESIAN_POINT('Origin',(-9.56008529610856,18.75,-2.29999999999997));
#6868=CARTESIAN_POINT('',(-6.625,18.75,-2.5));
#6869=CARTESIAN_POINT('',(-6.425,18.75,-2.5));
#6870=CARTESIAN_POINT('',(-6.425,18.75,-2.3));
#6871=CARTESIAN_POINT('Origin',(-6.625,18.75,-2.3));
#6872=CARTESIAN_POINT('',(-6.425,18.75,2.3));
#6873=CARTESIAN_POINT('',(-6.425,18.75,2.5));
#6874=CARTESIAN_POINT('Origin',(-6.625,18.75,2.3));
#6875=CARTESIAN_POINT('Origin',(30.675,0.,-6.7));
#6876=CARTESIAN_POINT('',(-0.824999999999992,0.,-10.9));
#6877=CARTESIAN_POINT('',(-0.824999999999992,0.,10.9));
#6878=CARTESIAN_POINT('',(-0.824999999999992,0.,11.2));
#6879=CARTESIAN_POINT('',(30.675,0.,-10.9));
#6880=CARTESIAN_POINT('',(30.675,0.,-10.9));
#6881=CARTESIAN_POINT('',(34.875,0.,-6.7));
#6882=CARTESIAN_POINT('Origin',(30.675,0.,-6.7));
#6883=CARTESIAN_POINT('',(34.875,0.,6.7));
#6884=CARTESIAN_POINT('',(34.875,0.,6.7));
#6885=CARTESIAN_POINT('',(30.675,0.,10.9));
#6886=CARTESIAN_POINT('Origin',(30.675,0.,6.7));
#6887=CARTESIAN_POINT('',(-0.824999999999992,0.,10.9));
#6888=CARTESIAN_POINT('Origin',(35.175,18.75,6.7));
#6889=CARTESIAN_POINT('',(35.175,18.45,6.7));
#6890=CARTESIAN_POINT('',(35.175,0.300000000000002,6.7));
#6891=CARTESIAN_POINT('',(35.175,18.75,6.7));
#6892=CARTESIAN_POINT('',(35.175,0.300000000000002,-6.7));
#6893=CARTESIAN_POINT('',(35.175,0.300000000000002,-6.7));
#6894=CARTESIAN_POINT('',(35.175,18.45,-6.7));
#6895=CARTESIAN_POINT('',(35.175,18.75,-6.7));
#6896=CARTESIAN_POINT('',(35.175,18.45,6.7));
#6897=CARTESIAN_POINT('',(35.175,7.475,-3.1));
#6898=CARTESIAN_POINT('',(35.175,11.275,-3.1));
#6899=CARTESIAN_POINT('',(35.175,7.975,-3.1));
#6900=CARTESIAN_POINT('',(35.175,7.475,3.1));
#6901=CARTESIAN_POINT('',(35.175,7.475,6.7));
#6902=CARTESIAN_POINT('',(35.175,11.275,3.1));
#6903=CARTESIAN_POINT('',(35.175,7.975,3.1));
#6904=CARTESIAN_POINT('',(35.175,11.275,-3.1));
#6905=CARTESIAN_POINT('Origin',(-0.824999999999992,18.75,11.2));
#6906=CARTESIAN_POINT('',(-0.824999999999992,18.45,-11.2));
#6907=CARTESIAN_POINT('Origin',(-0.824999999999992,18.45,-10.9));
#6908=CARTESIAN_POINT('',(-0.824999999999992,12.75,-11.2));
#6909=CARTESIAN_POINT('',(-0.824999999999992,18.75,-11.2));
#6910=CARTESIAN_POINT('Origin',(-0.824999999999992,12.75,-5.2));
#6911=CARTESIAN_POINT('Origin',(-0.824999999999992,18.75,11.2));
#6912=CARTESIAN_POINT('',(-0.824999999999992,18.45,11.2));
#6913=CARTESIAN_POINT('',(-0.824999999999992,12.75,11.2));
#6914=CARTESIAN_POINT('',(-0.824999999999992,18.75,11.2));
#6915=CARTESIAN_POINT('Origin',(-0.824999999999992,18.45,10.9));
#6916=CARTESIAN_POINT('Origin',(-0.824999999999992,12.75,5.2));
#6917=CARTESIAN_POINT('Origin',(-0.824999999999992,18.75,11.2));
#6918=CARTESIAN_POINT('',(-0.824999999999992,7.5,-11.2));
#6919=CARTESIAN_POINT('',(-0.824999999999992,0.300000000000002,-11.2));
#6920=CARTESIAN_POINT('',(-0.824999999999992,18.75,-11.2));
#6921=CARTESIAN_POINT('Origin',(-0.824999999999992,0.300000000000002,-10.9));
#6922=CARTESIAN_POINT('',(-0.824999999999992,0.300000000000002,11.2));
#6923=CARTESIAN_POINT('Origin',(-0.824999999999992,0.300000000000002,10.9));
#6924=CARTESIAN_POINT('',(-0.824999999999992,7.5,11.2));
#6925=CARTESIAN_POINT('',(-0.824999999999992,18.75,11.2));
#6926=CARTESIAN_POINT('',(-0.824999999999992,1.5,5.2));
#6927=CARTESIAN_POINT('Origin',(-0.824999999999992,7.5,5.2));
#6928=CARTESIAN_POINT('',(-0.824999999999992,1.5,-5.2));
#6929=CARTESIAN_POINT('',(-0.824999999999992,1.5,-5.2));
#6930=CARTESIAN_POINT('Origin',(-0.824999999999992,7.5,-5.2));
#6931=CARTESIAN_POINT('Origin',(-0.824999999999992,18.75,11.2));
#6932=CARTESIAN_POINT('',(30.675,0.300000000000002,11.2));
#6933=CARTESIAN_POINT('',(30.675,0.300000000000002,11.2));
#6934=CARTESIAN_POINT('',(30.675,18.45,11.2));
#6935=CARTESIAN_POINT('',(30.675,18.75,11.2));
#6936=CARTESIAN_POINT('',(-0.824999999999992,18.45,11.2));
#6937=CARTESIAN_POINT('',(-11.825,12.75,11.2));
#6938=CARTESIAN_POINT('',(-11.825,12.75,11.2));
#6939=CARTESIAN_POINT('',(-11.825,7.5,11.2));
#6940=CARTESIAN_POINT('',(-11.825,12.75,11.2));
#6941=CARTESIAN_POINT('',(-11.825,7.5,11.2));
#6942=CARTESIAN_POINT('Origin',(30.675,18.75,6.7));
#6943=CARTESIAN_POINT('Origin',(30.675,0.300000000000002,6.7));
#6944=CARTESIAN_POINT('Origin',(30.675,18.45,6.7));
#6945=CARTESIAN_POINT('Origin',(30.675,18.75,-6.7));
#6946=CARTESIAN_POINT('',(30.675,0.300000000000002,-11.2));
#6947=CARTESIAN_POINT('Origin',(30.675,0.300000000000002,-6.7));
#6948=CARTESIAN_POINT('',(30.675,18.45,-11.2));
#6949=CARTESIAN_POINT('',(30.675,18.75,-11.2));
#6950=CARTESIAN_POINT('Origin',(30.675,18.45,-6.7));
#6951=CARTESIAN_POINT('Origin',(-0.824999999999992,18.75,-11.2));
#6952=CARTESIAN_POINT('',(-0.824999999999992,0.300000000000002,-11.2));
#6953=CARTESIAN_POINT('',(-11.825,7.5,-11.2));
#6954=CARTESIAN_POINT('',(-11.825,7.5,-11.2));
#6955=CARTESIAN_POINT('',(-11.825,12.75,-11.2));
#6956=CARTESIAN_POINT('',(-11.825,12.75,-11.2));
#6957=CARTESIAN_POINT('',(-11.825,12.75,-11.2));
#6958=CARTESIAN_POINT('',(-0.824999999999992,18.45,-11.2));
#6959=CARTESIAN_POINT('Origin',(-11.825,7.5,-5.2));
#6960=CARTESIAN_POINT('',(-11.825,1.5,-5.2));
#6961=CARTESIAN_POINT('',(-11.825,1.5,-5.2));
#6962=CARTESIAN_POINT('Origin',(-11.825,7.5,-5.2));
#6963=CARTESIAN_POINT('Origin',(-11.825,1.5,-5.2));
#6964=CARTESIAN_POINT('',(-11.825,1.5,5.2));
#6965=CARTESIAN_POINT('',(-11.825,1.5,5.2));
#6966=CARTESIAN_POINT('',(-11.825,1.5,-5.2));
#6967=CARTESIAN_POINT('',(-9.79102540378444,1.5,2.3));
#6968=CARTESIAN_POINT('',(-9.79102540378444,1.5,-2.3));
#6969=CARTESIAN_POINT('',(-9.79102540378444,1.5,2.5));
#6970=CARTESIAN_POINT('',(-9.56008529610859,1.5,2.5));
#6971=CARTESIAN_POINT('Origin',(-9.56008529610862,1.5,2.30000000000002));
#6972=CARTESIAN_POINT('',(-6.625,1.5,2.5));
#6973=CARTESIAN_POINT('',(-6.425,1.5,2.5));
#6974=CARTESIAN_POINT('',(-6.425,1.5,2.3));
#6975=CARTESIAN_POINT('Origin',(-6.625,1.5,2.3));
#6976=CARTESIAN_POINT('',(-6.425,1.5,-2.3));
#6977=CARTESIAN_POINT('',(-6.425,1.5,2.5));
#6978=CARTESIAN_POINT('',(-6.625,1.5,-2.5));
#6979=CARTESIAN_POINT('Origin',(-6.625,1.5,-2.3));
#6980=CARTESIAN_POINT('',(-9.56008529610859,1.5,-2.5));
#6981=CARTESIAN_POINT('',(-6.425,1.5,-2.5));
#6982=CARTESIAN_POINT('Origin',(-9.56008529610857,1.5,-2.29999999999998));
#6983=CARTESIAN_POINT('Origin',(-11.825,7.5,5.2));
#6984=CARTESIAN_POINT('Origin',(-11.825,7.5,5.2));
#6985=CARTESIAN_POINT('Origin',(-11.825,12.75,5.2));
#6986=CARTESIAN_POINT('Origin',(-11.825,12.75,5.2));
#6987=CARTESIAN_POINT('Origin',(-11.825,12.75,-5.2));
#6988=CARTESIAN_POINT('Origin',(-11.825,12.75,-5.2));
#6989=CARTESIAN_POINT('Origin',(-11.825,12.75,-5.2));
#6990=CARTESIAN_POINT('',(-11.825,0.63589838486224,5.2));
#6991=CARTESIAN_POINT('',(-11.825,0.635898384862239,-5.2));
#6992=CARTESIAN_POINT('',(-11.825,0.635898384862239,-5.2));
#6993=CARTESIAN_POINT('',(-11.825,7.5,-12.0641016151378));
#6994=CARTESIAN_POINT('Origin',(-11.825,7.5,-5.2));
#6995=CARTESIAN_POINT('',(-11.825,12.75,-12.0641016151378));
#6996=CARTESIAN_POINT('',(-11.825,12.75,-12.0641016151378));
#6997=CARTESIAN_POINT('',(-11.825,19.6141016151378,-5.2));
#6998=CARTESIAN_POINT('Origin',(-11.825,12.75,-5.2));
#6999=CARTESIAN_POINT('',(-11.825,19.6141016151378,5.2));
#7000=CARTESIAN_POINT('',(-11.825,19.6141016151378,-5.2));
#7001=CARTESIAN_POINT('',(-11.825,12.75,12.0641016151378));
#7002=CARTESIAN_POINT('Origin',(-11.825,12.75,5.2));
#7003=CARTESIAN_POINT('',(-11.825,7.5,12.0641016151378));
#7004=CARTESIAN_POINT('',(-11.825,12.75,12.0641016151378));
#7005=CARTESIAN_POINT('Origin',(-11.825,7.5,5.2));
#7006=CARTESIAN_POINT('Origin',(-34.125,12.75,-5.2));
#7007=CARTESIAN_POINT('',(-34.125,20.1066296630998,-6.));
#7008=CARTESIAN_POINT('',(-34.125,12.75,-12.6));
#7009=CARTESIAN_POINT('Origin',(-34.125,12.75,-5.2));
#7010=CARTESIAN_POINT('',(-26.625,20.1066296630998,-6.));
#7011=CARTESIAN_POINT('',(-34.125,20.1066296630998,-6.));
#7012=CARTESIAN_POINT('',(-26.625,20.15,-5.2));
#7013=CARTESIAN_POINT('Origin',(-26.625,12.75,-5.2));
#7014=CARTESIAN_POINT('',(-34.125,20.15,-5.2));
#7015=CARTESIAN_POINT('',(-13.825,12.75,-12.6));
#7016=CARTESIAN_POINT('Origin',(-13.825,12.75,-5.2));
#7017=CARTESIAN_POINT('',(-34.125,12.75,-12.6));
#7018=CARTESIAN_POINT('Origin',(-34.125,12.75,-12.6));
#7019=CARTESIAN_POINT('',(-13.825,7.5,-12.6));
#7020=CARTESIAN_POINT('',(-13.825,12.75,-12.6));
#7021=CARTESIAN_POINT('',(-34.125,7.5,-12.6));
#7022=CARTESIAN_POINT('',(-34.125,7.5,-12.6));
#7023=CARTESIAN_POINT('',(-34.125,12.75,-12.6));
#7024=CARTESIAN_POINT('Origin',(-34.125,7.5,-5.2));
#7025=CARTESIAN_POINT('',(-13.825,0.0999999999999994,-5.2));
#7026=CARTESIAN_POINT('Origin',(-13.825,7.5,-5.2));
#7027=CARTESIAN_POINT('',(-34.125,0.0999999999999994,-5.2));
#7028=CARTESIAN_POINT('',(-34.125,0.0999999999999994,-5.2));
#7029=CARTESIAN_POINT('Origin',(-34.125,7.5,-5.2));
#7030=CARTESIAN_POINT('Origin',(-34.125,0.0999999999999994,-5.2));
#7031=CARTESIAN_POINT('',(-13.825,0.1,5.2));
#7032=CARTESIAN_POINT('',(-13.825,0.0999999999999994,-5.2));
#7033=CARTESIAN_POINT('',(-34.125,0.1,5.2));
#7034=CARTESIAN_POINT('',(-34.125,0.1,5.2));
#7035=CARTESIAN_POINT('',(-34.125,0.0999999999999994,-5.2));
#7036=CARTESIAN_POINT('',(-21.525,0.1,2.5));
#7037=CARTESIAN_POINT('',(-16.025,0.0999999999999999,2.5));
#7038=CARTESIAN_POINT('',(-21.525,0.0999999999999999,2.5));
#7039=CARTESIAN_POINT('',(-21.525,0.0999999999999999,4.5));
#7040=CARTESIAN_POINT('Origin',(-21.525,0.0999999999999999,3.5));
#7041=CARTESIAN_POINT('',(-16.025,0.0999999999999999,4.5));
#7042=CARTESIAN_POINT('',(-21.525,0.0999999999999999,4.5));
#7043=CARTESIAN_POINT('Origin',(-16.025,0.0999999999999999,3.5));
#7044=CARTESIAN_POINT('',(-21.525,0.0999999999999995,-4.5));
#7045=CARTESIAN_POINT('',(-16.025,0.0999999999999997,-4.5));
#7046=CARTESIAN_POINT('',(-21.525,0.0999999999999997,-4.5));
#7047=CARTESIAN_POINT('',(-21.525,0.0999999999999998,-2.5));
#7048=CARTESIAN_POINT('Origin',(-21.525,0.0999999999999998,-3.5));
#7049=CARTESIAN_POINT('',(-16.025,0.0999999999999998,-2.5));
#7050=CARTESIAN_POINT('',(-21.525,0.0999999999999998,-2.5));
#7051=CARTESIAN_POINT('Origin',(-16.025,0.0999999999999998,-3.5));
#7052=CARTESIAN_POINT('Origin',(-34.125,7.5,5.2));
#7053=CARTESIAN_POINT('',(-13.825,7.5,12.6));
#7054=CARTESIAN_POINT('Origin',(-13.825,7.5,5.2));
#7055=CARTESIAN_POINT('',(-34.125,7.5,12.6));
#7056=CARTESIAN_POINT('',(-34.125,7.5,12.6));
#7057=CARTESIAN_POINT('Origin',(-34.125,7.5,5.2));
#7058=CARTESIAN_POINT('Origin',(-34.125,7.5,12.6));
#7059=CARTESIAN_POINT('',(-13.825,12.75,12.6));
#7060=CARTESIAN_POINT('',(-13.825,7.5,12.6));
#7061=CARTESIAN_POINT('',(-34.125,12.75,12.6));
#7062=CARTESIAN_POINT('',(-34.125,12.75,12.6));
#7063=CARTESIAN_POINT('',(-34.125,7.5,12.6));
#7064=CARTESIAN_POINT('Origin',(-34.125,12.75,5.2));
#7065=CARTESIAN_POINT('',(-26.625,20.1066296630998,6.));
#7066=CARTESIAN_POINT('',(-26.625,20.15,5.2));
#7067=CARTESIAN_POINT('Origin',(-26.625,12.75,5.2));
#7068=CARTESIAN_POINT('',(-34.125,20.1066296630998,6.));
#7069=CARTESIAN_POINT('',(-34.125,20.1066296630998,6.));
#7070=CARTESIAN_POINT('Origin',(-34.125,12.75,5.2));
#7071=CARTESIAN_POINT('Origin',(-13.825,12.75,5.2));
#7072=CARTESIAN_POINT('',(-34.125,20.15,5.2));
#7073=CARTESIAN_POINT('Origin',(-34.125,12.75,-5.2));
#7074=CARTESIAN_POINT('',(-34.125,16.7232080902205,-6.));
#7075=CARTESIAN_POINT('',(-34.125,12.75,-6.));
#7076=CARTESIAN_POINT('',(-34.125,12.75,6.));
#7077=CARTESIAN_POINT('',(-34.125,0.109999999999999,-3.));
#7078=CARTESIAN_POINT('',(-34.125,0.109999999999999,-5.2));
#7079=CARTESIAN_POINT('Origin',(-34.125,9.2292104921424,1.30104260698261E-15));
#7080=CARTESIAN_POINT('Origin',(-13.825,12.75,5.2));
#7081=CARTESIAN_POINT('',(-11.825,12.75,12.0641016151378));
#7082=CARTESIAN_POINT('',(-13.825,20.15,5.2));
#7083=CARTESIAN_POINT('Origin',(-13.825,20.15,5.2));
#7084=CARTESIAN_POINT('',(-13.825,20.15,-5.2));
#7085=CARTESIAN_POINT('Origin',(-13.825,7.5,12.6));
#7086=CARTESIAN_POINT('',(-11.825,7.5,12.0641016151378));
#7087=CARTESIAN_POINT('Origin',(-13.825,12.75,-5.2));
#7088=CARTESIAN_POINT('',(-13.825,12.75,-12.6));
#7089=CARTESIAN_POINT('Origin',(-13.825,7.5,5.2));
#7090=CARTESIAN_POINT('',(-11.825,0.63589838486224,5.2));
#7091=CARTESIAN_POINT('Origin',(-13.825,12.75,-12.6));
#7092=CARTESIAN_POINT('',(-13.825,7.5,-12.6));
#7093=CARTESIAN_POINT('Origin',(-13.825,0.0999999999999994,-5.2));
#7094=CARTESIAN_POINT('',(-11.825,0.635898384862239,-5.2));
#7095=CARTESIAN_POINT('Origin',(-13.825,7.5,-5.2));
#7096=CARTESIAN_POINT('Origin',(-26.625,9.2292104921424,1.30104260698261E-15));
#7097=CARTESIAN_POINT('',(-26.625,18.55,5.2));
#7098=CARTESIAN_POINT('',(-26.625,6.44215130586775,5.2));
#7099=CARTESIAN_POINT('',(-26.625,18.55,3.2));
#7100=CARTESIAN_POINT('',(-26.625,18.55,5.2));
#7101=CARTESIAN_POINT('',(-26.625,6.44215130586775,3.2));
#7102=CARTESIAN_POINT('',(-26.625,18.55,-3.2));
#7103=CARTESIAN_POINT('',(-26.625,6.44215130586775,-3.2));
#7104=CARTESIAN_POINT('',(-26.625,18.55,-5.2));
#7105=CARTESIAN_POINT('',(-26.625,18.55,-5.2));
#7106=CARTESIAN_POINT('',(-26.625,6.44215130586775,-5.2));
#7107=CARTESIAN_POINT('',(-26.625,25.9,-6.));
#7108=CARTESIAN_POINT('',(-26.625,25.9,-6.));
#7109=CARTESIAN_POINT('',(-26.625,25.9,6.));
#7110=CARTESIAN_POINT('',(-26.625,25.9,6.));
#7111=CARTESIAN_POINT('',(-26.625,16.7232080902205,6.));
#7112=CARTESIAN_POINT('Origin',(-26.625,25.9,-6.));
#7113=CARTESIAN_POINT('',(-39.975,16.7232080902205,-6.));
#7114=CARTESIAN_POINT('',(-26.625,16.7232080902205,-6.));
#7115=CARTESIAN_POINT('',(-39.975,25.9,-6.));
#7116=CARTESIAN_POINT('',(-39.975,25.9,-6.));
#7117=CARTESIAN_POINT('',(-26.625,25.9,-6.));
#7118=CARTESIAN_POINT('Origin',(-26.625,16.7232080902205,6.));
#7119=CARTESIAN_POINT('',(-39.975,25.9,6.));
#7120=CARTESIAN_POINT('',(-26.625,25.9,6.));
#7121=CARTESIAN_POINT('',(-39.975,16.7232080902205,6.));
#7122=CARTESIAN_POINT('Origin',(-26.625,0.109999999999999,-3.));
#7123=CARTESIAN_POINT('',(-39.975,0.109999999999999,-3.));
#7124=CARTESIAN_POINT('',(-26.625,0.109999999999999,-3.));
#7125=CARTESIAN_POINT('',(-39.975,0.109999999999999,-3.));
#7126=CARTESIAN_POINT('Origin',(-26.625,9.2292104921424,1.30104260698261E-15));
#7127=CARTESIAN_POINT('Origin',(-39.975,9.2292104921424,1.30104260698261E-15));
#7128=CARTESIAN_POINT('Origin',(-26.625,25.9,6.));
#7129=CARTESIAN_POINT('',(-39.975,25.9,6.));
#7130=CARTESIAN_POINT('',(-29.125,25.9,5.));
#7131=CARTESIAN_POINT('',(-29.125,25.9,-5.));
#7132=CARTESIAN_POINT('',(-29.125,25.9,5.));
#7133=CARTESIAN_POINT('',(-33.125,25.9,5.));
#7134=CARTESIAN_POINT('',(-33.125,25.9,5.));
#7135=CARTESIAN_POINT('',(-33.125,25.9,-5.));
#7136=CARTESIAN_POINT('',(-33.125,25.9,5.));
#7137=CARTESIAN_POINT('',(-33.125,25.9,-5.));
#7138=CARTESIAN_POINT('Origin',(-39.975,9.2292104921424,1.30104260698261E-15));
#7139=CARTESIAN_POINT('Origin',(-21.525,1.1,-3.5));
#7140=CARTESIAN_POINT('',(-21.525,1.1,-4.5));
#7141=CARTESIAN_POINT('',(-21.525,1.1,-4.5));
#7142=CARTESIAN_POINT('',(-21.525,1.1,-2.5));
#7143=CARTESIAN_POINT('Origin',(-21.525,1.1,-3.5));
#7144=CARTESIAN_POINT('',(-21.525,1.1,-2.5));
#7145=CARTESIAN_POINT('Origin',(-21.525,1.1,-2.5));
#7146=CARTESIAN_POINT('',(-16.025,1.1,-2.5));
#7147=CARTESIAN_POINT('',(-21.525,1.1,-2.5));
#7148=CARTESIAN_POINT('',(-16.025,1.1,-2.5));
#7149=CARTESIAN_POINT('Origin',(-16.025,1.1,-3.5));
#7150=CARTESIAN_POINT('',(-16.025,1.1,-4.5));
#7151=CARTESIAN_POINT('Origin',(-16.025,1.1,-3.5));
#7152=CARTESIAN_POINT('',(-16.025,1.1,-4.5));
#7153=CARTESIAN_POINT('Origin',(-21.525,1.1,-4.5));
#7154=CARTESIAN_POINT('',(-21.525,1.1,-4.5));
#7155=CARTESIAN_POINT('Origin',(-21.525,1.1,-3.5));
#7156=CARTESIAN_POINT('Origin',(-21.525,1.1,3.5));
#7157=CARTESIAN_POINT('',(-21.525,1.1,2.5));
#7158=CARTESIAN_POINT('',(-21.525,1.1,2.5));
#7159=CARTESIAN_POINT('',(-21.525,1.1,4.5));
#7160=CARTESIAN_POINT('Origin',(-21.525,1.1,3.5));
#7161=CARTESIAN_POINT('',(-21.525,1.1,4.5));
#7162=CARTESIAN_POINT('Origin',(-21.525,1.1,4.5));
#7163=CARTESIAN_POINT('',(-16.025,1.1,4.5));
#7164=CARTESIAN_POINT('',(-21.525,1.1,4.5));
#7165=CARTESIAN_POINT('',(-16.025,1.1,4.5));
#7166=CARTESIAN_POINT('Origin',(-16.025,1.1,3.5));
#7167=CARTESIAN_POINT('',(-16.025,1.1,2.5));
#7168=CARTESIAN_POINT('Origin',(-16.025,1.1,3.5));
#7169=CARTESIAN_POINT('',(-16.025,1.1,2.5));
#7170=CARTESIAN_POINT('Origin',(-21.525,1.1,2.5));
#7171=CARTESIAN_POINT('',(-21.525,1.1,2.5));
#7172=CARTESIAN_POINT('Origin',(-21.525,1.1,3.5));
#7173=CARTESIAN_POINT('Origin',(35.775,7.975,-3.1));
#7174=CARTESIAN_POINT('',(35.775,7.975,2.5));
#7175=CARTESIAN_POINT('',(35.675,7.975,2.50839202169004));
#7176=CARTESIAN_POINT('Origin',(35.775,7.975,3.1));
#7177=CARTESIAN_POINT('',(35.675,7.975,-2.50839202169004));
#7178=CARTESIAN_POINT('',(35.675,7.975,-3.1));
#7179=CARTESIAN_POINT('',(35.775,7.975,-2.5));
#7180=CARTESIAN_POINT('Origin',(35.775,7.975,-3.1));
#7181=CARTESIAN_POINT('',(39.375,7.975,-2.5));
#7182=CARTESIAN_POINT('',(39.375,7.975,-2.5));
#7183=CARTESIAN_POINT('',(39.975,7.975,-1.9));
#7184=CARTESIAN_POINT('Origin',(39.375,7.975,-1.9));
#7185=CARTESIAN_POINT('',(39.975,7.975,1.9));
#7186=CARTESIAN_POINT('',(39.975,7.975,1.9));
#7187=CARTESIAN_POINT('',(39.375,7.975,2.5));
#7188=CARTESIAN_POINT('Origin',(39.375,7.975,1.9));
#7189=CARTESIAN_POINT('',(35.775,7.975,2.5));
#7190=CARTESIAN_POINT('Origin',(35.775,10.775,-3.1));
#7191=CARTESIAN_POINT('',(35.675,10.775,-2.50839202169004));
#7192=CARTESIAN_POINT('',(35.775,10.775,-2.5));
#7193=CARTESIAN_POINT('Origin',(35.775,10.775,-3.1));
#7194=CARTESIAN_POINT('',(35.675,10.775,2.50839202169004));
#7195=CARTESIAN_POINT('',(35.675,10.775,3.1));
#7196=CARTESIAN_POINT('',(35.775,10.775,2.5));
#7197=CARTESIAN_POINT('Origin',(35.775,10.775,3.1));
#7198=CARTESIAN_POINT('',(39.375,10.775,2.5));
#7199=CARTESIAN_POINT('',(35.775,10.775,2.5));
#7200=CARTESIAN_POINT('',(39.975,10.775,1.9));
#7201=CARTESIAN_POINT('Origin',(39.375,10.775,1.9));
#7202=CARTESIAN_POINT('',(39.975,10.775,-1.9));
#7203=CARTESIAN_POINT('',(39.975,10.775,1.9));
#7204=CARTESIAN_POINT('',(39.375,10.775,-2.5));
#7205=CARTESIAN_POINT('Origin',(39.375,10.775,-1.9));
#7206=CARTESIAN_POINT('',(39.375,10.775,-2.5));
#7207=CARTESIAN_POINT('Origin',(35.775,7.975,-3.1));
#7208=CARTESIAN_POINT('Ctrl Pts',(35.175,11.275,-3.1));
#7209=CARTESIAN_POINT('Ctrl Pts',(35.175,11.2108884954557,-3.02976936553094));
#7210=CARTESIAN_POINT('Ctrl Pts',(35.1879097526928,11.1413002776554,-2.9535761423193));
#7211=CARTESIAN_POINT('Ctrl Pts',(35.2450504699522,11.0099039766944,-2.80799240829927));
#7212=CARTESIAN_POINT('Ctrl Pts',(35.289239830372,10.9480979761628,-2.73858369199644));
#7213=CARTESIAN_POINT('Ctrl Pts',(35.3844356260074,10.8648992749629,-2.6412106150458));
#7214=CARTESIAN_POINT('Ctrl Pts',(35.4337585598621,10.8328169153127,-2.60230175634423));
#7215=CARTESIAN_POINT('Ctrl Pts',(35.5471813375658,10.7877775538831,-2.54120848996164));
#7216=CARTESIAN_POINT('Ctrl Pts',(35.611414683316,10.775,-2.51913990187678));
#7217=CARTESIAN_POINT('Ctrl Pts',(35.675,10.775,-2.50839202169004));
#7218=CARTESIAN_POINT('',(35.775,7.975,-2.5));
#7219=CARTESIAN_POINT('Ctrl Pts',(35.675,7.975,-2.50839202169004));
#7220=CARTESIAN_POINT('Ctrl Pts',(35.611414683316,7.975,-2.51913990187678));
#7221=CARTESIAN_POINT('Ctrl Pts',(35.5471813375658,7.96222244611692,-2.54120848996164));
#7222=CARTESIAN_POINT('Ctrl Pts',(35.4337585598621,7.9171830846873,-2.60230175634423));
#7223=CARTESIAN_POINT('Ctrl Pts',(35.3844356260074,7.88510072503709,-2.6412106150458));
#7224=CARTESIAN_POINT('Ctrl Pts',(35.289239830372,7.80190202383717,-2.73858369199644));
#7225=CARTESIAN_POINT('Ctrl Pts',(35.2450504699522,7.74009602330556,-2.80799240829927));
#7226=CARTESIAN_POINT('Ctrl Pts',(35.1879097526928,7.60869972234464,-2.9535761423193));
#7227=CARTESIAN_POINT('Ctrl Pts',(35.175,7.53911150454434,-3.02976936553094));
#7228=CARTESIAN_POINT('Ctrl Pts',(35.175,7.475,-3.1));
#7229=CARTESIAN_POINT('Origin',(39.375,7.975,-2.5));
#7230=CARTESIAN_POINT('',(39.375,7.975,-2.5));
#7231=CARTESIAN_POINT('Origin',(39.375,7.975,-1.9));
#7232=CARTESIAN_POINT('',(39.975,7.975,-1.9));
#7233=CARTESIAN_POINT('Origin',(39.975,7.975,1.9));
#7234=CARTESIAN_POINT('',(39.975,7.975,1.9));
#7235=CARTESIAN_POINT('Origin',(39.375,7.975,1.9));
#7236=CARTESIAN_POINT('',(39.375,7.975,2.5));
#7237=CARTESIAN_POINT('Origin',(35.775,7.975,2.5));
#7238=CARTESIAN_POINT('',(35.775,7.975,2.5));
#7239=CARTESIAN_POINT('Origin',(35.775,7.975,3.1));
#7240=CARTESIAN_POINT('Ctrl Pts',(35.675,10.775,2.50839202169004));
#7241=CARTESIAN_POINT('Ctrl Pts',(35.611414683316,10.775,2.51913990187679));
#7242=CARTESIAN_POINT('Ctrl Pts',(35.5471813375658,10.7877775538831,2.54120848996164));
#7243=CARTESIAN_POINT('Ctrl Pts',(35.4337585598621,10.8328169153127,2.60230175634423));
#7244=CARTESIAN_POINT('Ctrl Pts',(35.3844356260074,10.8648992749629,2.6412106150458));
#7245=CARTESIAN_POINT('Ctrl Pts',(35.289239830372,10.9480979761628,2.73858369199644));
#7246=CARTESIAN_POINT('Ctrl Pts',(35.2450504699522,11.0099039766944,2.80799240829927));
#7247=CARTESIAN_POINT('Ctrl Pts',(35.1879097526928,11.1413002776554,2.9535761423193));
#7248=CARTESIAN_POINT('Ctrl Pts',(35.175,11.2108884954557,3.02976936553094));
#7249=CARTESIAN_POINT('Ctrl Pts',(35.175,11.275,3.1));
#7250=CARTESIAN_POINT('Ctrl Pts',(35.175,7.475,3.1));
#7251=CARTESIAN_POINT('Ctrl Pts',(35.175,7.53911150454434,3.02976936553094));
#7252=CARTESIAN_POINT('Ctrl Pts',(35.1879097526928,7.60869972234464,2.9535761423193));
#7253=CARTESIAN_POINT('Ctrl Pts',(35.2450504699522,7.74009602330556,2.80799240829927));
#7254=CARTESIAN_POINT('Ctrl Pts',(35.289239830372,7.80190202383717,2.73858369199644));
#7255=CARTESIAN_POINT('Ctrl Pts',(35.3844356260074,7.88510072503709,2.6412106150458));
#7256=CARTESIAN_POINT('Ctrl Pts',(35.4337585598621,7.9171830846873,2.60230175634423));
#7257=CARTESIAN_POINT('Ctrl Pts',(35.5471813375658,7.96222244611692,2.54120848996164));
#7258=CARTESIAN_POINT('Ctrl Pts',(35.611414683316,7.975,2.51913990187678));
#7259=CARTESIAN_POINT('Ctrl Pts',(35.675,7.975,2.50839202169004));
#7260=CARTESIAN_POINT('Origin',(35.675,7.475,-3.1));
#7261=CARTESIAN_POINT('Origin',(35.675,11.275,6.7));
#7262=CARTESIAN_POINT('Origin',(12.765,-1.77,0.));
#7263=CARTESIAN_POINT('Origin',(0.,0.7,0.));
#7264=CARTESIAN_POINT('Origin',(0.,0.7,0.));
#7265=CARTESIAN_POINT('Origin',(0.,0.7,0.));
#7266=CARTESIAN_POINT('Origin',(0.,0.7,0.));
#7267=CARTESIAN_POINT('Origin',(0.,0.7,0.));
#7268=CARTESIAN_POINT('Origin',(0.,0.7,0.));
#7269=CARTESIAN_POINT('Origin',(0.,-0.3,0.));
#7270=CARTESIAN_POINT('Origin',(-9.79102540378444,1.5,2.5));
#7271=CARTESIAN_POINT('',(-8.95179491924311,0.0464101615137756,-2.3));
#7272=CARTESIAN_POINT('',(-8.95179491924311,0.0464101615137756,2.3));
#7273=CARTESIAN_POINT('',(-8.95179491924311,0.0464101615137756,2.5));
#7274=CARTESIAN_POINT('',(-9.79102540378444,1.5,2.3));
#7275=CARTESIAN_POINT('',(-9.79102540378444,1.5,-2.3));
#7276=CARTESIAN_POINT('Origin',(-8.925,0.,2.5));
#7277=CARTESIAN_POINT('',(-8.925,-0.0535898384862247,-2.3));
#7278=CARTESIAN_POINT('',(-8.925,-1.57,-2.3));
#7279=CARTESIAN_POINT('',(-8.925,0.,-2.3));
#7280=CARTESIAN_POINT('',(-8.925,-1.57,2.3));
#7281=CARTESIAN_POINT('',(-8.925,-1.57,2.5));
#7282=CARTESIAN_POINT('',(-8.925,-0.0535898384862247,2.3));
#7283=CARTESIAN_POINT('',(-8.925,0.,2.3));
#7284=CARTESIAN_POINT('',(-8.925,-0.0535898384862247,-2.5));
#7285=CARTESIAN_POINT('Origin',(-8.925,-1.77,2.5));
#7286=CARTESIAN_POINT('',(-6.625,-1.77,2.3));
#7287=CARTESIAN_POINT('',(-8.725,-1.77,2.3));
#7288=CARTESIAN_POINT('',(-8.925,-1.77,2.3));
#7289=CARTESIAN_POINT('',(-8.725,-1.77,-2.3));
#7290=CARTESIAN_POINT('',(-8.725,-1.77,2.5));
#7291=CARTESIAN_POINT('',(-6.625,-1.77,-2.3));
#7292=CARTESIAN_POINT('',(-8.925,-1.77,-2.3));
#7293=CARTESIAN_POINT('',(-6.625,-1.77,2.5));
#7294=CARTESIAN_POINT('Origin',(-6.425,-1.77,2.5));
#7295=CARTESIAN_POINT('',(-6.425,-1.57,2.3));
#7296=CARTESIAN_POINT('',(-6.425,-1.57,-2.3));
#7297=CARTESIAN_POINT('',(-6.425,-1.57,2.5));
#7298=CARTESIAN_POINT('',(-6.425,-1.77,-2.3));
#7299=CARTESIAN_POINT('',(-6.425,-1.77,2.3));
#7300=CARTESIAN_POINT('Origin',(0.,0.,2.5));
#7301=CARTESIAN_POINT('',(-8.77858983848622,0.146410161513776,2.5));
#7302=CARTESIAN_POINT('',(-8.75179491924311,0.100000000000001,2.5));
#7303=CARTESIAN_POINT('',(-8.725,-0.0535898384862247,2.5));
#7304=CARTESIAN_POINT('Origin',(-9.125,-0.0535898384862247,2.5));
#7305=CARTESIAN_POINT('',(-8.725,-1.57,2.5));
#7306=CARTESIAN_POINT('',(-8.725,-1.77,2.5));
#7307=CARTESIAN_POINT('',(-6.625,-1.57,2.5));
#7308=CARTESIAN_POINT('',(-6.425,-1.57,2.5));
#7309=CARTESIAN_POINT('',(-6.625,1.5,2.5));
#7310=CARTESIAN_POINT('Origin',(0.,0.,-2.5));
#7311=CARTESIAN_POINT('',(-8.77858983848622,0.146410161513776,-2.5));
#7312=CARTESIAN_POINT('',(-8.725,-0.0535898384862247,-2.5));
#7313=CARTESIAN_POINT('Origin',(-9.125,-0.0535898384862247,-2.5));
#7314=CARTESIAN_POINT('',(-6.5205449192431,-3.76463836438806,-2.5));
#7315=CARTESIAN_POINT('',(-6.625,-1.57,-2.5));
#7316=CARTESIAN_POINT('',(-6.625,0.,-2.5));
#7317=CARTESIAN_POINT('',(-8.725,-1.57,-2.5));
#7318=CARTESIAN_POINT('',(0.,-1.57,-2.5));
#7319=CARTESIAN_POINT('',(-8.725,0.,-2.5));
#7320=CARTESIAN_POINT('Origin',(-6.425,22.02,2.5));
#7321=CARTESIAN_POINT('',(-6.425,21.82,-2.3));
#7322=CARTESIAN_POINT('',(-6.425,21.82,2.3));
#7323=CARTESIAN_POINT('',(-6.425,21.82,2.5));
#7324=CARTESIAN_POINT('',(-6.425,22.02,2.3));
#7325=CARTESIAN_POINT('',(-6.425,22.02,-2.3));
#7326=CARTESIAN_POINT('Origin',(-8.925,22.02,2.5));
#7327=CARTESIAN_POINT('',(-8.725,22.02,2.3));
#7328=CARTESIAN_POINT('',(-6.625,22.02,2.3));
#7329=CARTESIAN_POINT('',(-8.925,22.02,2.3));
#7330=CARTESIAN_POINT('',(-6.625,22.02,-2.3));
#7331=CARTESIAN_POINT('',(-6.625,22.02,2.5));
#7332=CARTESIAN_POINT('',(-8.725,22.02,-2.3));
#7333=CARTESIAN_POINT('',(-8.925,22.02,-2.3));
#7334=CARTESIAN_POINT('',(-8.725,22.02,2.5));
#7335=CARTESIAN_POINT('Origin',(-8.925,20.25,2.5));
#7336=CARTESIAN_POINT('',(-8.925,20.3035898384862,-2.3));
#7337=CARTESIAN_POINT('',(-8.925,20.3035898384862,2.3));
#7338=CARTESIAN_POINT('',(-8.925,20.3035898384862,2.5));
#7339=CARTESIAN_POINT('',(-8.925,21.82,2.3));
#7340=CARTESIAN_POINT('',(-8.925,20.25,2.3));
#7341=CARTESIAN_POINT('',(-8.925,21.82,-2.3));
#7342=CARTESIAN_POINT('',(-8.925,21.82,2.5));
#7343=CARTESIAN_POINT('',(-8.925,20.25,-2.3));
#7344=CARTESIAN_POINT('Origin',(-9.79102540378444,18.75,2.5));
#7345=CARTESIAN_POINT('',(-8.95179491924311,20.2035898384862,2.3));
#7346=CARTESIAN_POINT('',(-8.95179491924311,20.2035898384862,-2.3));
#7347=CARTESIAN_POINT('',(-8.95179491924311,20.2035898384862,-2.5));
#7348=CARTESIAN_POINT('',(-9.79102540378444,18.75,-2.3));
#7349=CARTESIAN_POINT('',(-9.79102540378444,18.75,2.3));
#7350=CARTESIAN_POINT('Origin',(0.,0.,2.5));
#7351=CARTESIAN_POINT('',(-8.77858983848622,20.1035898384862,2.5));
#7352=CARTESIAN_POINT('',(-8.725,20.3035898384862,2.5));
#7353=CARTESIAN_POINT('Origin',(-9.125,20.3035898384862,2.5));
#7354=CARTESIAN_POINT('',(-15.2890521325606,8.82713836438808,2.5));
#7355=CARTESIAN_POINT('',(-6.625,21.82,2.5));
#7356=CARTESIAN_POINT('',(-6.625,0.,2.5));
#7357=CARTESIAN_POINT('',(-8.725,21.82,2.5));
#7358=CARTESIAN_POINT('',(0.,21.82,2.5));
#7359=CARTESIAN_POINT('',(-8.725,0.,2.5));
#7360=CARTESIAN_POINT('Origin',(0.,0.,-2.5));
#7361=CARTESIAN_POINT('',(-8.725,21.82,-2.5));
#7362=CARTESIAN_POINT('',(-6.625,21.82,-2.5));
#7363=CARTESIAN_POINT('',(-6.425,21.82,-2.5));
#7364=CARTESIAN_POINT('',(-6.625,18.75,-2.5));
#7365=CARTESIAN_POINT('',(-8.77858983848622,20.1035898384862,-2.5));
#7366=CARTESIAN_POINT('',(-8.75179491924311,20.15,-2.5));
#7367=CARTESIAN_POINT('',(-8.725,20.3035898384862,-2.5));
#7368=CARTESIAN_POINT('Origin',(-9.125,20.3035898384862,-2.5));
#7369=CARTESIAN_POINT('',(-8.725,22.02,-2.5));
#7370=CARTESIAN_POINT('Origin',(-6.625,-1.77,-2.3));
#7371=CARTESIAN_POINT('Origin',(-6.625,-1.57,-2.3));
#7372=CARTESIAN_POINT('Origin',(-6.625,-1.57,-2.3));
#7373=CARTESIAN_POINT('Origin',(-6.625,-1.57,-2.3));
#7374=CARTESIAN_POINT('Origin',(-6.625,-1.57,-2.3));
#7375=CARTESIAN_POINT('Origin',(-6.625,0.,2.3));
#7376=CARTESIAN_POINT('Origin',(-6.625,-1.57,2.3));
#7377=CARTESIAN_POINT('Origin',(-6.625,-1.57,2.5));
#7378=CARTESIAN_POINT('Origin',(-6.625,-1.57,2.3));
#7379=CARTESIAN_POINT('Origin',(-8.925,-1.57,-2.3));
#7380=CARTESIAN_POINT('Origin',(-8.725,-1.57,-2.3));
#7381=CARTESIAN_POINT('Origin',(-6.625,-1.57,2.3));
#7382=CARTESIAN_POINT('Origin',(-6.625,-1.57,2.3));
#7383=CARTESIAN_POINT('Origin',(-8.725,-1.57,-2.3));
#7384=CARTESIAN_POINT('Origin',(-8.725,-1.57,-2.3));
#7385=CARTESIAN_POINT('Origin',(-8.725,-1.57,-2.3));
#7386=CARTESIAN_POINT('Origin',(0.,-1.57,2.3));
#7387=CARTESIAN_POINT('Origin',(-8.725,-1.57,2.3));
#7388=CARTESIAN_POINT('Origin',(-8.725,-1.57,2.5));
#7389=CARTESIAN_POINT('Origin',(-8.725,-1.57,2.3));
#7390=CARTESIAN_POINT('Origin',(-8.725,0.,-2.3));
#7391=CARTESIAN_POINT('Origin',(-8.725,-0.0535898384862247,-2.3));
#7392=CARTESIAN_POINT('Origin',(-9.61782032302755,1.6,-2.3));
#7393=CARTESIAN_POINT('Origin',(-8.77858983848622,0.146410161513776,-2.3));
#7394=CARTESIAN_POINT('Origin',(-8.725,-1.57,2.3));
#7395=CARTESIAN_POINT('Origin',(-8.725,-1.57,2.3));
#7396=CARTESIAN_POINT('Origin',(-9.125,-0.0535898384862247,-2.3));
#7397=CARTESIAN_POINT('Origin',(-9.125,-0.0535898384862247,-2.3));
#7398=CARTESIAN_POINT('Origin',(-8.725,0.,2.3));
#7399=CARTESIAN_POINT('Origin',(-8.725,-0.0535898384862247,2.3));
#7400=CARTESIAN_POINT('Origin',(-9.125,-0.0535898384862247,2.5));
#7401=CARTESIAN_POINT('Origin',(-9.125,-0.0535898384862247,2.3));
#7402=CARTESIAN_POINT('Origin',(-9.125,-0.0535898384862247,2.3));
#7403=CARTESIAN_POINT('Origin',(-8.77858983848622,0.146410161513776,2.3));
#7404=CARTESIAN_POINT('Origin',(-6.5205449192431,-3.76463836438806,2.3));
#7405=CARTESIAN_POINT('Origin',(-15.2890521325606,8.82713836438808,2.3));
#7406=CARTESIAN_POINT('Origin',(-8.77858983848622,20.1035898384862,2.3));
#7407=CARTESIAN_POINT('Origin',(-9.125,20.3035898384862,2.5));
#7408=CARTESIAN_POINT('Origin',(-9.125,20.3035898384862,-2.3));
#7409=CARTESIAN_POINT('Origin',(-9.125,20.3035898384862,2.3));
#7410=CARTESIAN_POINT('Origin',(-9.61782032302755,18.65,-2.3));
#7411=CARTESIAN_POINT('Origin',(-8.77858983848622,20.1035898384862,-2.3));
#7412=CARTESIAN_POINT('Origin',(-9.125,20.3035898384862,2.3));
#7413=CARTESIAN_POINT('Origin',(-8.725,20.3035898384862,2.3));
#7414=CARTESIAN_POINT('Origin',(-9.125,20.3035898384862,-2.3));
#7415=CARTESIAN_POINT('Origin',(-8.725,20.3035898384862,-2.3));
#7416=CARTESIAN_POINT('Origin',(-8.725,0.,2.3));
#7417=CARTESIAN_POINT('Origin',(-8.725,21.82,2.3));
#7418=CARTESIAN_POINT('Origin',(-8.725,21.82,2.5));
#7419=CARTESIAN_POINT('Origin',(-8.725,21.82,-2.3));
#7420=CARTESIAN_POINT('Origin',(-8.725,21.82,2.3));
#7421=CARTESIAN_POINT('Origin',(-8.725,20.25,-2.3));
#7422=CARTESIAN_POINT('Origin',(-8.725,21.82,-2.3));
#7423=CARTESIAN_POINT('Origin',(-8.725,21.82,2.3));
#7424=CARTESIAN_POINT('Origin',(-8.725,21.82,2.3));
#7425=CARTESIAN_POINT('Origin',(-8.725,21.82,-2.3));
#7426=CARTESIAN_POINT('Origin',(-8.725,21.82,-2.3));
#7427=CARTESIAN_POINT('Origin',(-6.625,0.,2.3));
#7428=CARTESIAN_POINT('Origin',(-6.625,21.82,2.3));
#7429=CARTESIAN_POINT('Origin',(0.,21.82,2.3));
#7430=CARTESIAN_POINT('Origin',(-6.625,21.82,2.3));
#7431=CARTESIAN_POINT('Origin',(-8.925,21.82,-2.3));
#7432=CARTESIAN_POINT('Origin',(-6.625,21.82,-2.3));
#7433=CARTESIAN_POINT('Origin',(-6.625,22.02,-2.3));
#7434=CARTESIAN_POINT('Origin',(-6.625,21.82,-2.3));
#7435=CARTESIAN_POINT('Origin',(-6.625,21.82,2.3));
#7436=CARTESIAN_POINT('Origin',(-6.625,21.82,2.3));
#7437=CARTESIAN_POINT('Origin',(-6.625,21.82,-2.3));
#7438=CARTESIAN_POINT('Origin',(-6.625,21.82,-2.3));
#7439=CARTESIAN_POINT('Origin',(-6.625,21.82,2.5));
#7440=CARTESIAN_POINT('Origin',(23.765,0.2,0.));
#7441=CARTESIAN_POINT('Origin',(-16.025,28.8,3.5));
#7442=CARTESIAN_POINT('',(-16.025,18.55,2.5));
#7443=CARTESIAN_POINT('',(-16.025,28.8,2.5));
#7444=CARTESIAN_POINT('',(-16.025,18.55,4.5));
#7445=CARTESIAN_POINT('Origin',(-16.025,18.55,3.5));
#7446=CARTESIAN_POINT('',(-16.025,28.8,4.5));
#7447=CARTESIAN_POINT('Origin',(-17.325,28.8,2.5));
#7448=CARTESIAN_POINT('',(-17.325,18.55,2.5));
#7449=CARTESIAN_POINT('',(-17.325,28.8,2.5));
#7450=CARTESIAN_POINT('',(-17.325,18.55,2.5));
#7451=CARTESIAN_POINT('Origin',(-17.325,28.8,3.5));
#7452=CARTESIAN_POINT('',(-17.325,18.55,4.5));
#7453=CARTESIAN_POINT('',(-17.325,28.8,4.5));
#7454=CARTESIAN_POINT('Origin',(-17.325,18.55,3.5));
#7455=CARTESIAN_POINT('Origin',(-16.025,28.8,4.5));
#7456=CARTESIAN_POINT('',(-16.025,18.55,4.5));
#7457=CARTESIAN_POINT('Origin',(-16.025,18.55,3.5));
#7458=CARTESIAN_POINT('Origin',(-16.025,28.8,-3.5));
#7459=CARTESIAN_POINT('',(-16.025,18.55,-4.5));
#7460=CARTESIAN_POINT('',(-16.025,28.8,-4.5));
#7461=CARTESIAN_POINT('',(-16.025,18.55,-2.5));
#7462=CARTESIAN_POINT('Origin',(-16.025,18.55,-3.5));
#7463=CARTESIAN_POINT('',(-16.025,28.8,-2.5));
#7464=CARTESIAN_POINT('Origin',(-17.325,28.8,-4.5));
#7465=CARTESIAN_POINT('',(-17.325,18.55,-4.5));
#7466=CARTESIAN_POINT('',(-17.325,28.8,-4.5));
#7467=CARTESIAN_POINT('',(-17.325,18.55,-4.5));
#7468=CARTESIAN_POINT('Origin',(-17.325,28.8,-3.5));
#7469=CARTESIAN_POINT('',(-17.325,18.55,-2.5));
#7470=CARTESIAN_POINT('',(-17.325,28.8,-2.5));
#7471=CARTESIAN_POINT('Origin',(-17.325,18.55,-3.5));
#7472=CARTESIAN_POINT('Origin',(-16.025,28.8,-2.5));
#7473=CARTESIAN_POINT('',(-16.025,18.55,-2.5));
#7474=CARTESIAN_POINT('Origin',(-16.025,18.55,-3.5));
#7475=CARTESIAN_POINT('Origin',(32.675,18.55,8.5));
#7476=CARTESIAN_POINT('Origin',(32.675,18.55,-8.5));
#7477=CARTESIAN_POINT('Origin',(-26.625,6.44215130586775,-5.2));
#7478=CARTESIAN_POINT('',(-25.125,18.55,-5.2));
#7479=CARTESIAN_POINT('',(-26.625,18.55,-5.2));
#7480=CARTESIAN_POINT('',(-25.125,6.44215130586775,-5.2));
#7481=CARTESIAN_POINT('Origin',(-25.125,6.44215130586775,-5.2));
#7482=CARTESIAN_POINT('',(-25.125,18.55,-3.5));
#7483=CARTESIAN_POINT('',(-25.125,18.55,-5.2));
#7484=CARTESIAN_POINT('',(-25.125,6.44215130586775,-3.5));
#7485=CARTESIAN_POINT('Origin',(-25.125,6.44215130586775,-3.5));
#7486=CARTESIAN_POINT('',(-20.425,18.55,-3.5));
#7487=CARTESIAN_POINT('',(-25.125,18.55,-3.5));
#7488=CARTESIAN_POINT('',(-20.425,6.44215130586775,-3.5));
#7489=CARTESIAN_POINT('Origin',(-20.425,6.44215130586775,-3.5));
#7490=CARTESIAN_POINT('',(-20.425,18.55,3.5));
#7491=CARTESIAN_POINT('',(-20.425,18.55,-3.5));
#7492=CARTESIAN_POINT('',(-20.425,6.44215130586775,3.5));
#7493=CARTESIAN_POINT('Origin',(-25.125,6.44215130586775,3.5));
#7494=CARTESIAN_POINT('',(-25.125,18.55,3.5));
#7495=CARTESIAN_POINT('',(-25.125,18.55,3.5));
#7496=CARTESIAN_POINT('',(-25.125,6.44215130586775,3.5));
#7497=CARTESIAN_POINT('Origin',(-25.125,6.44215130586775,5.2));
#7498=CARTESIAN_POINT('',(-25.125,18.55,5.2));
#7499=CARTESIAN_POINT('',(-25.125,18.55,5.2));
#7500=CARTESIAN_POINT('',(-25.125,6.44215130586775,5.2));
#7501=CARTESIAN_POINT('Origin',(-26.625,6.44215130586775,5.2));
#7502=CARTESIAN_POINT('',(-26.625,18.55,5.2));
#7503=CARTESIAN_POINT('Origin',(-26.625,6.44215130586775,3.2));
#7504=CARTESIAN_POINT('',(-20.725,18.55,3.2));
#7505=CARTESIAN_POINT('',(-26.625,18.55,3.2));
#7506=CARTESIAN_POINT('',(-20.725,6.44215130586775,3.2));
#7507=CARTESIAN_POINT('Origin',(-20.725,6.44215130586775,3.2));
#7508=CARTESIAN_POINT('',(-20.725,18.55,-3.2));
#7509=CARTESIAN_POINT('',(-20.725,18.55,3.2));
#7510=CARTESIAN_POINT('',(-20.725,6.44215130586775,-3.2));
#7511=CARTESIAN_POINT('Origin',(-26.625,6.44215130586775,-3.2));
#7512=CARTESIAN_POINT('',(-26.625,18.55,-3.2));
#7513=CARTESIAN_POINT('Origin',(-16.025,18.55,-3.5));
#7514=CARTESIAN_POINT('Origin',(-29.125,20.9,5.));
#7515=CARTESIAN_POINT('',(-29.125,20.9,-5.));
#7516=CARTESIAN_POINT('',(-29.125,20.9,-5.));
#7517=CARTESIAN_POINT('',(-29.125,20.9,5.));
#7518=CARTESIAN_POINT('',(-29.125,20.9,5.));
#7519=CARTESIAN_POINT('',(-29.125,20.9,5.));
#7520=CARTESIAN_POINT('Origin',(-33.125,20.9,5.));
#7521=CARTESIAN_POINT('',(-33.125,20.9,5.));
#7522=CARTESIAN_POINT('',(-33.125,20.9,5.));
#7523=CARTESIAN_POINT('',(-33.125,20.9,5.));
#7524=CARTESIAN_POINT('Origin',(-33.125,20.9,5.));
#7525=CARTESIAN_POINT('',(-33.125,20.9,-5.));
#7526=CARTESIAN_POINT('',(-33.125,20.9,5.));
#7527=CARTESIAN_POINT('',(-33.125,20.9,-5.));
#7528=CARTESIAN_POINT('Origin',(-33.125,20.9,-5.));
#7529=CARTESIAN_POINT('',(-33.125,20.9,-5.));
#7530=CARTESIAN_POINT('Origin',(0.,20.9,0.));
#7531=CARTESIAN_POINT('Origin',(0.57500000000001,18.35,9.8));
#7532=CARTESIAN_POINT('Origin',(0.575000000000008,18.35,-9.8));
#7533=CARTESIAN_POINT('Origin',(-0.824999999999992,0.300000000000002,10.9));
#7534=CARTESIAN_POINT('Origin',(30.675,0.300000000000002,10.9));
#7535=CARTESIAN_POINT('Origin',(30.675,0.300000000000002,6.7));
#7536=CARTESIAN_POINT('Origin',(34.875,0.300000000000002,6.7));
#7537=CARTESIAN_POINT('Origin',(34.875,0.300000000000002,6.7));
#7538=CARTESIAN_POINT('Origin',(34.875,0.300000000000002,-6.7));
#7539=CARTESIAN_POINT('Origin',(30.675,0.300000000000002,-6.7));
#7540=CARTESIAN_POINT('Origin',(30.675,0.300000000000002,-10.9));
#7541=CARTESIAN_POINT('Origin',(-0.824999999999992,0.300000000000002,-10.9));
#7542=CARTESIAN_POINT('Origin',(30.675,18.45,10.9));
#7543=CARTESIAN_POINT('Origin',(30.675,18.45,10.9));
#7544=CARTESIAN_POINT('Origin',(30.675,18.45,6.7));
#7545=CARTESIAN_POINT('Origin',(34.875,18.45,6.7));
#7546=CARTESIAN_POINT('Origin',(34.875,18.45,-6.7));
#7547=CARTESIAN_POINT('Origin',(34.875,18.45,-6.7));
#7548=CARTESIAN_POINT('Origin',(30.675,18.45,-6.7));
#7549=CARTESIAN_POINT('Origin',(30.675,18.45,-10.9));
#7550=CARTESIAN_POINT('Origin',(30.675,18.45,-10.9));
#7551=CARTESIAN_POINT('Origin',(1.57500000000001,0.5,6.2));
#7552=CARTESIAN_POINT('',(1.57500000000001,0.2,7.8));
#7553=CARTESIAN_POINT('Origin',(1.57500000000001,0.2,6.2));
#7554=CARTESIAN_POINT('',(1.57500000000001,0.5,8.1));
#7555=CARTESIAN_POINT('Origin',(1.57500000000001,0.5,7.8));
#7556=CARTESIAN_POINT('',(1.57500000000001,0.5,4.3));
#7557=CARTESIAN_POINT('Origin',(1.57500000000001,0.5,6.2));
#7558=CARTESIAN_POINT('Origin',(1.57500000000001,0.5,6.2));
#7559=CARTESIAN_POINT('Origin',(1.57500000000001,0.2,6.2));
#7560=CARTESIAN_POINT('',(1.57500000000001,0.7,4.3));
#7561=CARTESIAN_POINT('Origin',(1.57500000000001,0.7,6.2));
#7562=CARTESIAN_POINT('',(1.57500000000001,0.2,4.3));
#7563=CARTESIAN_POINT('Origin',(0.,0.2,0.));
#7564=CARTESIAN_POINT('',(0.200000000000007,0.2,5.9));
#7565=CARTESIAN_POINT('',(0.200000000000007,0.2,6.5));
#7566=CARTESIAN_POINT('',(0.200000000000007,0.2,5.9));
#7567=CARTESIAN_POINT('',(1.27500000000001,0.2,6.5));
#7568=CARTESIAN_POINT('',(0.200000000000007,0.2,6.5));
#7569=CARTESIAN_POINT('',(1.27500000000001,0.2,7.575));
#7570=CARTESIAN_POINT('',(1.27500000000001,0.2,6.5));
#7571=CARTESIAN_POINT('',(1.87500000000001,0.2,7.575));
#7572=CARTESIAN_POINT('',(1.27500000000001,0.2,7.575));
#7573=CARTESIAN_POINT('',(1.87500000000001,0.2,6.5));
#7574=CARTESIAN_POINT('',(1.87500000000001,0.2,6.5));
#7575=CARTESIAN_POINT('',(2.95000000000001,0.2,6.5));
#7576=CARTESIAN_POINT('',(1.87500000000001,0.2,6.5));
#7577=CARTESIAN_POINT('',(2.95000000000001,0.2,5.9));
#7578=CARTESIAN_POINT('',(2.95000000000001,0.2,5.9));
#7579=CARTESIAN_POINT('',(1.87500000000001,0.2,5.9));
#7580=CARTESIAN_POINT('',(1.87500000000001,0.2,5.9));
#7581=CARTESIAN_POINT('',(1.87500000000001,0.2,4.825));
#7582=CARTESIAN_POINT('',(1.87500000000001,0.2,4.825));
#7583=CARTESIAN_POINT('',(1.27500000000001,0.2,4.825));
#7584=CARTESIAN_POINT('',(1.27500000000001,0.2,4.825));
#7585=CARTESIAN_POINT('',(1.27500000000001,0.2,5.9));
#7586=CARTESIAN_POINT('',(1.27500000000001,0.2,4.825));
#7587=CARTESIAN_POINT('',(0.200000000000007,0.2,5.9));
#7588=CARTESIAN_POINT('Origin',(0.,0.7,0.));
#7589=CARTESIAN_POINT('Origin',(0.200000000000007,0.6,6.5));
#7590=CARTESIAN_POINT('',(0.200000000000007,0.6,6.5));
#7591=CARTESIAN_POINT('',(0.200000000000007,0.6,6.5));
#7592=CARTESIAN_POINT('',(1.27500000000001,0.6,6.5));
#7593=CARTESIAN_POINT('',(0.200000000000007,0.6,6.5));
#7594=CARTESIAN_POINT('',(1.27500000000001,0.6,6.5));
#7595=CARTESIAN_POINT('Origin',(1.27500000000001,0.6,6.5));
#7596=CARTESIAN_POINT('',(1.27500000000001,0.6,7.575));
#7597=CARTESIAN_POINT('',(1.27500000000001,0.6,6.5));
#7598=CARTESIAN_POINT('',(1.27500000000001,0.6,7.575));
#7599=CARTESIAN_POINT('Origin',(1.27500000000001,0.6,7.575));
#7600=CARTESIAN_POINT('',(1.87500000000001,0.6,7.575));
#7601=CARTESIAN_POINT('',(1.27500000000001,0.6,7.575));
#7602=CARTESIAN_POINT('',(1.87500000000001,0.6,7.575));
#7603=CARTESIAN_POINT('Origin',(1.87500000000001,0.6,6.5));
#7604=CARTESIAN_POINT('',(1.87500000000001,0.6,6.5));
#7605=CARTESIAN_POINT('',(1.87500000000001,0.6,6.5));
#7606=CARTESIAN_POINT('',(1.87500000000001,0.6,6.5));
#7607=CARTESIAN_POINT('Origin',(1.87500000000001,0.6,6.5));
#7608=CARTESIAN_POINT('',(2.95000000000001,0.6,6.5));
#7609=CARTESIAN_POINT('',(1.87500000000001,0.6,6.5));
#7610=CARTESIAN_POINT('',(2.95000000000001,0.6,6.5));
#7611=CARTESIAN_POINT('Origin',(2.95000000000001,0.6,5.9));
#7612=CARTESIAN_POINT('',(2.95000000000001,0.6,5.9));
#7613=CARTESIAN_POINT('',(2.95000000000001,0.6,5.9));
#7614=CARTESIAN_POINT('',(2.95000000000001,0.6,5.9));
#7615=CARTESIAN_POINT('Origin',(1.87500000000001,0.6,5.9));
#7616=CARTESIAN_POINT('',(1.87500000000001,0.6,5.9));
#7617=CARTESIAN_POINT('',(1.87500000000001,0.6,5.9));
#7618=CARTESIAN_POINT('',(1.87500000000001,0.6,5.9));
#7619=CARTESIAN_POINT('Origin',(1.87500000000001,0.6,4.825));
#7620=CARTESIAN_POINT('',(1.87500000000001,0.6,4.825));
#7621=CARTESIAN_POINT('',(1.87500000000001,0.6,4.825));
#7622=CARTESIAN_POINT('',(1.87500000000001,0.6,4.825));
#7623=CARTESIAN_POINT('Origin',(1.27500000000001,0.6,4.825));
#7624=CARTESIAN_POINT('',(1.27500000000001,0.6,4.825));
#7625=CARTESIAN_POINT('',(1.27500000000001,0.6,4.825));
#7626=CARTESIAN_POINT('',(1.27500000000001,0.6,4.825));
#7627=CARTESIAN_POINT('Origin',(1.27500000000001,0.6,4.825));
#7628=CARTESIAN_POINT('',(1.27500000000001,0.6,5.9));
#7629=CARTESIAN_POINT('',(1.27500000000001,0.6,4.825));
#7630=CARTESIAN_POINT('',(1.27500000000001,0.6,5.9));
#7631=CARTESIAN_POINT('Origin',(0.200000000000007,0.6,5.9));
#7632=CARTESIAN_POINT('',(0.200000000000007,0.6,5.9));
#7633=CARTESIAN_POINT('',(0.200000000000007,0.6,5.9));
#7634=CARTESIAN_POINT('',(0.200000000000007,0.6,5.9));
#7635=CARTESIAN_POINT('Origin',(0.200000000000007,0.6,5.9));
#7636=CARTESIAN_POINT('',(0.200000000000007,0.6,5.9));
#7637=CARTESIAN_POINT('Origin',(0.,0.6,0.));
#7638=CARTESIAN_POINT('Origin',(1.57500000000001,0.5,-6.2));
#7639=CARTESIAN_POINT('',(1.57500000000001,0.2,-7.8));
#7640=CARTESIAN_POINT('Origin',(1.57500000000001,0.2,-6.2));
#7641=CARTESIAN_POINT('',(1.57500000000001,0.5,-8.1));
#7642=CARTESIAN_POINT('Origin',(1.57500000000001,0.5,-7.8));
#7643=CARTESIAN_POINT('',(1.57500000000001,0.5,-4.3));
#7644=CARTESIAN_POINT('Origin',(1.57500000000001,0.5,-6.2));
#7645=CARTESIAN_POINT('Origin',(1.57500000000001,0.5,-6.2));
#7646=CARTESIAN_POINT('Origin',(1.57500000000001,0.2,-6.2));
#7647=CARTESIAN_POINT('',(1.57500000000001,0.7,-4.3));
#7648=CARTESIAN_POINT('Origin',(1.57500000000001,0.7,-6.2));
#7649=CARTESIAN_POINT('',(1.57500000000001,0.2,-4.3));
#7650=CARTESIAN_POINT('Origin',(0.,0.2,0.));
#7651=CARTESIAN_POINT('',(0.200000000000007,0.2,-5.9));
#7652=CARTESIAN_POINT('',(0.200000000000007,0.2,-6.5));
#7653=CARTESIAN_POINT('',(0.200000000000007,0.2,-5.9));
#7654=CARTESIAN_POINT('',(1.27500000000001,0.2,-5.9));
#7655=CARTESIAN_POINT('',(0.200000000000007,0.2,-5.9));
#7656=CARTESIAN_POINT('',(1.27500000000001,0.2,-4.825));
#7657=CARTESIAN_POINT('',(1.27500000000001,0.2,-4.825));
#7658=CARTESIAN_POINT('',(1.87500000000001,0.2,-4.825));
#7659=CARTESIAN_POINT('',(1.27500000000001,0.2,-4.825));
#7660=CARTESIAN_POINT('',(1.87500000000001,0.2,-5.9));
#7661=CARTESIAN_POINT('',(1.87500000000001,0.2,-4.825));
#7662=CARTESIAN_POINT('',(2.95000000000001,0.2,-5.9));
#7663=CARTESIAN_POINT('',(1.87500000000001,0.2,-5.9));
#7664=CARTESIAN_POINT('',(2.95000000000001,0.2,-6.5));
#7665=CARTESIAN_POINT('',(2.95000000000001,0.2,-5.9));
#7666=CARTESIAN_POINT('',(1.87500000000001,0.2,-6.5));
#7667=CARTESIAN_POINT('',(1.87500000000001,0.2,-6.5));
#7668=CARTESIAN_POINT('',(1.87500000000001,0.2,-7.575));
#7669=CARTESIAN_POINT('',(1.87500000000001,0.2,-6.5));
#7670=CARTESIAN_POINT('',(1.27500000000001,0.2,-7.575));
#7671=CARTESIAN_POINT('',(1.27500000000001,0.2,-7.575));
#7672=CARTESIAN_POINT('',(1.27500000000001,0.2,-6.5));
#7673=CARTESIAN_POINT('',(1.27500000000001,0.2,-6.5));
#7674=CARTESIAN_POINT('',(0.200000000000007,0.2,-6.5));
#7675=CARTESIAN_POINT('Origin',(0.,0.7,0.));
#7676=CARTESIAN_POINT('Origin',(0.200000000000007,0.6,-6.5));
#7677=CARTESIAN_POINT('',(1.27500000000001,0.6,-6.5));
#7678=CARTESIAN_POINT('',(1.27500000000001,0.6,-6.5));
#7679=CARTESIAN_POINT('',(0.200000000000007,0.6,-6.5));
#7680=CARTESIAN_POINT('',(0.200000000000007,0.6,-6.5));
#7681=CARTESIAN_POINT('',(0.200000000000007,0.6,-6.5));
#7682=CARTESIAN_POINT('Origin',(1.27500000000001,0.6,-6.5));
#7683=CARTESIAN_POINT('',(1.27500000000001,0.6,-7.575));
#7684=CARTESIAN_POINT('',(1.27500000000001,0.6,-7.575));
#7685=CARTESIAN_POINT('',(1.27500000000001,0.6,-6.5));
#7686=CARTESIAN_POINT('Origin',(1.27500000000001,0.6,-7.575));
#7687=CARTESIAN_POINT('',(1.87500000000001,0.6,-7.575));
#7688=CARTESIAN_POINT('',(1.87500000000001,0.6,-7.575));
#7689=CARTESIAN_POINT('',(1.27500000000001,0.6,-7.575));
#7690=CARTESIAN_POINT('Origin',(1.87500000000001,0.6,-6.5));
#7691=CARTESIAN_POINT('',(1.87500000000001,0.6,-6.5));
#7692=CARTESIAN_POINT('',(1.87500000000001,0.6,-6.5));
#7693=CARTESIAN_POINT('',(1.87500000000001,0.6,-6.5));
#7694=CARTESIAN_POINT('Origin',(1.87500000000001,0.6,-6.5));
#7695=CARTESIAN_POINT('',(2.95000000000001,0.6,-6.5));
#7696=CARTESIAN_POINT('',(2.95000000000001,0.6,-6.5));
#7697=CARTESIAN_POINT('',(1.87500000000001,0.6,-6.5));
#7698=CARTESIAN_POINT('Origin',(2.95000000000001,0.6,-5.9));
#7699=CARTESIAN_POINT('',(2.95000000000001,0.6,-5.9));
#7700=CARTESIAN_POINT('',(2.95000000000001,0.6,-5.9));
#7701=CARTESIAN_POINT('',(2.95000000000001,0.6,-5.9));
#7702=CARTESIAN_POINT('Origin',(1.87500000000001,0.6,-5.9));
#7703=CARTESIAN_POINT('',(1.87500000000001,0.6,-5.9));
#7704=CARTESIAN_POINT('',(1.87500000000001,0.6,-5.9));
#7705=CARTESIAN_POINT('',(1.87500000000001,0.6,-5.9));
#7706=CARTESIAN_POINT('Origin',(1.87500000000001,0.6,-4.825));
#7707=CARTESIAN_POINT('',(1.87500000000001,0.6,-4.825));
#7708=CARTESIAN_POINT('',(1.87500000000001,0.6,-4.825));
#7709=CARTESIAN_POINT('',(1.87500000000001,0.6,-4.825));
#7710=CARTESIAN_POINT('Origin',(1.27500000000001,0.6,-4.825));
#7711=CARTESIAN_POINT('',(1.27500000000001,0.6,-4.825));
#7712=CARTESIAN_POINT('',(1.27500000000001,0.6,-4.825));
#7713=CARTESIAN_POINT('',(1.27500000000001,0.6,-4.825));
#7714=CARTESIAN_POINT('Origin',(1.27500000000001,0.6,-4.825));
#7715=CARTESIAN_POINT('',(1.27500000000001,0.6,-5.9));
#7716=CARTESIAN_POINT('',(1.27500000000001,0.6,-5.9));
#7717=CARTESIAN_POINT('',(1.27500000000001,0.6,-4.825));
#7718=CARTESIAN_POINT('Origin',(0.200000000000007,0.6,-5.9));
#7719=CARTESIAN_POINT('',(0.200000000000007,0.6,-5.9));
#7720=CARTESIAN_POINT('',(0.200000000000007,0.6,-5.9));
#7721=CARTESIAN_POINT('',(0.200000000000007,0.6,-5.9));
#7722=CARTESIAN_POINT('Origin',(0.200000000000007,0.6,-5.9));
#7723=CARTESIAN_POINT('',(0.200000000000007,0.6,-5.9));
#7724=CARTESIAN_POINT('Origin',(0.,0.6,0.));
#7725=UNCERTAINTY_MEASURE_WITH_UNIT(LENGTH_MEASURE(0.01),#7729,
'DISTANCE_ACCURACY_VALUE',
'Maximum model space distance between geometric entities at asserted c
onnectivities');
#7726=UNCERTAINTY_MEASURE_WITH_UNIT(LENGTH_MEASURE(0.01),#7729,
'DISTANCE_ACCURACY_VALUE',
'Maximum model space distance between geometric entities at asserted c
onnectivities');
#7727=(
GEOMETRIC_REPRESENTATION_CONTEXT(3)
GLOBAL_UNCERTAINTY_ASSIGNED_CONTEXT((#7725))
GLOBAL_UNIT_ASSIGNED_CONTEXT((#7729,#7731,#7732))
REPRESENTATION_CONTEXT('','3D')
);
#7728=(
GEOMETRIC_REPRESENTATION_CONTEXT(3)
GLOBAL_UNCERTAINTY_ASSIGNED_CONTEXT((#7726))
GLOBAL_UNIT_ASSIGNED_CONTEXT((#7729,#7731,#7732))
REPRESENTATION_CONTEXT('','3D')
);
#7729=(
LENGTH_UNIT()
NAMED_UNIT(*)
SI_UNIT(.MILLI.,.METRE.)
);
#7730=(
LENGTH_UNIT()
NAMED_UNIT(*)
SI_UNIT($,.METRE.)
);
#7731=(
NAMED_UNIT(*)
PLANE_ANGLE_UNIT()
SI_UNIT($,.RADIAN.)
);
#7732=(
NAMED_UNIT(*)
SI_UNIT($,.STERADIAN.)
SOLID_ANGLE_UNIT()
);
#7733=SHAPE_DEFINITION_REPRESENTATION(#7734,#7735);
#7734=PRODUCT_DEFINITION_SHAPE('',$,#7737);
#7735=SHAPE_REPRESENTATION('',(#4568),#7727);
#7736=PRODUCT_DEFINITION_CONTEXT('part definition',#7741,'design');
#7737=PRODUCT_DEFINITION('ROB-16413','ROB-16413 - blue motor v1',#7738,
#7736);
#7738=PRODUCT_DEFINITION_FORMATION('',$,#7743);
#7739=PRODUCT_RELATED_PRODUCT_CATEGORY('ROB-16413 - blue motor v1',
'ROB-16413 - blue motor v1',(#7743));
#7740=APPLICATION_PROTOCOL_DEFINITION('international standard',
'automotive_design',2009,#7741);
#7741=APPLICATION_CONTEXT(
'Core Data for Automotive Mechanical Design Process');
#7742=PRODUCT_CONTEXT('part definition',#7741,'mechanical');
#7743=PRODUCT('ROB-16413','ROB-16413 - blue motor v1','STEP AP214',(#7742));
#7744=PRESENTATION_STYLE_ASSIGNMENT((#7748));
#7745=PRESENTATION_STYLE_ASSIGNMENT((#7749));
#7746=PRESENTATION_STYLE_ASSIGNMENT((#7750));
#7747=PRESENTATION_STYLE_ASSIGNMENT((#7751));
#7748=SURFACE_STYLE_USAGE(.BOTH.,#7752);
#7749=SURFACE_STYLE_USAGE(.BOTH.,#7753);
#7750=SURFACE_STYLE_USAGE(.BOTH.,#7754);
#7751=SURFACE_STYLE_USAGE(.BOTH.,#7755);
#7752=SURFACE_SIDE_STYLE('',(#7756));
#7753=SURFACE_SIDE_STYLE('',(#7757));
#7754=SURFACE_SIDE_STYLE('',(#7758));
#7755=SURFACE_SIDE_STYLE('',(#7759));
#7756=SURFACE_STYLE_FILL_AREA(#7760);
#7757=SURFACE_STYLE_FILL_AREA(#7761);
#7758=SURFACE_STYLE_FILL_AREA(#7762);
#7759=SURFACE_STYLE_FILL_AREA(#7763);
#7760=FILL_AREA_STYLE('Steel - Satin',(#7764));
#7761=FILL_AREA_STYLE('Opaque(202,209,238)',(#7765));
#7762=FILL_AREA_STYLE('Opaque(255,255,255)',(#7766));
#7763=FILL_AREA_STYLE('Opaque(0,150,255)',(#7767));
#7764=FILL_AREA_STYLE_COLOUR('Steel - Satin',#7768);
#7765=FILL_AREA_STYLE_COLOUR('Opaque(202,209,238)',#7769);
#7766=FILL_AREA_STYLE_COLOUR('Opaque(255,255,255)',#7770);
#7767=FILL_AREA_STYLE_COLOUR('Opaque(0,150,255)',#7771);
#7768=COLOUR_RGB('Steel - Satin',0.627450980392157,0.627450980392157,0.627450980392157);
#7769=COLOUR_RGB('Opaque(202,209,238)',0.792156862745098,0.819607843137255,
0.933333333333333);
#7770=COLOUR_RGB('Opaque(255,255,255)',1.,1.,1.);
#7771=COLOUR_RGB('Opaque(0,150,255)',0.,0.588235294117647,1.);
ENDSEC;
END-ISO-10303-21;
